<?xml version="1.0" encoding="UTF-8"?>
<kml xmlns="http://www.opengis.net/kml/2.2" xmlns:gx="http://www.google.com/kml/ext/2.2" xmlns:kml="http://www.opengis.net/kml/2.2" xmlns:atom="http://www.w3.org/2005/Atom">
<Document>
	<name>track.kml</name>
	<open>1</open>
	<atom:link rel="app" href="https://www.google.com/earth/about/versions/#earth-pro" title="Google Earth Pro 7.3.6.10201"></atom:link>
	<Folder>
		<name>Tracks</name>
		<open>1</open>
		<Placemark>
			<name>track</name>
			<Style>
				<LineStyle>
					<color>ff0000ff</color>
					<width>4</width>
				</LineStyle>
			</Style>
			<MultiGeometry>
				<LineString>
					<coordinates>
						6.701892670243979,49.64807066135108,400.0000000000001 6.701891496777535,49.64808960445225,400.0000000000001 6.70189275406301,49.64809932745993,400.0000000000001 6.701907254755497,49.64812564663589,400.7999877929688 6.701912451535463,49.64814500883222,401.2000122070313 6.701945057138801,49.64818666689098,401.6000061035156 6.701953019946814,49.64822463691235,402.2000122070313 6.701958552002907,49.64824148453772,403.2000122070313 6.701961569488049,49.64824953116477,403.6000061035156 6.701964000239968,49.64828071184456,404.2000122070313 6.701972633600235,49.64829781092703,404.6000061035156 6.701988559216261,49.64833536185324,405.2000122070313 6.702010603621602,49.64835405349731,405.7999877929688 6.701995264738798,49.64837593026459,406.2000122070313 6.701986966654658,49.64838640764356,406.6000061035156 6.701985877007246,49.64839696884155,407 6.701970286667347,49.64841314591467,407 6.701938854530454,49.64842890389264,407 6.701931143179536,49.64843569323421,407.2000122070313 6.701912451535463,49.64845974929631,407.7999877929688 6.701904991641641,49.64846989139915,408 6.701899878680706,49.64847844094038,408 6.701888730749488,49.64849210344255,408.2000122070313 6.701861657202244,49.64852730743587,408.2000122070313 6.701838355511427,49.64853560552001,408.2000122070313 6.701790159568191,49.6485429815948,408.2000122070313 6.701737688854337,49.64854834601283,408.3999938964844 6.701723774895072,49.64855563826859,408.3999938964844 6.70171438716352,49.64856376871467,408.6000061035156 6.701703071594238,49.64857298880816,408.7999877929688 6.701688906177878,49.64857692830265,409 6.701661748811603,49.64858539402485,409.2000122070313 6.701618079096079,49.64859947562218,409.2000122070313 6.701558064669371,49.64862084947526,409.3999938964844 6.701544318348169,49.64865395799279,409.3999938964844 6.7015116289258,49.64867130853236,409.6000061035156 6.701491009443998,49.6486896649003,409.6000061035156 6.701453374698758,49.6486965380609,409.7999877929688 6.701439125463367,49.64870114810765,409.7999877929688 6.701424457132816,49.64870257303119,410 6.701347008347511,49.64872176758945,410 6.70133812353015,49.64873526245356,410 6.701328316703439,49.64874557219446,410.2000122070313 6.701317252591252,49.64876325801015,410.2000122070313 6.701298644766212,49.6487847995013,410.3999938964844 6.701223626732826,49.64883601292968,410.6000061035156 6.701211472973228,49.64884623885155,410.6000061035156 6.701202336698771,49.64885755442083,410.3999938964844 6.701177610084415,49.64888177812099,410.6000061035156 6.701162690296769,49.64890725910664,410.6000061035156 6.701146680861712,49.64893533848226,410.6000061035156 6.701127737760544,49.64894162490964,410.6000061035156 6.701118601486087,49.64895109646022,410.6000061035156 6.701064370572567,49.64897464960814,410.6000061035156 6.701056240126491,49.6489869710058,410.6000061035156 6.70103226788342,49.64901991188526,410.6000061035156 6.701016342267394,49.64902703650296,410.6000061035156 6.700956327840686,49.64907699264586,410.6000061035156 6.700962362810969,49.64908126741648,410.7999877929688 6.700999578461051,49.64910767041147,410.7999877929688 6.701001254841685,49.6491162199527,411.2000122070313 6.701011145487428,49.64912292547524,411.3999938964844 6.701035033911467,49.64914639480412,411.6000061035156 6.701036458835006,49.64914907701313,411.7999877929688 6.701088342815638,49.64918293990195,412.3999938964844 6.701115667819977,49.64917422272265,411.7999877929688 6.701141567900777,49.64916961267591,412 6.701162187382579,49.64917506091297,412.6000061035156 6.701169228181243,49.6491836104542,412.7999877929688 6.701178532093763,49.64919836260378,413.3999938964844 6.701190937310457,49.64920129626989,413.6000061035156 6.701206946745515,49.64920087717474,414 6.701248520985246,49.64919584803283,414.7999877929688 6.701265955343843,49.64919249527156,415 6.701290095224977,49.64918805286288,415.2000122070313 6.701316498219967,49.64918721467257,415.2000122070313 6.701356898993254,49.64920515194535,415.6000061035156 6.701368885114789,49.64920883998275,416.2000122070313 6.701378524303436,49.6492129471153,416.3999938964844 6.701393024995923,49.6492269448936,417 6.701397635042667,49.64924119412899,417.2000122070313 6.701383301988244,49.64927991852164,417.3999938964844 6.701360335573554,49.64929492212832,417.6000061035156 6.70134399086237,49.649299364537,417.6000061035156 6.701311552897096,49.64931076392531,417.7999877929688 6.701254220679402,49.64934890158474,418.2000122070313 6.701240390539169,49.64936474338174,418.6000061035156 6.701217507943511,49.64938703924417,419.2000122070313 6.701210048049688,49.64939340949059,419.3999938964844 6.701195044443011,49.64941067621112,419.6000061035156 6.701177274808288,49.64942056685686,420 6.701182052493095,49.6494201477617,420 6.701184399425983,49.64942718856037,420 6.701184483245015,49.64942744001746,419.7999877929688 6.701187836006284,49.64942752383649,419.7999877929688 6.701192446053028,49.64943372644484,420 6.701192697510123,49.64943020604551,420 6.70119596645236,49.64942744001746,419.7999877929688 6.7012042645365,49.64941453188658,419.7999877929688 6.70120376162231,49.64942618273199,419.7999877929688 6.701197978109121,49.64943355880678,420 6.701201917603612,49.64941193349659,419.7999877929688 6.701201749965549,49.64941050857306,420 6.701201666146517,49.64940975420177,420 6.70120133087039,49.64940941892564,420 6.701199738308787,49.64940832927823,419.6000061035156 6.701199570670724,49.64940841309726,419.6000061035156 6.701199151575565,49.64940866455436,419.6000061035156 6.701207617297769,49.64940765872598,419.6000061035156 6.701231421902776,49.64939516969025,419.7999877929688 6.701269978657365,49.64936289936304,419.6000061035156 6.701278360560536,49.64935535565019,418.2000122070313 6.701285820454359,49.64935367926955,417.2000122070313 6.701299231499434,49.64935149997473,417.2000122070313 6.701372154057026,49.64934202842414,417.2000122070313 6.701457900926471,49.64931135065854,417.2000122070313 6.701493859291077,49.64934973977506,417.6000061035156 6.701551107689738,49.64937513694167,418 6.701568122953177,49.64937916025519,418.2000122070313 6.701581701636314,49.6493873745203,418.6000061035156 6.701644146814942,49.64940237812698,419.2000122070313 6.70165378600359,49.64941369369626,419.3999938964844 6.701662335544825,49.6494219917804,419.7999877929688 6.701672645285726,49.6494291163981,420 6.701685637235642,49.64943054132164,420.2000122070313 6.701696868985891,49.64942827820778,420.2000122070313 6.701701562851667,49.64942676946521,420.3999938964844 6.701706508174539,49.64943875558674,420.3999938964844 6.701717404648662,49.64945308864117,420.7999877929688 6.701716231182218,49.64945300482213,420.7999877929688 6.701711788773537,49.64945535175502,421 6.701707514002919,49.6494515798986,420.7999877929688 6.701702820137143,49.64944797568023,420.7999877929688 6.701699048280716,49.64944546110928,420.7999877929688 6.701699886471033,49.64944537729025,420.2000122070313 6.701696030795574,49.64944495819509,420.2000122070313 6.701697036623955,49.6494616381824,420.2000122070313 6.701691588386893,49.64947094209492,420.2000122070313 6.701680105179548,49.64947211556137,420.2000122070313 6.701679350808263,49.6494719479233,420.2000122070313 6.701676668599248,49.64947345666587,420.2000122070313 6.701674992218614,49.64947421103716,420.2000122070313 6.701682871207595,49.64947957545519,420.2000122070313 6.701692594215274,49.64948368258774,420.2000122070313 6.701692342758179,49.64948334731162,420.2000122070313 6.701691588386893,49.64947680942714,420.2000122070313 6.701689576730132,49.6494740433991,420.2000122070313 6.701689828187227,49.64947253465652,420.2000122070313 6.701691085472703,49.64947236701846,420.2000122070313 6.701693180948496,49.64947278611362,420.2000122070313 6.701692761853337,49.64947261847556,420.2000122070313 6.701696114614606,49.64947144500911,420.2000122070313 6.701698880642653,49.64946842752397,420.2000122070313 6.701727882027626,49.64946767315269,420.2000122070313 6.70173148624599,49.64947027154267,420.2000122070313 6.701730648055673,49.64947982691228,420.2000122070313 6.701734503731132,49.64948703534901,420.2000122070313 6.701739365234971,49.6494893822819,420.2000122070313 6.701743807643652,49.64949575252831,420.2000122070313 6.701750010251999,49.64950229041278,420.2000122070313 6.701753363013268,49.64951033703983,420.2000122070313 6.701770797371864,49.64952148497105,420.2000122070313 6.701820585876703,49.64953288435936,420.2000122070313 6.70185562223196,49.64953707531095,420.2000122070313 6.701879007741809,49.64953900314867,420.2000122070313 6.701918067410588,49.64953950606287,420.2000122070313 6.701949080452323,49.64954688213766,420.2000122070313 6.701975902542472,49.64955635368824,419.2000122070313 6.702039018273354,49.64958141557872,419.3999938964844 6.702069528400898,49.64958510361612,419.6000061035156 6.702103978022933,49.64958979748189,419.7999877929688 6.702184611931443,49.64960379526019,419.7999877929688 6.702206488698721,49.64960295706987,420 6.702239597216249,49.64960362762213,420.3999938964844 6.70226264744997,49.64959625154734,420.3999938964844 6.70230464078486,49.64959390461445,420.7999877929688 6.702336156740785,49.64959449134767,421 6.702379239723086,49.6496083214879,421.3999938964844 6.702432800084353,49.64960413053632,421.6000061035156 6.70244637876749,49.64959633536637,421.6000061035156 6.702450150623918,49.64958962984383,421.6000061035156 6.702468423172832,49.64959080331028,422.2000122070313 6.702483175322413,49.64959180913866,422.3999938964844 6.702493149787188,49.64959465898573,422.6000061035156 6.702505052089691,49.64960094541311,422.7999877929688 6.702517289668322,49.64961569756269,423 6.702534053474665,49.64963112026453,423.7999877929688 6.702551068738103,49.6496445313096,424 6.702621728181839,49.64965844526887,424.7999877929688 6.702635893598199,49.64966020546854,425 6.702647628262639,49.64966028928757,425 6.7027273401618,49.64966121129692,426 6.702740415930748,49.64966414496303,426.6000061035156 6.702764388173819,49.64967495761812,427 6.70283236540854,49.64967789128423,427.6000061035156 6.702904114499688,49.64968292042613,428 6.702945604920387,49.64968057349324,428.2000122070313 6.70296823605895,49.64968250133097,428.3999938964844 6.702998662367463,49.64969088323414,428.7999877929688 6.703055240213871,49.64970521628857,429 6.703061191365123,49.6497053001076,429 6.703074183315039,49.64970940724015,429.3999938964844 6.70313629321754,49.64974410831928,430.2000122070313 6.703162863850594,49.6497639734298,430.3999938964844 6.703170659020543,49.64977042749524,430.6000061035156 6.703198067843914,49.64979540556669,431 6.703215418383479,49.64980085380375,431.3999938964844 6.703256154432893,49.6498070564121,431.3999938964844 6.703298902139068,49.64980772696435,431.6000061035156 6.703316001221538,49.64981384575367,431.6000061035156 6.703328490257263,49.64981510303915,432 6.703414656221867,49.64982474222779,432.6000061035156 6.703446926549077,49.64984091930091,432.7999877929688 6.703477436676621,49.64985055848956,432.7999877929688 6.703500403091312,49.64985575526953,432.7999877929688 6.703539211302996,49.64986640028656,432.7999877929688 6.703555639833212,49.64986832812428,433 6.703585563227534,49.64987033978105,433.2000122070313 6.703616073355079,49.64987511746585,433.7999877929688 6.703639877960086,49.64987310580909,433.7999877929688 6.703694695606828,49.64987779967487,434.3999938964844 6.703739119693637,49.64989816769958,434.6000061035156 6.703754793852568,49.64990462176502,434.6000061035156 6.703806929290295,49.64991962537169,434.7999877929688 6.703814975917339,49.64992306195199,435 6.703857220709324,49.64994116686285,435.2000122070313 6.703914888203144,49.64995684102178,435.6000061035156 6.703955037519336,49.64998240582645,435.6000061035156 6.703994264826179,49.64999950490892,436 6.704009436070919,49.65000973083079,436 6.704061403870583,49.65005482546985,436.6000061035156 6.70408520847559,49.65006454847753,436.7999877929688 6.704111276194453,49.65007628314197,437.2000122070313 6.704127201810479,49.65007921680808,437.2000122070313 6.704140696674585,49.65008013881743,437.3999938964844 6.704183695837855,49.65008902363479,438 6.704191071912646,49.65009832754731,438 6.704199872910976,49.6501043625176,438.2000122070312 6.704211942851543,49.65010972693563,438.3999938964844 6.704255864024162,49.65011618100107,438.7999877929688 6.704293079674244,49.65012456290424,439 6.704308167099953,49.65013126842678,439.2000122070313 6.704337503761053,49.65013923123479,439.3999938964844 6.704376311972737,49.65016747824848,440.2000122070312 6.704387711361051,49.65017275884748,440.3999938964844 6.704416377469897,49.6502196136862,440.7999877929688 6.704453676939011,49.65023553930223,441.3999938964844 6.704477230086923,49.65024165809155,441.7999877929688 6.704510087147355,49.65025708079338,442.2000122070312 6.704554595053196,49.65026688762009,442.6000061035156 6.704569263383746,49.6502732578665,442.7999877929688 6.704629445448518,49.65029052458704,443.6000061035156 6.704642102122307,49.6502906922251,443.7999877929688 6.70467060059309,49.65029991231859,444 6.704713935032487,49.65032245963812,444.6000061035156 6.704725250601769,49.6503269020468,444.7999877929688 6.704744612798095,49.65034659951925,445.2000122070313 6.704768668860197,49.65036001056433,445.3999938964844 6.704817451536655,49.65038850903511,445.7999877929687 6.704838071018457,49.65040074661374,445.7999877929687 6.704856343567371,49.65040376409888,445.7999877929687 6.704877717420459,49.65040728449821,446 6.704912669956684,49.65041809715331,446.6000061035156 6.704922141507268,49.65042874217033,446.7999877929688 6.704928260296583,49.65043880045414,446.7999877929688 6.704935804009438,49.65044709853828,446.9999999999999 6.705019120126963,49.65046545490623,447.7999877929687 6.705046864226461,49.65047450736165,447.7999877929687 6.705056754872203,49.65048070997,447.7999877929687 6.705103861168027,49.65051474049687,448.9999999999999 6.70512305572629,49.6505306661129,449.2000122070313 6.705131437629461,49.65054114349186,449.2000122070313 6.70517292805016,49.6505703125149,450 6.705187009647489,49.65057567693293,450.2000122070312 6.705205701291561,49.65058665722609,450.3999938964843 6.705259848386049,49.65060736052692,450.7999877929688 6.705281725153327,49.65061741881073,451.2000122070313 6.705293795093894,49.65062278322875,451.3999938964844 6.705312067642808,49.65063753537834,452.2000122070312 6.705314917489886,49.65064357034862,452.3999938964843 6.705328328534961,49.65066578239202,452.7999877929688 6.705332854762673,49.65066947042942,452.7999877929688 6.705355988815427,49.65068757534027,453.3999938964844 6.705362945795059,49.65070425532758,453.6000061035156 6.705377278849483,49.65072294697165,453.6000061035156 6.705378452315927,49.65073652565479,453.3999938964844 6.705375434830785,49.65073954313993,453.3999938964844 6.705367555841804,49.65076318010688,453.2000122070313 6.705359760671854,49.65076569467783,453.2000122070313 6.705358419567347,49.65074993669987,452.7999877929688 6.705380715429783,49.65074582956731,452.7999877929688 6.705401670187712,49.6507378667593,453.3999938964844 6.705406699329615,49.65073686093092,453.3999938964844 6.705385325476527,49.65073728002608,453.3999938964844 6.705366214737296,49.65073836967349,453.2000122070313 6.70535858720541,49.65073769912124,451.3999938964844 6.705350372940302,49.65073862113059,450.7999877929688 6.705342158675194,49.65074004605412,450.7999877929688 6.705323131754994,49.65074574574828,450.2000122070312 6.705293292179704,49.65075781568885,448.7999877929688 6.70526915229857,49.65076611377299,448.6000061035156 6.705232858657837,49.65078606270254,448.3999938964843 6.705217435956001,49.65079419314861,448.6000061035156 6.705194134265184,49.65080425143242,448.6000061035156 6.705172257497907,49.65080768801272,448.6000061035156 6.705152560025454,49.65081288479269,448.6000061035156 6.705142334103584,49.65081615373492,448.6000061035156 6.705115428194404,49.65083249844611,448.7999877929688 6.705086259171367,49.65084498748183,449.2000122070313 6.705075781792402,49.65084741823375,449.3999938964844 6.705006547272205,49.65086979791522,449.6000061035156 6.704943347722292,49.65090625919402,449.7999877929687 6.704909820109606,49.65092453174293,450 6.704829353839159,49.65096836909652,450 6.704819463193417,49.65097851119936,449.2000122070313 6.704820217564702,49.65098211541772,449.3999938964844 6.70482013374567,49.65098261833191,449.3999938964844 6.704818289726973,49.6509815286845,449.3999938964844 6.704810913652182,49.65097658336163,449.3999938964844 6.704792641103268,49.6509899944067,449.3999938964844 6.704783337190747,49.65099829249084,449.3999938964844 6.704762382432818,49.65101664885879,449.3999938964844 6.704737320542336,49.65102955698967,449.3999938964844 6.704711671918631,49.65103919617832,449.3999938964844 6.704684179276228,49.65104958973825,449.6000061035156 6.704556941986084,49.65110499411821,449.3999938964844 6.70449030585587,49.65113659389317,449.2000122070313 6.704444708302617,49.65117238461971,448.9999999999999 6.704428112134337,49.65117925778031,448.7999877929688 6.704396512359381,49.65118822641671,448.6000061035156 6.704309843480587,49.65122980065644,448.2000122070312 6.704304898157716,49.65124170295894,448 6.704286122694612,49.65126735158265,447.7999877929687 6.704226862639189,49.65130968019366,447.6000061035156 6.704203141853213,49.65132334269583,447.3999938964844 6.704168440774083,49.65133373625576,447.2000122070313 6.704152096062899,49.65134127996862,446.9999999999999 6.704140529036522,49.65134563855827,446.7999877929688 6.704116389155388,49.65136969462037,446.6000061035156 6.704100798815489,49.65138897299767,446.2000122070312 6.704090824350715,49.65140707790852,445.7999877929687 6.70408034697175,49.65142099186778,445.3999938964844 6.704070959240198,49.65143130160868,445.3999938964844 6.704050004482269,49.65145577676594,445.2000122070313 6.70404028147459,49.65146918781102,445.2000122070313 6.704019913449884,49.65148595161736,445.2000122070313 6.704006502404809,49.65149542316794,445.2000122070313 6.703996947035193,49.65150263160467,445.2000122070313 6.703986302018166,49.6515082474798,444.9999999999999 6.703972639515996,49.65151553973556,444.9999999999999 6.703959228470922,49.65152434073389,444.6000061035156 6.703949924558401,49.65153221972287,444.6000061035156 6.703936262056232,49.65154571458697,444.3999938964843 6.703928550705314,49.65155225247145,444.6000061035156 6.703910445794463,49.65156943537295,444.6000061035156 6.703859232366085,49.65159910731018,444.3999938964843 6.703823776915669,49.65162618085742,443.7999877929688 6.70380131341517,49.65165258385241,443.6000061035156 6.703781364485622,49.65165752917528,443.6000061035156 6.703744065016508,49.65167295187712,443.6000061035156 6.703731324523687,49.6516824234277,443.3999938964844 6.703710118308663,49.65169055387378,443.2000122070313 6.703694695606828,49.65169575065374,442.9999999999999 6.703661335632205,49.65171134099364,442.9999999999999 6.703625880181789,49.65174034237862,442.9999999999999 6.703608613461256,49.6517548430711,442.7999877929688 6.70360878109932,49.65175836347044,442.7999877929688 6.703605176880956,49.65175995603204,442.6000061035156 6.703588077798486,49.65176733210683,442.6000061035156 6.703571900725365,49.6517897117883,442.7999877929688 6.703549604862928,49.65181569568813,442.7999877929688 6.703533511608839,49.65182709507644,442.7999877929688 6.703524542972446,49.65183916501701,442.7999877929688 6.70352135784924,49.65185291133821,442.7999877929688 6.703509790822864,49.65186338871717,442.7999877929688 6.703499313443899,49.65187151916325,442.7999877929688 6.703480537980795,49.65188895352185,442.9999999999999 6.703471150249243,49.6519001852721,443.2000122070313 6.703460337594152,49.65190982446074,443.3999938964844 6.703409962356091,49.65193052776158,443.3999938964844 6.703365202993155,49.6519641391933,442.9999999999999 6.703350618481636,49.65196799486876,442.9999999999999 6.703340224921703,49.6519776340574,442.7999877929688 6.703336369246244,49.6519810706377,442.7999877929688 6.703327903524041,49.65198551304638,442.7999877929688 6.703310301527381,49.65200487524271,442.6000061035156 6.703301416710019,49.65201434679329,442.6000061035156 6.703292448073626,49.65202138759196,442.3999938964843 6.703283730894327,49.6520278416574,442.3999938964843 6.703234780579805,49.65205642394722,442.2000122070312 6.70322279445827,49.65207318775356,442.2000122070312 6.703197062015533,49.65208986774087,442 6.703141573816538,49.65212121605873,441.6000061035156 6.703052977100015,49.65217511169612,441.2000122070313 6.703035710379481,49.65218131430447,441.2000122070313 6.703000087291002,49.65219304896891,440.9999999999999 6.702971505001187,49.65221341699362,440.7999877929688 6.702882321551442,49.65230821631849,440.6000061035156 6.702835466712713,49.65234962292016,440.6000061035156 6.702806884422898,49.65236756019294,440.6000061035156 6.702800849452615,49.65237074531615,440.6000061035156 6.702796071767807,49.65237133204937,440.6000061035156 6.702798334881663,49.6523714158684,440.6000061035156 6.702804621309042,49.65237250551581,440.6000061035156 6.702807806432247,49.65237376280129,440.6000061035156 6.702806800603867,49.6523764450103,440.6000061035156 6.702800346538425,49.65239362791181,440.6000061035156 6.702778553590179,49.65241407975554,440.7999877929688 6.702764723449945,49.6524234674871,440.6000061035156 6.70274930074811,49.65243545360863,440.2000122070312 6.70273270457983,49.65245842002332,440.2000122070312 6.702726501971483,49.65247040614486,440.2000122070312 6.702711917459965,49.65248348191381,440.2000122070312 6.702680150046945,49.65250577777624,440.3999938964844 6.702664559707046,49.6525167580694,440.3999938964844 6.702641844749451,49.65253888629377,440.2000122070312 6.702637318521738,49.65254869312048,440 6.702618878334761,49.65257056988776,439.7999877929688 6.702582333236933,49.65258825570345,439.3999938964844 6.702576717361808,49.65259412303567,439.3999938964844 6.702550482004881,49.652592362836,439 6.70251234434545,49.65258724987507,439 6.702502956613898,49.65258255600929,439 6.702497089281678,49.65257811360061,438.6000061035156 6.702497592195869,49.65257836505771,438.3999938964844 6.702529946342111,49.6525907702744,438.3999938964844 6.702539920806885,49.65259320102632,438.3999938964844 6.702556349337101,49.65259496122599,438.6000061035156 6.702567329630256,49.65260485187173,438.7999877929688 6.70258023776114,49.65263251215219,438.7999877929688 6.702603287994862,49.65263351798058,438.6000061035156 6.702568922191858,49.65261130593717,439 6.702539417892695,49.65262387879193,439 6.702547045424581,49.65263159014285,439 6.70255383476615,49.65264139696956,438.7999877929688 6.702554505318403,49.65263921767473,438.3999938964844 6.702558193355799,49.65264131315053,438.3999938964844 6.70256070792675,49.65264030732214,438.3999938964844 6.702563222497702,49.65264131315053,438.3999938964844 6.702564731240273,49.6526441629976,438.3999938964844 6.702558109536767,49.65265212580562,438.3999938964844 6.702545285224915,49.6526634413749,438.3999938964844 6.702542770653963,49.65266679413617,438.2000122070312 6.702530700713396,49.65267986990511,438.2000122070312 6.702518798410893,49.65269445441663,438.2000122070312 6.702454844489694,49.65274323709309,438 6.702438499778509,49.65277500450611,438.2000122070312 6.702417712658644,49.65278967283666,438.2000122070312 6.70240530744195,49.65279629454017,438.2000122070312 6.702393740415573,49.65280425734818,438.2000122070312 6.702297767624259,49.65283082798123,438.2000122070312 6.702272957190871,49.65284759178758,438.2000122070312 6.702246721833944,49.65287952683866,438.2000122070312 6.702235573902726,49.65288522653282,438 6.702217133715749,49.65290173888206,438 6.702208835631609,49.65292311273515,437.7999877929688 6.702214786782861,49.65293157845736,437.7999877929688 6.702223587781191,49.65293702669442,437.6000061035156 6.702239345759153,49.65294054709375,437.6000061035156 6.702260551974177,49.65295211412013,437.3999938964844 6.702260384336114,49.65295412577689,437.3999938964844 6.702263737097383,49.65296032838523,437.3999938964844 6.702265329658985,49.65296192094684,437.3999938964844 6.702275974676013,49.6529620885849,437.2000122070313 6.702278573065996,49.65296141803265,437.2000122070313 6.702274717390537,49.65296468697488,437.6000061035156 6.702284105122089,49.65296619571745,437.6000061035156 6.702282931655645,49.65296770446002,437.6000061035156 6.702281255275011,49.65296627953649,437.6000061035156 6.702264407649636,49.65296879410744,437.6000061035156 6.702263401821256,49.65296401642263,437.6000061035156 6.702216379344463,49.65295814909041,437.6000061035156 6.702209422364831,49.65296971611679,437.6000061035156 6.702203638851643,49.65299159288406,437.6000061035156 6.702180504798889,49.65301070362329,437.6000061035156 6.702167009934783,49.65302009135485,437.6000061035156 6.702161058783531,49.65303216129541,437.6000061035156 6.702169943600893,49.65305479243398,437.7999877929688 6.702185701578856,49.65305051766336,437.7999877929688 6.702186372131109,49.65304766781628,437.7999877929688 6.702186707407236,49.65304641053081,437.7999877929688 6.702192239463329,49.65304741635919,437.7999877929688 6.702210260555148,49.6530482545495,438 6.702233646064997,49.65305822901428,438 6.702241105958819,49.65306191705167,438.2000122070312 6.702266670763493,49.65307700447738,438 6.702306568622589,49.65309334918857,437.7999877929688 6.702382257208228,49.65311069972813,437.3999938964844 6.702450904995203,49.65313551016152,438.7999877929688 6.702529694885016,49.65316258370876,438.7999877929688 6.702551990747452,49.65316283516586,438.7999877929688 6.702590547502041,49.65318320319057,438.6000061035156 6.702621728181839,49.65321899391711,438.3999938964844 6.702621812000871,49.6532245259732,438.2000122070312 6.702616028487682,49.65323659591377,438 6.702595995739102,49.65325176715851,437.3999938964844 6.702586943283677,49.6532538626343,437.2000122070313 6.702572191134095,49.65323659591377,437 6.702563390135765,49.65324070304632,437 6.702554756775498,49.65322393923998,437.2000122070313 6.702593648806214,49.65321538969874,437.3999938964844 6.702638156712055,49.65323936194181,437 6.702633965760469,49.65325805358589,436.7999877929688 6.702610161155462,49.65327381156385,436.7999877929688 6.702576298266649,49.65328361839056,436.7999877929688 6.702564815059304,49.6533090993762,436.6000061035156 6.702554086223245,49.65331672690809,436.6000061035156 6.702538412064314,49.6533318143338,436.3999938964844 6.702539920806885,49.65334757231176,436.3999938964844 6.702538328245282,49.65335846878588,436.3999938964844 6.702527431771159,49.65337246656418,436.2000122070312 6.702502453699708,49.65338923037052,436 6.702488288283348,49.65340138413012,435.7999877929688 6.702474039047957,49.65340775437653,435.7999877929688 6.702457945793867,49.65342342853546,435.6000061035156 6.702434057369828,49.65345192700624,435.3999938964844 6.702427351847291,49.65346148237586,435.3999938964844 6.702397763729096,49.65350632555783,435 6.702384520322084,49.65351236052811,435 6.702367253601551,49.65352853760123,435 6.702353842556477,49.6535561978817,435.2000122070313 6.702344203367829,49.65356927365065,435 6.702338336035609,49.65358117595315,435.2000122070313 6.702329032123089,49.65359182097018,435 6.702323248609901,49.65359810739756,435 6.702320817857981,49.65360221453011,435 6.702311765402556,49.65361202135682,435 6.702289050444961,49.65363565832376,435 6.70227874070406,49.65363959781826,435 6.702264072373509,49.65364806354046,435 6.702261054888368,49.65365116484463,435 6.702248314395547,49.65367228724062,435.2000122070313 6.702228197827935,49.65368905104697,435.2000122070313 6.702205734327436,49.65370170772076,435.2000122070313 6.702197771519423,49.65370573103428,435.2000122070313 6.702187042683363,49.65371076017618,435.2000122070313 6.702173296362162,49.65371595695615,435.2000122070313 6.702149575576186,49.65372039936483,435.2000122070313 6.702137086540461,49.65374210849404,434.7999877929688 6.702115377411246,49.65375828556716,434.7999877929688 6.70209308154881,49.65378016233444,434.7999877929688 6.70207011513412,49.65380321256816,434.6000061035156 6.702062655240297,49.65381578542292,434.6000061035156 6.702046310529113,49.65387211181223,434.6000061035156 6.702043879777193,49.65387630276382,434.6000061035156 6.702030301094055,49.65388736687601,434.6000061035156 6.70202418230474,49.65391159057617,434.3999938964844 6.702019320800901,49.65391930192709,434.3999938964844 6.70201194472611,49.65392969548702,434.3999938964844 6.701989397406578,49.65395643375814,434.2000122070313 6.701977159827948,49.65396523475647,434 6.701934160664678,49.65400965884328,433.7999877929688 6.701933154836297,49.65401720255613,433.7999877929688 6.701896358281374,49.65405601076782,433.6000061035156 6.701888060197234,49.65406372211874,433.3999938964844 6.701857382431626,49.65409146621823,433.2000122070313 6.701840283349156,49.65410261414945,433.2000122070313 6.701830644160509,49.65411359444261,433.2000122070313 6.701781274750829,49.65415466576815,432.7999877929688 6.701777251437306,49.65416003018618,432.6000061035156 6.701763924211264,49.65416413731873,432.6000061035156 6.701755039393902,49.65416983701289,432.3999938964844 6.701750177890062,49.65417427942157,432.3999938964844 6.701737185940146,49.6541949827224,432.2000122070313 6.701723774895072,49.65420822612941,432.2000122070313 6.701681446284056,49.65426966547966,431.3999938964844 6.701672561466694,49.65428927913308,431.2000122070313 6.701674908399582,49.65430336073041,431.2000122070313 6.701675746589899,49.65433102101088,431 6.701677674427629,49.65433630160987,430.7999877929688 6.701684212312102,49.65436396189034,430.3999938964844 6.701700473204255,49.65437117032707,430.2000122070313 6.701710615307093,49.65438516810536,430.2000122070313 6.701731318607926,49.6544505469501,429.7999877929688 6.701749758794904,49.65453838929534,429.2000122070313 6.701746322214603,49.65460904873908,428.6000061035156 6.701763086020947,49.65466361492872,428.7999877929688 6.701771970838308,49.65467090718448,428.7999877929688 6.701770294457674,49.65468968264759,428.7999877929688 6.701772641390562,49.65471005067229,428.7999877929688 6.701782280579209,49.65472689829767,428.7999877929688 6.701816059648991,49.65476143173873,428.2000122070313 6.701825866475701,49.6547719091177,428 6.701833577826619,49.65478330850601,428 6.701840283349156,49.65479420498013,427.7999877929688 6.701855454593897,49.65481465682387,427.7999877929688 6.701868278905749,49.65482337400317,427.6000061035156 6.70189174823463,49.65487165376544,427.6000061035156 6.701916055753827,49.65488162823021,427.6000061035156 6.701930975541472,49.65489529073238,427.3999938964844 6.701951175928116,49.65491456910968,427.3999938964844 6.701962407678366,49.65495195239782,427.3999938964844 6.701970119029284,49.65496150776744,427.3999938964844 6.701992833986878,49.65499713085592,427.2000122070313 6.70200414955616,49.65502462349832,427.3999938964844 6.702020829543471,49.65504893101752,427.3999938964844 6.702020494267345,49.65506477281451,427.6000061035156 6.702035581693053,49.65509620495141,427.7999877929688 6.702050501480699,49.65511581860483,427.7999877929688 6.702056620270014,49.65512772090733,428 6.702074892818928,49.65515496209264,428.2000122070313 6.70208084397018,49.65516510419548,428.3999938964844 6.702109426259995,49.65519150719047,428.2000122070313 6.702125016599894,49.65520265512168,428.2000122070313 6.702146977186203,49.65522344224155,428.3999938964844 6.702152844518423,49.6552293933928,428.3999938964844 6.70216248370707,49.65524397790432,428.3999938964844 6.702170697972179,49.65525780804455,428.3999938964844 6.702179834246635,49.65526627376676,428.3999938964844 6.702194837853313,49.65528722852468,428.3999938964844 6.702204728499055,49.65529762208462,428.3999938964844 6.702236160635948,49.65531690046191,428.3999938964844 6.702267928048968,49.65534405782819,428.3999938964844 6.702274298295379,49.6553557086736,428.6000061035156 6.702306317165494,49.65538144111633,428.7999877929688 6.702376054599881,49.65545193292201,428.7999877929688 6.702390890568495,49.65546199120581,428.7999877929688 6.702413186430931,49.65547531843185,429.2000122070313 6.702446881681681,49.65551320463419,429.3999938964844 6.702480493113399,49.65554094873369,429.3999938964844 6.702498681843281,49.6555592212826,429.2000122070313 6.702548302710056,49.65562367811799,429.3999938964844 6.702557941898704,49.65562175028026,429.3999938964844 6.702585183084011,49.65563734062016,429.3999938964844 6.702613849192858,49.65566148050129,429 6.702643185853958,49.6556731313467,428.7999877929688 6.702706217765808,49.65570322237909,428.6000061035156 6.702747456729412,49.65572744607925,428.3999938964844 6.702759023755789,49.65573146939278,428.3999938964844 6.702843178063631,49.65576038695872,428.6000061035156 6.702876873314381,49.65576692484319,428.6000061035156 6.70291056856513,49.65577832423151,428.6000061035156 6.702992543578148,49.65581277385354,428.2000122070313 6.703035291284323,49.65583548881114,428.2000122070313 6.703094802796841,49.65585686266422,428.2000122070313 6.70316755771637,49.65588821098208,428.2000122070313 6.703251209110022,49.65591411106288,429 6.703262608498335,49.65592048130929,428.7999877929688 6.703299405053258,49.65594210661948,428.6000061035156 6.703313821926713,49.65594579465687,428.7999877929688 6.703346343711019,49.65595384128392,429 6.703399820253253,49.65596239082515,429.2000122070313 6.70351498760283,49.65598829090595,429.3999938964844 6.703532170504332,49.65600463561714,429.7999877929688 6.703571984544396,49.65602030977607,429.7999877929688 6.703614816069603,49.65603296644986,429.7999877929688 6.703649936243892,49.65604277327657,429.6000061035156 6.703694863244891,49.6560669131577,429.3999938964844 6.703754123300314,49.65609055012465,430.2000122070313 6.703791925683618,49.65609583072364,430.2000122070313 6.703873230144382,49.65612977743149,430 6.703905332833529,49.65614452958107,429.7999877929688 6.70391857624054,49.65615064837039,429.6000061035156 6.703954786062241,49.65616011992097,429.6000061035156 6.703972471877933,49.65616724453866,429.3999938964844 6.704015471041203,49.65618132613599,429.2000122070313 6.704031396657229,49.65618627145886,429 6.704054111614823,49.65619498863816,428.7999877929688 6.704084873199463,49.65620571747422,428.6000061035156 6.704103061929345,49.65621611103415,428.6000061035156 6.704168859869242,49.65625433251262,428.3999938964844 6.704184617847204,49.65626154094934,428.3999938964844 6.704216804355383,49.65628157369792,428.3999938964844 6.704268520697951,49.65630881488323,428.2000122070313 6.704288804903626,49.65631526894867,427.7999877929688 6.704353848472238,49.65633823536336,427.6000061035156 6.70438326895237,49.65634276159108,427.3999938964844 6.704400284215808,49.65634636580944,427.3999938964844 6.704449318349361,49.65636815875769,427.3999938964844 6.704465076327324,49.6563793066889,427.3999938964844 6.704492568969727,49.65639506466687,427.3999938964844 6.704511176794767,49.65639984235168,427.3999938964844 6.704526264220476,49.65640252456069,427.3999938964844 6.70456507243216,49.65641845017672,427.2000122070313 6.704594912007451,49.65643026866019,427 6.704609747976065,49.65643529780209,426.6000061035156 6.704645706340671,49.65645440854132,426.3999938964844 6.704708738252521,49.6564781293273,426 6.704730866476893,49.65649648569524,426 6.704742601141334,49.65650285594165,425.7999877929688 6.704788198694587,49.65651735663414,425.6000061035156 6.704811248928309,49.65652540326118,425.6000061035156 6.704869586974382,49.65653261169791,425.3999938964844 6.704912586137652,49.65654677711427,425 6.704928344115615,49.65654811821878,424.7999877929688 6.70495935715735,49.65654845349491,424.6000061035156 6.705006714910269,49.65659354813397,424.6000061035156 6.70503119006753,49.65662053786218,424.3999938964844 6.705039907246828,49.65663160197437,424.3999938964844 6.705055497586727,49.65666295029223,424.2000122070313 6.705083576962352,49.65671131387353,424.2000122070313 6.705128671601415,49.65679622255266,424.3999938964844 6.705195810645819,49.65684534050524,425 6.705203773453832,49.65685598552227,424.7999877929688 6.705209473147988,49.65686654672027,424.6000061035156 6.705229254439473,49.65689395554364,424.6000061035156 6.705235037952662,49.65690703131258,424.3999938964844 6.705239228904247,49.65692262165248,424.6000061035156 6.705242665484548,49.65693812817335,424.6000061035156 6.705245515331626,49.65696419589221,424.6000061035156 6.70525741763413,49.65699261054397,424.3999938964844 6.70528088696301,49.6570183429867,424.2000122070313 6.705385157838464,49.65709738433361,424.3999938964844 6.705462438985705,49.65714549645782,424.2000122070313 6.705490350723267,49.6571533754468,424 6.705554472282529,49.6571827121079,423.2000122070313 6.705601327121258,49.65720131993294,422.6000061035156 6.705614570528269,49.65720701962709,422.3999938964844 6.705623790621758,49.65721037238836,422.3999938964844 6.705649942159653,49.65721917338669,422 6.705685649067164,49.65723166242242,421.6000061035156 6.705704675987363,49.65723752975464,421.6000061035156 6.705753207206726,49.65725404210389,421 6.705764522776008,49.65725580230355,420.7999877929688 6.705782040953636,49.65725974179804,420.7999877929688 6.705795871093869,49.65726803988218,420.6000061035156 6.70582914724946,49.65728689916432,420.3999938964844 6.705867536365986,49.6573087759316,419.7999877929688 6.705882959067822,49.65731891803443,419.7999877929688 6.705901985988021,49.65732855722308,419.6000061035156 6.705945068970323,49.65736501850188,418.7999877929688 6.705968203023076,49.657381195575,418.6000061035156 6.705996366217732,49.65740910731256,418 6.70600307174027,49.65741799212992,417.3999938964844 6.706011286005378,49.65742654167116,417.2000122070313 6.706017572432756,49.65744087472558,417.2000122070313 6.706057051196694,49.65749418362975,417.3999938964844 6.706068366765976,49.65751128271222,417.3999938964844 6.706103319302201,49.65757724829018,417 6.706132404506207,49.65765260159969,416.7999877929688 6.706128716468811,49.65770113281906,416.3999938964844 6.706135673448443,49.65771521441638,416.3999938964844 6.706151682883501,49.65774530544877,416.2000122070313 6.706172218546271,49.65777690522373,416.2000122070313 6.706172972917557,49.65778562240303,416 6.706176241859794,49.65779710561037,416 6.706204572692514,49.65784605592489,415.7999877929688 6.706242375075817,49.65787069872022,415.6000061035156 6.706293504685164,49.657909758389,415.3999938964844 6.706303395330906,49.65792233124375,415.3999938964844 6.706324517726898,49.65795896016061,415 6.706353016197681,49.65798393823206,415 6.706360643729568,49.6579956728965,414.7999877929688 6.706366511061788,49.65801788493991,414.6000061035156 6.706384029239416,49.65804981999099,414.2000122070313 6.706411773338914,49.65807739645243,413.7999877929688 6.706430045887828,49.65812165290117,413.3999938964844 6.706425687298179,49.65814344584942,413.3999938964844 6.706407750025392,49.65818393044174,413.3999938964844 6.706384280696511,49.65821058489382,413.6000061035156 6.706339102238417,49.65825324878097,414.6000061035156 6.706287804991007,49.65829499065876,415 6.706283949315548,49.65830949135125,415 6.706278836354613,49.65832198038697,415.2000122070313 6.706278333440423,49.65833011083305,415.2000122070313 6.706310268491507,49.65835961513221,415.2000122070313 6.706343628466129,49.65837906114757,415 6.706389393657446,49.65840035118163,414.6000061035156 6.706446139141917,49.65843245387077,413.7999877929688 6.706482684239745,49.65844804421067,413.3999938964844 6.706498526036739,49.65845290571451,413.2000122070313 6.706548817455769,49.65848970226943,412.6000061035156 6.706573627889156,49.65851224958897,412.3999938964844 6.70660799369216,49.65854753740132,411.6000061035156 6.706652166321874,49.6585897821933,411 6.706683430820704,49.65861635282636,410.6000061035156 6.706696087494493,49.65862859040499,410.3999938964844 6.706709582358599,49.65864694677293,409.7999877929688 6.706717042252421,49.6586574241519,409.6000061035156 6.706757443025708,49.65868843719363,408.7999877929688 6.706767752766609,49.65869790874422,408.3999938964844 6.706793736666441,49.65871391817927,408 6.70684008859098,49.65874342247844,407.2000122070313 6.706866072490811,49.65876622125506,406.7999877929688 6.706875963136554,49.65877602808177,406.3999938964844 6.706883842125535,49.65878399088979,406 6.706960285082459,49.6588522195816,405.3999938964844 6.706989705562592,49.6588781196624,405 6.707030441612005,49.65890787541866,404 6.707042092457414,49.65891910716891,404 6.707051312550902,49.65892924927175,403.7999877929688 6.707076206803322,49.65894928202033,403.3999938964844 6.707113338634372,49.65898088179529,403 6.707126330584288,49.65899320319295,402.7999877929688 6.707143513485789,49.65900493785739,402.7999877929688 6.707157762721181,49.65901667252183,402.7999877929688 6.707217106595635,49.65906302444637,401.7999877929688 6.707230433821678,49.65907048434019,401.7999877929688 6.707256752997637,49.65908909216523,401.6000061035156 6.707313414663076,49.65913628228009,400.6000061035156 6.707331268116832,49.65915698558092,400.3999938964844 6.707361275330186,49.65919311158359,399.3999938964844 6.707388684153557,49.65921632945538,398.6000061035157 6.707433108240366,49.65924859978259,398.2000122070313 6.707441741600633,49.65925790369511,398.2000122070313 6.707460600882769,49.65927458368242,397.7999877929688 6.707469234243035,49.65928422287107,397.7999877929688 6.707492033019662,49.6593012381345,397.2000122070313 6.707524387165904,49.65931775048375,396.6000061035157 6.707557495683432,49.65934893116355,396.0000000000001 6.707569984719157,49.65936108492315,396.0000000000001 6.7075798753649,49.65936980210245,395.7999877929688 6.707593454048038,49.6593789383769,395.7999877929688 6.707601835951209,49.65938338078558,395.6000061035156 6.707607703283429,49.65939067304134,395.3999938964844 6.707616252824664,49.65940173715353,395 6.707666544243693,49.65944222174585,393.7999877929688 6.707677021622658,49.65945119038224,393.6000061035156 6.707684397697449,49.65945831499994,393.3999938964844 6.707725217565894,49.65948740020394,392.6000061035157 6.707734186202288,49.65949536301196,392.3999938964844 6.70775237493217,49.65950718149543,392.0000000000001 6.707768552005291,49.65952805243433,391.6000061035156 6.707784058526158,49.65953626669943,391.3999938964844 6.707801576703787,49.65954548679292,391.2000122070313 6.707844659686089,49.6595758292824,391 6.70786670409143,49.65959569439292,390.6000061035157 6.707866033539176,49.65959904715419,390.3999938964844 6.707891011610627,49.65962964110076,389.7999877929688 6.707923030480743,49.65966953895986,389.3999938964844 6.707938872277737,49.65969367884099,388.7999877929688 6.707950690761209,49.65973290614784,388 6.70795907266438,49.65974170714617,387.7999877929688 6.708015901967883,49.65979342348874,387.2000122070313 6.708021769300103,49.65980323031545,387 6.708030318841338,49.6598194912076,386.7999877929688 6.708057057112455,49.65983583591878,386.6000061035156 6.708077508956194,49.65985142625868,386.2000122070313 6.70808756724,49.65986332856119,385.6000061035156 6.708113802596927,49.65989383868873,384.7999877929688 6.708127968013287,49.65990113094449,384.6000061035156 6.708144061267376,49.65991001576185,384.3999938964844 6.708182031288743,49.65996022336185,383.7999877929688 6.708192592486739,49.65997262857854,383.6000061035156 6.708218744024634,49.65999165549874,383.3999938964844 6.708250008523464,49.66001948341727,383.2000122070313 6.708262078464031,49.66003557667136,383.2000122070313 6.708272472023964,49.66004655696452,383 6.708287475630641,49.66007187031209,382.7999877929688 6.708315135911107,49.66010958887637,382.2000122070313 6.708370372653008,49.66013674624264,381.7999877929688 6.708385711535811,49.66015443205833,381.2000122070313 6.708389315754175,49.66016055084765,381 6.708412701264024,49.66019516810775,380.6000061035156 6.708436086773872,49.66022391803563,380.3999938964844 6.70847162604332,49.66025652363896,380.2000122070313 6.70849559828639,49.66028016060591,380 6.70850389637053,49.66028787195683,379.7999877929688 6.708560809493065,49.66032475233078,379.2000122070313 6.708578243851662,49.66032668016851,378.7999877929688 6.708587547764182,49.66032357886434,378.7999877929688 6.708597522228956,49.6603237465024,378.6000061035156 6.708637084811926,49.66032441705465,378 6.708638425916433,49.660325339064,378 6.708638342097402,49.66032575815916,378 6.708637923002243,49.6603271830827,378 6.708638006821275,49.66032860800624,378.2000122070313 6.70864068903029,49.66032927855849,378.3999938964844 6.708641946315765,49.66032944619656,378.3999938964844 6.7086436226964,49.66033011674881,378.2000122070313 6.708644041791558,49.66033070348203,378.2000122070313 6.708657285198569,49.66033137403429,378 6.708671366795898,49.66032332740724,378 6.708671031519771,49.66032056137919,378 6.708669941872358,49.66031963936985,378 6.708671366795898,49.66031905263662,378 6.708669606596232,49.66031888499856,377.7999877929688 6.70867002569139,49.66031913645566,377.7999877929688 6.70867052860558,49.66031930409372,377.7999877929688 6.708672037348151,49.66031963936985,377.7999877929688 6.70867346227169,49.66032039374113,378 6.708674300462008,49.66032047756016,378 6.708675473928452,49.66032047756016,378 6.708666505292058,49.66032768599689,377.7999877929688 6.708665750920773,49.66032776981592,377.7999877929688 6.70866709202528,49.66032701544464,377.7999877929688 6.708676060661674,49.66032148338854,377.7999877929688 6.708665499463677,49.66032676398754,377.7999877929688 6.708664996549487,49.6603287756443,377.7999877929688 6.708680251613259,49.66033791191876,377.3999938964844 6.708685280755162,49.66034268960357,377.3999938964844 6.708694249391556,49.66036674566567,377.7999877929688 6.70869491994381,49.66038359329104,378 6.708698440343142,49.66039608232677,377.7999877929688 6.708698943257332,49.66039918363094,377.6000061035156 6.708695758134127,49.66039884835482,377.6000061035156 6.708696093410254,49.66039859689772,377.6000061035156 6.708684861660004,49.66039692051709,377.6000061035156 6.708678659051657,49.66041276231408,377.3999938964844 6.708675976842642,49.66041619889438,377.3999938964844 6.708680838346481,49.66042491607368,377.3999938964844 6.708697183057666,49.6604479663074,377.3999938964844 6.708700200542808,49.66046397574246,377.3999938964844 6.70871495269239,49.6604741178453,377.3999938964844 6.708726268261671,49.66047696769238,377.3999938964844 6.708732722327113,49.66048467904329,377.3999938964844 6.708744121715426,49.66049272567034,377.3999938964844 6.708767674863339,49.660515608266,377.3999938964844 6.708787037059665,49.66054385527968,377 6.708791311830282,49.66055005788803,376.6000061035156 6.708802208304405,49.66056782752275,376.2000122070313 6.708819810301065,49.66057126410306,376 6.708833388984203,49.66057344339788,375.6000061035156 6.708854343742132,49.66058199293911,375.2000122070313 6.708869598805904,49.66058685444295,375.2000122070313 6.708886697888374,49.660589620471,375 6.708896420896053,49.66059381142259,375 6.708899354562163,49.66059867292643,375 6.708903629332781,49.6606088988483,375 6.708958027884364,49.6606691647321,374.3999938964844 6.708970014005899,49.66067620553076,374 6.708976719528437,49.66067461296916,373.7999877929688 6.708977473899722,49.6606744453311,373.6000061035156 6.708985604345799,49.66068190522492,373.2000122070313 6.709006894379854,49.66067830100656,373.2000122070313 6.709005134180188,49.66067771427333,373.2000122070313 6.709005385637283,49.66067587025464,373.2000122070313 6.709018377587199,49.66068173758686,373 6.709024580195546,49.660690035671,373 6.709041092544794,49.6607122477144,372.6000061035156 6.70905165374279,49.66072264127433,372.3999938964844 6.70906481333077,49.66073160991073,372.2000122070313 6.709124660119414,49.66079422272742,371.2000122070313 6.709136227145791,49.66080327518284,371 6.709147626534104,49.66081174090505,370.7999877929688 6.709159528836608,49.66081970371306,370.6000061035156 6.709170090034604,49.6608298458159,370.3999938964844 6.709187692031264,49.66084811836481,370 6.709207389503717,49.66088030487299,369.6000061035156 6.709209233522415,49.66088776476681,369.3999938964844 6.709223818033934,49.66090125963092,369.3999938964844 6.709246365353465,49.6609194483608,369.3999938964844 6.709281988441944,49.66095188632607,369.3999938964844 6.709290873259306,49.66097828932106,369 6.709304451942444,49.66099404729903,368.7999877929688 6.709333788603544,49.66101592406631,368.6000061035156 6.709369998425245,49.66102824546397,368.3999938964844 6.709385924041271,49.66103461571038,368 6.709398329257965,49.66103939339519,367.3999938964844 6.709456164389849,49.66105506755412,366.7999877929688 6.709477622061968,49.66105531901121,366.6000061035156 6.709502348676324,49.66105540283024,366.2000122070313 6.709502851590514,49.66105858795345,365.2000122070313 6.7095363792032,49.66105892322958,365 6.709595555439591,49.66104861348867,364.7999877929688 6.709617516025901,49.6610455121845,364.7999877929688 6.709664119407535,49.6610420756042,364.6000061035156 6.709698988124728,49.66103537008166,364.2000122070313 6.709748022258282,49.66103905811906,364 6.709768557921052,49.66104106977582,364 6.709805354475975,49.66103629209101,363.6000061035156 6.709833685308695,49.66104609891772,363.2000122070313 6.709863524883986,49.66103411279619,363 6.709874337539077,49.66102690435946,362.7999877929688 6.709903925657272,49.6610180195421,362.6000061035156 6.709951451048255,49.66100159101188,361.7999877929688 6.709954719990492,49.66100485995412,361.6000061035156 6.709964694455266,49.66099857352674,361.3999938964844 6.709965281188488,49.66099798679352,361.2000122070313 6.709981961175799,49.66099974699318,361 6.70998346991837,49.66099790297449,361 6.709987325593829,49.66099647805095,360.7999877929688 6.709983972832561,49.66098717413843,360.6000061035156 6.709961341693997,49.66095046140254,360.3999938964844 6.70995756983757,49.66094895265996,360.3999938964844 6.709958575665951,49.66094895265996,360.3999938964844 6.709963353350759,49.66094962321222,360.3999938964844 6.70996829867363,49.66095230542123,360.6000061035156 6.709968550130725,49.6609522216022,360.7999877929688 6.709965448826551,49.6609540656209,360.7999877929688 6.709980117157102,49.66096957214177,360.7999877929688 6.710001574829221,49.66097535565495,360.7999877929688 6.710083298385143,49.66101039201021,360.7999877929688 6.710097212344408,49.66102824546397,360.6000061035156 6.710121519863606,49.66104065068066,360 6.710131159052253,49.66103905811906,359.7999877929688 6.710137026384473,49.66104643419385,359.3999938964844 6.710146246477962,49.66105364263058,359 6.710155047476292,49.66105515137315,359.2000122070313 6.71016912907362,49.66105976141989,359.2000122070313 6.710179187357426,49.66106470674276,359.2000122070313 6.710206428542733,49.66107334010303,358.6000061035156 6.710215061903,49.66107836924493,358.3999938964844 6.710233502089977,49.66108289547265,358.2000122070313 6.710247751325369,49.66108683496714,358.2000122070313 6.710299300029874,49.6610938757658,357.3999938964844 6.710315812379122,49.66109798289835,357.2000122070313 6.710328888148069,49.66109949164093,357 6.71033919788897,49.66110250912607,356.7999877929688 6.710369791835547,49.66111164540052,356.6000061035156 6.710443384945393,49.66111089102924,356.3999938964844 6.710473811253905,49.66111642308533,356 6.710489233955741,49.66111809946597,355.7999877929688 6.710532065480948,49.66111860238016,355.2000122070313 6.710557965561748,49.6611147467047,355 6.710593169555068,49.66112614609301,354.6000061035156 6.710639270022512,49.66114802286029,353.7999877929688 6.710709845647216,49.66116554103792,353 6.710724262520671,49.6611718274653,352.6000061035156 6.710799364373088,49.66120074503124,351.3999938964844 6.710812859237194,49.66120527125895,351.2000122070313 6.710834065452218,49.66121449135244,350.7999877929688 6.710898689925671,49.66125581413507,350 6.710961302742362,49.66129110194743,349 6.710979910567403,49.66131172142923,348.7999877929688 6.710996674373746,49.66132462956011,348 6.711011929437518,49.66133074834943,347.7999877929688 6.711038919165731,49.66135614551604,347.2000122070313 6.711059287190437,49.66136997565627,346.7999877929688 6.711069345474243,49.66137408278883,346.7999877929688 6.711102202534676,49.66138849966228,346.2000122070313 6.711116284132004,49.66139386408031,345.7999877929688 6.711123576387763,49.66140777803957,345.6000061035156 6.711137322708964,49.66141079552472,345.6000061035156 6.711173029616475,49.66141993179917,344.7999877929688 6.711188536137343,49.66142403893173,344.6000061035156 6.711198342964053,49.6614255476743,344.3999938964844 6.711231619119644,49.66143049299717,344 6.711252070963383,49.66143711470068,343.7999877929688 6.711277468129993,49.66148279607296,343.6000061035156 6.711286017671228,49.66149930842221,343.3999938964844 6.711310241371393,49.66151070781052,343 6.711337398737669,49.66151473112404,342.6000061035156 6.711358688771725,49.66151079162955,342.3999938964844 6.71140244230628,49.66152403503656,342 6.711459523066878,49.66152747161686,341.6000061035156 6.71150553971529,49.66153669171035,341.3999938964844 6.711578378453851,49.66153350658715,340.7999877929688 6.711600506678224,49.66153685934842,340.3999938964844 6.711623808369041,49.66153979301453,340.2000122070313 6.711727660149336,49.66157281771302,339.6000061035156 6.711737466976047,49.6616015676409,339.2000122070313 6.711740149185062,49.66160274110734,339 6.711777281016111,49.66160374693573,338.7999877929688 6.71182656660676,49.66162118129432,338.2000122070313 6.711825476959348,49.66163199394941,338 6.711821788921952,49.66163568198681,337.6000061035156 6.711803516373038,49.66162160038948,337.3999938964844 6.711778957396746,49.66162042692304,337.3999938964844 6.711781471967697,49.6616205945611,337.3999938964844 6.711779292672873,49.66161816380918,337.3999938964844 6.711779292672873,49.66161833144724,337.2000122070313 6.711781388148665,49.66161824762821,337.2000122070313 6.711796140298247,49.66160994954407,337.2000122070313 6.711797816678882,49.661601819098,337 6.71180066652596,49.66159410774708,337.2000122070313 6.711799073964357,49.66159553267062,337.3999938964844 6.711793625727296,49.66159385628998,337.3999938964844 6.711820531636477,49.66159712523222,337.3999938964844 6.711831847205758,49.66159209609032,337.3999938964844 6.711864536628127,49.66158773750067,337 6.711885156109929,49.66158589348197,336.7999877929688 6.711943494156003,49.66157868504524,335.7999877929688 6.711958162486553,49.66157801449299,335.7999877929688 6.711971405893564,49.66157700866461,335.6000061035156 6.711989594623447,49.66157851740718,335.3999938964844 6.712029995396733,49.66158044524491,335.2000122070313 6.712056817486882,49.66157994233072,335 6.712139379233122,49.66156787239015,334.3999938964844 6.712175086140633,49.66156845912337,333.7999877929688 6.712223114445806,49.66157918795943,333.3999938964844 6.712226299569011,49.66158606112003,333.2000122070313 6.712219677865505,49.66160089708865,332.3999938964844 6.712219677865505,49.661601819098,332.2000122070313 6.712223198264837,49.66160642914474,331.7999877929688 6.71222286298871,49.66160827316344,331.7999877929688 6.712222779169679,49.6616086922586,331.6000061035156 6.712221940979362,49.66160911135375,331.6000061035156 6.712221270427108,49.66160860843956,331.6000061035156 6.712220348417759,49.66160818934441,331.6000061035156 6.712220096960664,49.66160726733506,331.6000061035156 6.712223198264837,49.66160651296377,331.3999938964844 6.712228059768677,49.66160651296377,331.3999938964844 6.712241470813751,49.66161221265793,331.6000061035156 6.712246164679527,49.66161036863923,331.6000061035156 6.712245494127274,49.66161497868598,331.6000061035156 6.712244488298893,49.66161833144724,331.6000061035156 6.712243398651481,49.66162143275142,331.6000061035156 6.71224725432694,49.6616169065237,332 6.712249182164669,49.66161388903856,332.2000122070313 6.712250104174018,49.66161430813372,332.3999938964844 6.712250020354986,49.66161330230534,332.3999938964844 6.71224775724113,49.66161271557212,332.6000061035156 6.71224826015532,49.66161539778113,332.6000061035156 6.712248092517257,49.66161489486694,332.3999938964844 6.712248427793384,49.66161414049566,332.3999938964844 6.712246751412749,49.6616102848202,332.3999938964844 6.712245410308242,49.66162109747529,332.6000061035156 6.712243231013417,49.66162352822721,332.6000061035156 6.712249768897891,49.66162327677011,332.3999938964844 6.712255217134953,49.66162210330367,332.2000122070313 6.712256809696555,49.66161062009633,332 6.712254714220762,49.66160986572504,332 6.712260665372014,49.66161162592471,332 6.712258737534285,49.66162000782788,332 6.712277932092547,49.66162394732237,332 6.712278435006738,49.66162520460784,332 6.712275333702564,49.66162621043622,332 6.712274830788374,49.66162889264524,331.7999877929688 6.712272483855486,49.66162914410233,331.7999877929688 6.712258737534285,49.66163123957813,331.6000061035156 6.712254798039794,49.66163316741586,331.6000061035156 6.712251780554652,49.66163350269198,330.7999877929688 6.712253289297223,49.66163299977779,330.7999877929688 6.712252870202065,49.66163266450167,330.7999877929688 6.712280279025435,49.66164959594607,330.7999877929688 6.712290924042463,49.66165118850768,330.7999877929688 6.71229905448854,49.66164766810834,330.7999877929688 6.712328558787704,49.66164699755609,330.7999877929688 6.712361583486199,49.66166116297245,330.7999877929688 6.712392764165998,49.66167625039816,330.7999877929688 6.712406007573009,49.66168127954006,330.7999877929688 6.712416065856814,49.66168069280684,330.7999877929688 6.712432326748967,49.66166929341853,330.2000122070313 6.712469290941954,49.66165621764958,329.7999877929688 6.712488317862153,49.66165093705058,329.2000122070313 6.712500555440784,49.66164766810834,328.6000061035156 6.712509607896209,49.66164657846093,328.3999938964844 6.7125238571316,49.66164733283222,328.2000122070313 6.712535675615072,49.66164926066995,328.2000122070313 6.712546488270164,49.66164557263255,328 6.712556881830096,49.66165546327829,327.7999877929688 6.712567694485188,49.66165504418314,327.6000061035156 6.712578590959311,49.66165227815509,327.6000061035156 6.712594432756305,49.66165211051702,327 6.712603149935603,49.66165236197412,326.7999877929688 6.712622260674834,49.66166409663856,326.3999938964844 6.712638018652797,49.66167105361819,326 6.712653106078506,49.66168488375843,325.6000061035156 6.712662577629089,49.66168572194874,325.6000061035156 6.712664337828755,49.66169033199549,325.3999938964844 6.71268361620605,49.66170265339315,325 6.712708678096533,49.66171002946794,324.7999877929687 6.712721418589354,49.6617138851434,324.7999877929687 6.712732063606381,49.66172033920884,324.7999877929687 6.712742540985346,49.66172193177044,324.6000061035156 6.712780930101872,49.66171103529632,324.3999938964844 6.712811440229416,49.6617088560015,324 6.712827868759632,49.66171103529632,323.3999938964844 6.712846644222736,49.66171715408564,323 6.712875226512551,49.66172017157078,322.6000061035156 6.712894840165973,49.6617210097611,322.6000061035156 6.712911771610379,49.66172486543655,322.3999938964843 6.71298997476697,49.66173802502453,321.2000122070313 6.713026519864798,49.66175051406026,320.6000061035156 6.713040098547936,49.66175797395408,320.2000122070313 6.71310187317431,49.66176174581051,319 6.713149147108197,49.66175688430667,318.2000122070313 6.713166413828731,49.66176141053438,317.7999877929688 6.713205054402351,49.66176954098046,316.7999877929688 6.713216118514538,49.66176979243755,316.6000061035156 6.713229613378644,49.66176652349532,316.2000122070313 6.713273031637073,49.66176627203822,315.3999938964844 6.713290549814701,49.66176962479949,315 6.713323825970292,49.66177850961685,314 6.713333548977971,49.66177800670266,313.6000061035156 6.713341847062111,49.66177549213171,313.3999938964844 6.71340529806912,49.66178253293037,312.7999877929688 6.713417451828718,49.66178504750133,312.3999938964844 6.713454416021705,49.66178529895842,311.7999877929688 6.713471934199333,49.66178965754807,311.6000061035156 6.713487524539232,49.66179200448096,311.2000122070313 6.713515855371952,49.6617966145277,310 6.713551562279463,49.66179409995675,309.6000061035156 6.713589616119862,49.66179485432804,308.7999877929688 6.713602356612682,49.66179963201284,308.3999938964844 6.713616522029042,49.66180499643087,308.2000122070313 6.713659269735217,49.661805331707,308 6.713679386302829,49.66180264949799,307.6000061035156 6.713724983856082,49.6618122048676,307 6.713744178414345,49.66181715019047,306.6000061035156 6.713823303580284,49.66184849850833,305.2000122070313 6.713826740160584,49.66183223761618,304.7999877929688 6.713859597221017,49.66181279160082,304.7999877929688 6.71388172544539,49.66180499643087,304.7999877929688 6.713898321613669,49.66180675663054,304.7999877929688 6.713920282199979,49.6618071757257,304.3999938964844 6.713942661881447,49.66181212104857,304.3999938964844 6.713964706286788,49.66181673109531,304.2000122070313 6.713984739035368,49.66182737611234,304.2000122070313 6.714025558903813,49.66184170916677,303.7999877929688 6.714053805917501,49.66185771860182,303.2000122070313 6.714059673249722,49.66186610050499,303 6.714112143963575,49.66188973747194,302.7999877929688 6.714130165055394,49.66189443133771,302.6000061035156 6.714147850871086,49.66189602389932,302.3999938964844 6.714155813679099,49.66190055012703,302.2000122070313 6.714162016287446,49.66190490871668,301.7999877929688 6.714202919974923,49.6619245223701,301.2000122070313 6.714227814227343,49.66193516738713,300.7999877929688 6.714239297434688,49.66193466447294,300.6000061035156 6.71427559107542,49.66193860396743,300.3999938964844 6.714306939393282,49.66194254346192,300.2000122070313 6.714317752048373,49.66195235028863,300 6.714319093152881,49.66196517460048,299.7999877929688 6.714317752048373,49.66197883710265,299.6000061035156 6.714316159486771,49.66198453679681,299.3999938964844 6.714310711249709,49.6619990374893,299.2000122070313 6.714297467842698,49.6620040666312,299 6.714301826432347,49.66198529116809,299 6.714320937171578,49.66197573579848,298.7999877929688 6.714336024597287,49.66197757981718,298.7999877929688 6.714332839474082,49.66199467889965,298.7999877929688 6.714310711249709,49.6620262786746,299 6.714286152273417,49.66203005053103,299 6.714247595518827,49.66202384792268,299 6.714235190302134,49.66202686540782,298.7999877929688 6.714200992137194,49.66204036027193,299 6.714158747345209,49.66203759424388,299 6.714089261367917,49.66205326840281,299.2000122070313 6.714035868644714,49.66207078658044,299.2000122070313 6.714017679914832,49.66207531280816,299.2000122070313 6.713966466486454,49.66212007217109,299.2000122070313 6.713931430131197,49.66213876381516,299.2000122070313 6.713895052671433,49.6621523424983,299 6.713830009102821,49.66215351596475,298.6000061035156 6.713806875050068,49.66215695254505,298.6000061035156 6.71378256753087,49.66215854510665,298.3999938964844 6.713758846744895,49.66216835193336,298 6.713700424879789,49.66216583736241,297.7999877929688 6.713670585304499,49.66216173022985,297.6000061035156 6.713597914204001,49.66219274327159,296.6000061035156 6.713585257530212,49.66219861060381,296.6000061035156 6.713502109050751,49.66220581904054,296.3999938964844 6.713499259203672,49.662209674716,296.6000061035156 6.713480399921536,49.66222073882818,296.6000061035156 6.71341267414391,49.6622421965003,296.3999938964844 6.713367914780974,49.66224320232868,296.3999938964844 6.713342517614365,49.66224680654705,296.3999938964844 6.713275294750929,49.66224915347993,296.3999938964844 6.713261883705854,49.66225661337376,296.3999938964844 6.713235396891832,49.66224974021316,296.3999938964844 6.713149566203356,49.66223968192935,296.3999938964844 6.713118217885494,49.66225569136441,296.3999938964844 6.713105225935578,49.6622665040195,296.3999938964844 6.713066501542926,49.66226063668728,296.3999938964844 6.713052168488503,49.66225585900247,296.2000122070313 6.713010678067803,49.66226767748594,296 6.712976563721895,49.66226457618177,295.6000061035156 6.712964326143265,49.66226097196341,295.3999938964844 6.712893415242434,49.66227069497108,295.3999938964844 6.712880088016391,49.66227438300848,295.3999938964844 6.712837005034089,49.66227991506457,295.2000122070313 6.712803058326244,49.66228234581649,294.7999877929688 6.712805489078164,49.66227991506457,294.6000061035156 6.712806578725576,49.66229391284287,294.3999938964844 6.712812446057797,49.66230036690831,294.3999938964844 6.712830299511552,49.66233582235873,294.3999938964844 6.71284094452858,49.66234428808093,294.3999938964844 6.712844716385007,49.66235652565956,294.3999938964844 6.712845303118229,49.6623701043427,294.3999938964844 6.712856702506542,49.66236390173435,294.3999938964844 6.712893331423402,49.6623732894659,294 6.712923757731915,49.66237437911332,294 6.712945885956287,49.66237605549395,294 6.712972540408373,49.66238619759679,293.7999877929688 6.712993578985333,49.66240405105054,293.6000061035156 6.712999362498522,49.66240849345922,293.3999938964844 6.713013360276818,49.66242475435138,292.7999877929688 6.713043535128236,49.66244705021381,292.3999938964844 6.713064489886165,49.66245258226991,292 6.713092820718885,49.66245870105922,291.6000061035156 6.713100196793675,49.66246389783919,291.2000122070313 6.713103381916881,49.66247772797942,290.6000061035156 6.713104555383325,49.66248485259712,290.3999938964844 6.71312727034092,49.66249491088092,290.2000122070313 6.713146297261119,49.662497760728,289.7999877929688 6.713177897036076,49.66249901801348,289.3999938964844 6.713221063837409,49.66249910183251,289 6.713235815986991,49.66250312514603,288.7999877929688 6.713275210931897,49.66251410543919,288.2000122070313 6.713292645290494,49.6625115070492,288 6.713323155418038,49.66252148151398,287.6000061035156 6.713379565626383,49.66252927668393,287 6.713410494849086,49.66252793557942,286.6000061035156 6.713486351072788,49.66253086924553,285.7999877929688 6.713500851765275,49.66253975406289,285.7999877929688 6.71352063305676,49.66254821978509,285.6000061035156 6.713545611128211,49.66255174018443,285.3999938964844 6.713550388813019,49.66254914179444,284.7999877929688 6.713551813736558,49.66253933496773,284.3999938964844 6.713575199246407,49.66251418925822,284.2000122070313 6.713585257530212,49.66251469217241,284.2000122070313 6.713626915588975,49.66253019869328,284.2000122070313 6.71363060362637,49.66252919286489,284.2000122070313 6.713667986914516,49.66252475045621,284 6.713712913915515,49.66254369355738,283.7999877929688 6.713739652186632,49.66255207546055,283.6000061035156 6.713786171749234,49.66254645958543,283 6.713800253346562,49.66254503466189,282.7999877929688 6.713809808716178,49.66254578903317,282.6000061035156 6.713851550593972,49.66254134662449,282 6.713879881426692,49.66253841295838,281.6000061035156 6.713889017701149,49.66253858059645,281.3999938964844 6.713960934430361,49.6625392511487,280.6000061035156 6.714001419022679,49.6625376585871,280 6.714084399864078,49.6625323779881,279.2000122070313 6.714116167277098,49.66251896694303,279.2000122070313 6.714132511988282,49.66251083649695,278.7999877929688 6.714161932468414,49.66250916011631,278.6000061035156 6.714187329635024,49.66250983066857,278.2000122070313 6.714240638539195,49.66250865720212,277.6000061035156 6.714282799512148,49.6625239122659,277.3999938964844 6.714329235255718,49.66253682039678,276.6000061035156 6.714370474219322,49.66254059225321,276 6.71438304707408,49.66253690421581,276 6.714443899691105,49.66254486702383,275.6000061035156 6.714444821700454,49.66254604049027,275.6000061035156 6.714439876377583,49.66254478320479,275.3999938964844 6.71445295214653,49.66254880651832,275.3999938964844 6.714487317949534,49.66253363527358,274.7999877929688 6.714493185281754,49.6625408437103,274.3999938964844 6.71450081281364,49.66254536993802,274.2000122070313 6.714514726772904,49.66255601495504,274 6.714523192495108,49.66257303021848,273.6000061035156 6.714562587440014,49.66258090920746,273.3999938964844 6.714578177779913,49.6625788975507,273 6.714582871645689,49.66257629916072,272.7999877929688 6.714584631845355,49.66258007101715,272.7999877929688 6.714586727321148,49.66257252730429,272.6000061035156 6.714599383994937,49.66257168911397,272.6000061035156 6.714604664593935,49.66257210820913,272.3999938964844 6.714609609916806,49.6625688392669,272.3999938964844 6.714613130316138,49.66257152147591,272 6.714624110609293,49.66257495805621,271.7999877929688 6.714639868587256,49.66259247623384,271.6000061035156 6.714648837223649,49.66260278597474,271.6000061035156 6.714663589373231,49.66260513290763,271.3999938964844 6.714671049267054,49.66260798275471,271.2000122070313 6.714679934084415,49.66260655783117,271 6.714703571051359,49.66259733773768,270.6000061035156 6.714728381484747,49.66259524226189,270.2000122070313 6.714747324585915,49.66259490698576,269.7999877929688 6.714758640155196,49.66259775683284,269.7999877929688 6.714768195524812,49.66259809210896,269.7999877929688 6.714791748672724,49.66259758919477,269.6000061035156 6.714798621833324,49.6626013610512,269.3999938964844 6.714838100597262,49.66262139379978,269 6.714855283498764,49.66262013651431,268.7999877929688 6.714890319854021,49.66261569410563,268.2000122070313 6.71490540727973,49.66262114234269,268.2000122070313 6.714916722849011,49.66262072324753,268.2000122070313 6.714925188571215,49.66262390837073,268.2000122070313 6.714949328452349,49.66262466274202,268 6.714965337887406,49.66263145208359,268 6.71496944501996,49.66262969188392,267.6000061035156 6.714976653456688,49.66262893751264,267.3999938964844 6.715012779459357,49.66263036243618,266.6000061035156 6.71501680277288,49.66263379901648,266.3999938964844 6.715024178847671,49.66264000162482,266.3999938964844 6.71507203951478,49.66263664886355,266 6.715103220194578,49.66263522394001,265.3999938964844 6.715139513835311,49.6626309491694,265.2000122070313 6.715150075033307,49.66264016926289,264.7999877929688 6.715188715606928,49.66265274211764,264.2000122070313 6.715215370059013,49.66265148483217,263.3999938964844 6.715234983712435,49.6626481320709,263.2000122070313 6.715256022289395,49.66265726834536,263 6.71528946608305,49.66265911236405,262.7999877929688 6.715305307880044,49.662672188133,262.7999877929688 6.71533539891243,49.66267160139978,262.6000061035156 6.715389294549823,49.66267964802682,262.2000122070313 6.715412177145481,49.66268191114068,262 6.715449979528785,49.66269029304385,261.3999938964844 6.71546540223062,49.66269381344318,261.2000122070313 6.715478394180536,49.66269733384252,260.7999877929688 6.715526590123773,49.66271233744919,259.6000061035156 6.715541509911418,49.66271267272532,259.3999938964844 6.715584173798561,49.66271384619176,258.6000061035156 6.715643769130111,49.66272717341781,258 6.71566866338253,49.66272843070328,257.6000061035156 6.715686768293381,49.66272834688425,257.3999938964844 6.715711243450642,49.66272935271263,256.6000061035156 6.715720798820257,49.66272708959877,256.3999938964844 6.715738149359822,49.66272340156138,255.8000030517578 6.715752901509404,49.66272667050362,255.6000061035156 6.715778214856982,49.66273379512131,255.1999969482422 6.715790033340454,49.66273630969226,255 6.715826746076345,49.66272884979844,254.3999938964844 6.715862033888698,49.66272893361747,254.1999969482422 6.715899081900716,49.66274385340512,253.3999938964844 6.715911403298378,49.66274519450963,253.1999969482422 6.715931016951799,49.6627464517951,253.1999969482422 6.715950127691031,49.66274016536772,253 6.71598575077951,49.66273069381714,252.8000030517578 6.716068061068654,49.66273463331163,252.3999938964844 6.716106031090021,49.6627205517143,252 6.716179875656962,49.66269314289093,251.3999938964844 6.716204937547445,49.66267780400813,251 6.716208457946777,49.66267386451364,251 6.716204434633255,49.66265223920345,250.8000030517578 6.716218264773488,49.66263782233,251 6.716227401047945,49.66262625530362,250.8000030517578 6.716215582564473,49.66261686757207,250.6000061035156 6.716207368299365,49.66261284425855,250.6000061035156 6.716191023588181,49.66261292807758,250.6000061035156 6.716176103800535,49.66261259280145,250.6000061035156 6.716168560087681,49.66261200606823,250.6000061035156 6.716167889535427,49.66260571964085,250.6000061035156 6.716154310852289,49.66260194778442,250.8000030517578 6.716145761311054,49.6626029536128,250.6000061035156 6.716130673885346,49.66260018758476,250.3999938964844 6.716131092980504,49.66260203160346,250.3999938964844 6.716131092980504,49.66260236687958,250.1999969482422 6.716142157092691,49.66261661611497,250.1999969482422 6.716175768524408,49.6626327931881,250.8000030517578 6.716171326115727,49.66262206435204,251 6.716167805716395,49.66261644847691,251 6.716169230639935,49.66262944042683,251 6.716174259781838,49.6626412589103,251.1999969482422 6.716178702190518,49.66265073046088,251 6.716174343600869,49.66264712624252,251 6.716173505410552,49.66265005990863,250.8000030517578 6.716170404106379,49.66265148483217,250.6000061035156 6.716149784624577,49.66263740323484,250.6000061035156 6.716143162921071,49.66263203881681,250.8000030517578 6.716128997504711,49.66263086535037,250.8000030517578 6.716111898422241,49.66263488866389,251 6.716083902865648,49.66263581067324,251.3999938964844 6.716062529012561,49.66264226473868,251.6000061035156 6.716042831540108,49.66264880262315,251.8000030517578 6.716033359989524,49.66264888644218,251.8000030517578 6.715990444645286,49.66265249066055,251.3999938964844 6.715994300320745,49.66266271658242,251.1999969482422 6.716000502929092,49.66269289143384,251 6.716065630316734,49.66276086866856,250.3999938964844 6.716078035533428,49.66277134604752,250.3999938964844 6.716092955321074,49.66278567910194,250.8000030517578 6.716147270053625,49.66279489919543,250.6000061035156 6.716116005554795,49.6628415863961,251.1999969482422 6.7161347810179,49.66286128386855,251.6000061035156 6.716160178184509,49.66285122558475,251.6000061035156 6.71617048792541,49.66285072267056,251.8000030517578 6.71620368026197,49.66285415925086,252 6.716258497908711,49.66286706738174,251.8000030517578 6.716300491243601,49.66286790557206,251.3999938964844 6.716355308890343,49.66286279261112,251 6.716468716040254,49.66287184506655,250.3999938964844 6.716485228389502,49.66287243179977,250.3999938964844 6.716528981924057,49.66287326999009,250.3999938964844 6.716569801792502,49.66287989169359,250.1999969482422 6.716609196737409,49.66288760304451,250.1999969482422 6.71663710847497,49.66288869269192,250 6.716669714078307,49.66289405710995,249.8000030517578 6.716743977740407,49.66290763579309,249.3999938964844 6.716783372685313,49.66291040182114,249.1999969482422 6.716830227524042,49.6629158500582,249.3999938964844 6.716861240565777,49.6629190351814,249.3999938964844 6.716882614418864,49.66291819699109,249.3999938964844 6.716962996870279,49.66292750090361,249 6.717012114822865,49.66293781064451,248.8000030517578 6.717077326029539,49.66294912621379,248.8000030517578 6.717097274959087,49.66295197606087,248.8000030517578 6.717115715146065,49.66295675374568,248.8000030517578 6.717174723744392,49.66296186670661,249 6.717213448137045,49.66296915896237,249 6.71723616309464,49.66297628358006,248.8000030517578 6.717309672385454,49.66298558749259,248.6000061035156 6.717323418706656,49.66298592276871,248.3999938964844 6.717418301850557,49.66302003711462,248 6.717469934374094,49.66303889639676,248 6.7175024561584,49.66304233297706,248 6.717553082853556,49.66304199770093,247.8000030517578 6.717654503881931,49.6630625333637,247.6000061035156 6.717697754502296,49.66307912953198,247.6000061035156 6.717792553827167,49.66310989111662,247.6000061035156 6.717826165258884,49.66311701573431,247.3999938964844 6.717843431979418,49.66312221251428,247.3999938964844 6.717879977077246,49.66314501129091,247.3999938964844 6.717890622094274,49.66315154917538,247.3999938964844 6.71790755353868,49.66315808705986,247.3999938964844 6.717916605994105,49.66319345869124,247.3999938964844 6.71791635453701,49.6632041875273,247 6.717917192727327,49.6632144972682,246.6000061035156 6.717915516346693,49.66324475593865,246 6.717915516346693,49.66325422748923,245.6000061035156 6.717916522175074,49.6632784511894,245 6.717910235747695,49.66329705901444,244.6000061035156 6.717910822480917,49.66331013478339,244.3999938964844 6.717942003160715,49.66334911063313,244 6.717979470267892,49.66336637735367,243.8000030517578 6.718024564906955,49.66335154138505,243.6000061035156 6.71807074919343,49.66330887749791,242.8000030517578 6.718083992600441,49.66329571790993,242.3999938964844 6.718097822740674,49.66328741982579,242.1999969482422 6.718103354796767,49.66327954083681,242.1999969482422 6.718123555183411,49.66326856054366,241.8000030517578 6.718162279576063,49.663245677948,241.3999938964844 6.718191280961037,49.66322455555201,241 6.718195388093591,49.66321483254433,241 6.718198657035828,49.66320401988924,241 6.71821198426187,49.66319345869124,241 6.718212487176061,49.66318532824516,241.1999969482422 6.718256995081902,49.66314685530961,240.3999938964844 6.718256575986743,49.66313947923481,240 6.718255067244172,49.66312665492296,239.8000030517578 6.718296306207776,49.66306194663048,239.6000061035156 6.718341065570712,49.66302045620978,239.3999938964844 6.718347184360027,49.66301140375435,239.3999938964844 6.718352548778057,49.66300419531763,239.1999969482422 6.718372749164701,49.66296127997339,238.8000030517578 6.718399738892913,49.66293353587389,238.8000030517578 6.718417508527637,49.66292733326554,238.6000061035156 6.718421615660191,49.66290646232665,238.3999938964844 6.718428740277886,49.66290378011763,238.3999938964844 6.718442235141993,49.66288274154067,238.1999969482422 6.718448773026466,49.66287000104785,238.1999969482422 6.718482133001089,49.66283421032131,238 6.718486743047833,49.66282926499844,238 6.718502165749669,49.66281794942915,238 6.718507697805762,49.66281585395336,237.8000030517578 6.718496549874544,49.66281426139176,237.6000061035156 6.718490095809102,49.66281141154468,237.6000061035156 6.718488251790404,49.66280504129827,237.6000061035156 6.71848070807755,49.66279858723283,237.6000061035156 6.718486156314611,49.66279372572899,237.3999938964844 6.718488670885563,49.66278123669326,237.1999969482422 6.718484563753009,49.66278576292098,237.6000061035156 6.718470901250839,49.66278928332031,237.6000061035156 6.718458160758019,49.66278961859643,237.6000061035156 6.718439552932978,49.66278433799744,237.6000061035156 6.718435613438487,49.6627826616168,237.6000061035156 6.718427315354347,49.6627810690552,237.1999969482422 6.718426058068872,49.66277930885553,237 6.718423375859857,49.66278358362615,237.1999969482422 6.718419687822461,49.66278919950128,237.1999969482422 6.718418849632144,49.66278827749193,237.3999938964844 6.718412060290575,49.66279305517673,237.3999938964844 6.718382723629475,49.66278936713934,237.6000061035156 6.718368893489242,49.6627895347774,237.8000030517578 6.718367971479893,49.66279012151062,237.6000061035156 6.718367720022798,49.66279003769159,237.6000061035156 6.718367636203766,49.66279020532966,237.6000061035156 6.718363026157022,49.66279062442482,237.8000030517578 6.718361433595419,49.66279397718608,237.6000061035156 6.718365121632814,49.66280386783183,237.3999938964844 6.718365121632814,49.66283647343516,237.6000061035156 6.718303598463535,49.6628917939961,237.6000061035156 6.71829404309392,49.66289740987122,237.6000061035156 6.718282056972385,49.66291677206755,237.6000061035156 6.718250205740333,49.66291844844818,237.8000030517578 6.718244422227144,49.66291417367756,237.8000030517578 6.718250792473555,49.66291224583983,237.8000030517578 6.718263030052185,49.66289891861379,237.6000061035156 6.718264035880566,49.66289288364351,237.6000061035156 6.718253809958696,49.66287838295102,237.6000061035156 6.718247272074223,49.66287008486688,237.3999938964844 6.718244338408113,49.66286287643015,237.1999969482422 6.718239895999432,49.66284728609025,236.8000030517578 6.71823495067656,49.66283437795937,236.6000061035156 6.718241991475225,49.66282029636204,236.1999969482422 6.718241153284907,49.66280738823116,236.1999969482422 6.718264957889915,49.66278232634068,235.1999969482422 6.718274932354689,49.66278618201613,235 6.718304185196757,49.66279280371964,234.1999969482422 6.71830527484417,49.66279724612832,234 6.718310806900263,49.66279380954802,233.8000030517578 6.718300078064203,49.66279255226254,233.3999938964844 6.718293456360698,49.66278844512999,233.6000061035156 6.718267304822803,49.66279716230929,233.3999938964844 6.718250205740333,49.6628035325557,233.3999938964844 6.718220785260201,49.66280847787857,233.6000061035156 6.718115257099271,49.66276715509593,234.6000061035156 6.71810251660645,49.66275743208826,235 6.718094637617469,49.6627446077764,235.1999969482422 6.718082567676902,49.66273153200746,235.1999969482422 6.718075526878238,49.66272935271263,235.1999969482422 6.718034204095602,49.66271560639143,235.1999969482422 6.717980559915304,49.66269942931831,235 6.717873690649867,49.66265332885087,235.1999969482422 6.71785231679678,49.66265140101314,235 6.717793643474579,49.66263589449227,235 6.71778928488493,49.6626327931881,235 6.717770928516984,49.66263078153133,235 6.717731449753046,49.66264117509127,235 6.717713261023164,49.66264762915671,235 6.717686522752047,49.66263715177774,235 6.717655258253217,49.66262759640813,234.8000030517578 6.71764126047492,49.66262600384653,235 6.717571187764406,49.6626240760088,235 6.717562219128013,49.66262214817107,235.1999969482422 6.717547466978431,49.66261938214302,235.1999969482422 6.717529278248549,49.66261929832399,235.1999969482422 6.717456774786115,49.6626116707921,235.3999938964844 6.717443112283945,49.66261225752532,235.6000061035156 6.717437664046884,49.66261133551598,235.3999938964844 6.717418553307653,49.66261175461113,235.6000061035156 6.717406986281276,49.66261049732566,235.6000061035156 6.717355437576771,49.66261200606823,235.6000061035156 6.717336578294635,49.66260907240212,235.6000061035156 6.717311013489962,49.66260211542249,235.6000061035156 6.717300033196807,49.66259742155671,235.6000061035156 6.717274719849229,49.66258669272065,235.6000061035156 6.71724253334105,49.66257772408426,235.8000030517578 6.717227613553405,49.66257437132299,235.8000030517578 6.717212526127696,49.66256749816239,235.8000030517578 6.717190900817514,49.66256590560079,235.6000061035156 6.717120073735714,49.66253321617842,235.3999938964844 6.71710766851902,49.66252877376974,235.1999969482422 6.717094006016851,49.66252667829394,235.1999969482422 6.717083025723696,49.66252089478076,235 6.717059221118689,49.66251586563885,235 6.717045810073614,49.66250907629728,235 6.717044468969107,49.66250739991665,235 6.71703239902854,49.66249784454703,235 6.717027621343732,49.66249214485288,235 6.717022759839892,49.66249482706189,234.8000030517578 6.717021921649575,49.66249885037541,234.8000030517578 6.717032315209508,49.66250186786056,235 6.717037009075284,49.66251075267792,235 6.71706123277545,49.66251762583852,235.1999969482422 6.717066094279289,49.66252592392266,235.3999938964844 6.717061148956418,49.66253036633134,235.3999938964844 6.717062825337052,49.66253707185388,235.3999938964844 6.717047737911344,49.66254184953868,235.3999938964844 6.716999290511012,49.6625255048275,235.3999938964844 6.716961739584804,49.66250496916473,235 6.716960230842233,49.66250136494637,235 6.716941287741065,49.662468675524,234.8000030517578 6.716927541419864,49.66246104799211,234.8000030517578 6.716910358518362,49.66245367191732,234.6000061035156 6.716902395710349,49.6624462120235,234.6000061035156 6.716891583055258,49.66243891976774,234.6000061035156 6.716878591105342,49.66243296861649,234.6000061035156 6.716843387112021,49.66242383234203,234.6000061035156 6.716831233352423,49.66241561807692,234.6000061035156 6.716822348535061,49.66241100803018,234.6000061035156 6.716808350756764,49.66240706853569,234.6000061035156 6.716795274987817,49.66240346431732,234.6000061035156 6.71676660887897,49.66238535940647,234.6000061035156 6.716731153428555,49.66236968524754,234.3999938964844 6.716718580573797,49.66235593892634,234.3999938964844 6.716714221984148,49.6623510774225,234.6000061035156 6.716707097366452,49.66233976185322,234.8000030517578 6.716691590845585,49.66232844628394,234.8000030517578 6.716679017990828,49.66231620870531,234.6000061035156 6.716618333011866,49.66231017373502,235 6.716607185080648,49.6623061504215,235.1999969482422 6.716560330241919,49.6623045578599,235.3999938964844 6.716550104320049,49.66230221092701,235.6000061035156 6.716533927246928,49.66229919344187,235.8000030517578 6.716520180925727,49.66229508630931,235.8000030517578 6.716510038822889,49.66229114681482,236 6.716469889506698,49.6622699405998,236.3999938964844 6.71644801273942,49.66226985678077,236.3999938964844 6.716434434056282,49.66226868331432,236.3999938964844 6.716365618631244,49.66223255731165,236.1999969482422 6.716308873146772,49.66221026144922,236.1999969482422 6.716295378282666,49.66219718568027,236.1999969482422 6.716259252279997,49.6621903963387,236.6000061035156 6.716238213703036,49.66218117624521,237 6.716203344985843,49.66217187233269,237.1999969482422 6.716171493753791,49.66215401887894,237.1999969482422 6.716159088537097,49.66213809326291,237.1999969482422 6.716127572581172,49.66212837025523,237.6000061035156 6.716115586459637,49.6621214132756,238 6.716088345274329,49.66211311519146,238.1999969482422 6.716066300868988,49.66210884042084,238.1999969482422 6.71604442410171,49.66209341771901,238.3999938964844 6.716013830155134,49.66207095421851,238.6000061035156 6.716005364432931,49.66206290759146,238.8000030517578 6.715985164046288,49.66204698197544,238.8000030517578 6.715955073013902,49.66201881878078,239 6.715930094942451,49.66201026923954,239.3999938964844 6.715886928141117,49.6619816031307,239.6000061035156 6.715817106887698,49.66194237582386,239.8000030517578 6.715809060260654,49.66193391010165,240 6.715797241777182,49.66191697865725,240 6.715780897065997,49.66189552098513,240.3999938964844 6.715767234563828,49.66189183294773,240.3999938964844 6.715750889852643,49.6618867199868,240.6000061035156 6.715717948973179,49.66187196783721,240.8000030517578 6.715698335319758,49.66185562312603,241 6.715655671432614,49.66183961369097,241.3999938964844 6.715636057779193,49.6618243586272,241.8000030517578 6.715620467439294,49.66180751100183,242 6.715598590672016,49.66179485432804,242.3999938964844 6.715588280931115,49.66178529895842,242.6000061035156 6.715574953705072,49.66174858622253,242.6000061035156 6.715562213212252,49.66173886321485,242.6000061035156 6.715513346716762,49.6616930142045,243.1999969482422 6.71549566090107,49.66166384518147,243.3999938964844 6.715488620102406,49.66164054349065,243.6000061035156 6.71548149548471,49.66163207776845,243.8000030517578 6.715470347553492,49.66160592623055,243.8000030517578 6.715452410280705,49.6615949459374,244.1999969482422 6.715446878224611,49.66158882714808,244.1999969482422 6.715444279834628,49.66158178634942,244.3999938964844 6.715456936508417,49.66155697591603,244.3999938964844 6.71546246856451,49.66155102476478,244.3999938964844 6.715461295098066,49.6615392062813,244.6000061035156 6.715465486049652,49.66152118518949,244.6000061035156 6.71545316465199,49.66149997897446,244.6000061035156 6.715439837425947,49.66147986240685,245 6.715404465794563,49.66145949438214,245.1999969482422 6.715372195467353,49.66144507750869,245.1999969482422 6.715343529358506,49.66141029261053,244.8000030517578 6.715323831886053,49.66137357987463,244.3999938964844 6.715322742238641,49.66136586852372,244.3999938964844 6.715311510488391,49.66133452020586,244.1999969482422 6.715310253202915,49.6613285690546,243.8000030517578 6.715309666469693,49.66132110916078,243.8000030517578 6.715305726975203,49.66130568645895,243.6000061035156 6.715296758338809,49.66129319742322,243.6000061035156 6.715281084179878,49.66128489933908,243.6000061035156 6.715273540467024,49.66127408668399,243.6000061035156 6.715251412242651,49.66124072670937,243.8000030517578 6.715241856873035,49.66121750883758,243.8000030517578 6.715240096673369,49.66119496151805,243.6000061035156 6.715215956792235,49.66115204617381,243.6000061035156 6.71521469950676,49.66110929846764,243.6000061035156 6.715214950963855,49.66107342392206,243.8000030517578 6.715224422514439,49.66101885773242,244 6.715224673971534,49.66099538840353,244.1999969482422 6.715225176885724,49.66096890158951,244 6.715240683406591,49.66095498763025,243.8000030517578 6.715255184099078,49.66092531569302,243.8000030517578 6.71526356600225,49.66091374866664,243.6000061035156 6.71526893042028,49.660882987082,243.8000030517578 6.715261386707425,49.66087284497917,243.6000061035156 6.715258788317442,49.66086672618985,243.6000061035156 6.715282257646322,49.6608261577785,243.6000061035156 6.715284856036305,49.66081199236214,243.6000061035156 6.71528410166502,49.66079045087099,243.6000061035156 6.715288795530796,49.66077150776982,243.6000061035156 6.715297177433968,49.66073915362358,243.6000061035156 6.715301955118775,49.66070814058185,242.8000030517578 6.715309079736471,49.66069724410772,242.8000030517578 6.715311678126454,49.6606879401952,242.8000030517578 6.715310337021947,49.66067369095981,242.6000061035156 6.715306146070361,49.66065826825798,242.6000061035156 6.715286364778876,49.66063446365297,242.6000061035156 6.715284939855337,49.66063169762492,242.6000061035156 6.715293237939477,49.66061283834279,242.6000061035156 6.715291561558843,49.66060219332576,242.8000030517578 6.715294746682048,49.66059112921357,242.6000061035156 6.715297931805253,49.6605777181685,242.6000061035156 6.715308073908091,49.66047562658787,242.6000061035156 6.715327519923449,49.66044494882226,242.8000030517578 6.715319557115436,49.66041418723762,243 6.715318467468023,49.66040253639221,243 6.715291058644652,49.6603425219655,242.8000030517578 6.715293824672699,49.66033606790006,242.8000030517578 6.71528946608305,49.66032735072076,242.8000030517578 6.715279743075371,49.66026448644698,242.8000030517578 6.71528359875083,49.66025442816317,243 6.715280162170529,49.66023799963295,243 6.715268595144153,49.66024051420391,242.6000061035156 6.715247137472034,49.66024914756417,242.6000061035156 6.715198019519448,49.66027630493045,242.3999938964844 6.715188547968864,49.6602822560817,242.3999938964844 6.715187206864357,49.66028418391943,242.3999938964844 6.715217381715775,49.66026892885566,242.3999938964844 6.715220231562853,49.66026180423796,242.3999938964844 6.715239342302084,49.66026155278087,242.3999938964844 6.715251076966524,49.66028887778521,242.3999938964844 6.715247640386224,49.66028862632811,242.6000061035156 6.715220147743821,49.66032726690173,242.3999938964844 6.715218052268028,49.660335900262,242.3999938964844 6.715221740305424,49.66033414006233,242.3999938964844 6.71522593125701,49.66032785363495,242.3999938964844 6.715227020904422,49.6603187173605,242.3999938964844 6.715188715606928,49.66025543399155,242.3999938964844 6.715183099731803,49.66024990193546,242.1999969482422 6.715174214914441,49.66024981811643,242.1999969482422 6.715170694515109,49.66024906374514,242.1999969482422 6.715167509391904,49.66023942455649,242.3999938964844 6.715181171894074,49.66025786474347,242.3999938964844 6.715181171894074,49.66027203015983,242.3999938964844 6.715193074196577,49.66024512425065,242.1999969482422 6.715188212692738,49.66024328023195,242.3999938964844 6.715179160237312,49.6602442022413,242.1999969482422 6.715174131095409,49.66024269349873,242.3999938964844 6.715169437229633,49.66024621389806,242.3999938964844 6.715164072811604,49.6602391730994,242.3999938964844 6.715156110003591,49.66023355722427,242.3999938964844 6.715152841061354,49.66023221611977,242.3999938964844 6.715148901566863,49.66023179702461,242.3999938964844 6.715145045891404,49.66023196466267,242.3999938964844 6.715139094740152,49.66023188084364,242.6000061035156 6.715129455551505,49.66024026274681,242.3999938964844 6.71513507142663,49.66022450476885,242.8000030517578 6.715135741978884,49.66021201573312,242.8000030517578 6.715139262378216,49.66019835323095,242.8000030517578 6.715152757242322,49.66018611565232,242.8000030517578 6.71515267342329,49.66015552170575,242.8000030517578 6.715167090296745,49.66014177538455,242.8000030517578 6.715179914608598,49.6600940823555,243.1999969482422 6.715189469978213,49.6600787434727,243.3999938964844 6.715200282633305,49.66005343012512,243.6000061035156 6.715197935700417,49.66003079898655,243.6000061035156 6.715192068368197,49.66001219116151,243.8000030517578 6.715190224349499,49.66000523418188,244.1999969482422 6.715211514383555,49.65998553670943,244.3999938964844 6.715214280411601,49.65997908264399,244.6000061035156 6.7152229975909,49.65997220948339,244.8000030517578 6.715236073359847,49.65995754115283,244.6000061035156 6.71523573808372,49.65993834659457,244.6000061035156 6.715234816074371,49.6599111892283,244.6000061035156 6.715233558788896,49.65989207848907,244.6000061035156 6.715236408635974,49.65987590141594,244.6000061035156 6.715253759175539,49.65983055531979,245.1999969482422 6.715267421677709,49.65971739962697,245.6000061035156 6.715262141078711,49.6596966125071,245.8000030517578 6.71523816883564,49.65965277515352,246.1999969482422 6.715197768062353,49.659587983042,246.6000061035156 6.715180082246661,49.65955403633416,246.8000030517578 6.715153763070703,49.65950584039092,247 6.715146135538817,49.65949167497456,247 6.71512040309608,49.65945395641029,247.3999938964844 6.715122666209936,49.65944113209844,247.8000030517578 6.715115206316114,49.6594169922173,247.8000030517578 6.715112775564194,49.65941120870411,248 6.7151003703475,49.65940148569643,248 6.715093748643994,49.659373909235,248 6.715101627632976,49.65936494059861,248 6.715092491358519,49.65935446321964,248 6.715087210759521,49.65933350846171,248 6.715084780007601,49.65932680293918,248 6.71508863568306,49.65930249541998,247.8000030517578 6.715087881311774,49.65929126366973,247.8000030517578 6.715105902403593,49.6592618431896,247.6000061035156 6.715097604319453,49.65923669748008,247.3999938964844 6.715085618197918,49.6592269744724,247.6000061035156 6.715090060606599,49.65920325368643,247.8000030517578 6.715085366740823,49.65915388427675,248.3999938964844 6.715081594884396,49.6591323427856,248.3999938964844 6.715057119727135,49.65908984653652,248.6000061035156 6.715048737823963,49.65906864032149,249 6.715034237131476,49.65904978103936,249.1999969482422 6.715029375627637,49.6590369567275,249.3999938964844 6.715001631528139,49.6589925326407,250 6.714973887428641,49.65897174552083,250.1999969482422 6.71494547277689,49.65893662534654,251 6.714929547160864,49.65893813408911,251 6.714874310418963,49.65893662534654,251.1999969482422 6.71484237536788,49.65893905609846,251.3999938964844 6.714813625440002,49.65893721207976,251.8000030517578 6.714791916310787,49.65894676744938,251.8000030517578 6.714752186089754,49.65893721207976,252.1999969482422 6.714742295444012,49.65893411077559,252.3999938964844 6.71472704038024,49.65892287902534,252.6000061035156 6.71470264904201,49.65890334919095,252.8000030517578 6.714686807245016,49.65889412909746,253.1999969482422 6.714677251875401,49.65889639221132,253.6000061035156 6.714674066752195,49.6588939614594,253.8000030517578 6.714655039831996,49.65889387764037,253.8000030517578 6.714580692350864,49.65886194258928,253.8000030517578 6.714567532762885,49.65886387042701,253.8000030517578 6.714520091190934,49.65885641053319,254.1999969482422 6.714470889419317,49.65884593315423,254.1999969482422 6.714469129219651,49.65884367004037,254.1999969482422 6.714471057057381,49.65883805416524,254.3999938964844 6.714476756751537,49.65882229618728,254.1999969482422 6.714481366798282,49.65881047770381,254.1999969482422 6.714538699015975,49.65880360454321,254.3999938964844 6.714582704007626,49.65880343690515,254.8000030517578 6.714598797261715,49.65880553238094,255 6.714609274640679,49.65880586765707,255.1999969482422 6.714634587988257,49.65880787931383,255.3999938964844 6.714685130864382,49.65881684795022,255.6000061035156 6.714704493060708,49.65881433337927,255.8000030517578 6.71473391354084,49.65880075469613,255.8000030517578 6.714751683175564,49.65880553238094,255.8000030517578 6.714767273515463,49.65880519710481,255.8000030517578 6.714790994301438,49.65879530645907,256 6.714846817776561,49.65877116657794,256.3999938964844 6.714866347610951,49.65875364840031,256.3999938964844 6.714877830818296,49.65874266810715,256.6000061035156 6.714917728677392,49.65872783213854,257 6.714978665113449,49.658681480214,258 6.714986208826304,49.65867368504405,258 6.715032979846001,49.65865038335323,258.2000122070313 6.715061562135816,49.65865088626742,258.3999938964844 6.715060472488403,49.65864812023938,258.6000061035156 6.715060975402594,49.65864669531584,259 6.715076565742493,49.65861962176859,259 6.715085785835981,49.65860503725708,259 6.715105986222625,49.65856748633087,259.2000122070313 6.715117050334811,49.65854728594422,259.2000122070313 6.715161725878716,49.65850185602903,259.6000061035156 6.715181171894074,49.65847126208246,259.6000061035156 6.715221656486392,49.65844620019197,259.6000061035156 6.715262392535806,49.65841686353087,260 6.715268259868026,49.65841015800834,260 6.715273205190897,49.65839699842036,260.2000122070313 6.715306229889393,49.65837126597762,260.6000061035156 6.715343864634633,49.65834880247712,260.6000061035156 6.715410416945815,49.65832214802504,260.7999877929688 6.71542089432478,49.65831787325442,260.7999877929688 6.715468587353826,49.65830588713288,260.3999938964844 6.715483674779534,49.65830437839031,260.3999938964844 6.715536396950483,49.65828979387879,260.3999938964844 6.715543270111084,49.65828535147011,260.3999938964844 6.715606804937124,49.65825081802905,259.7999877929688 6.715618120506406,49.65824830345809,259.7999877929688 6.71562516130507,49.65824344195426,259.7999877929688 6.715646870434284,49.65823195874691,259.7999877929688 6.715668328106403,49.65823397040367,259.7999877929688 6.715699676424265,49.65822684578598,260 6.715768491849303,49.65819750912488,259.2000122070313 6.715800762176514,49.65818024240434,259 6.715812413021922,49.65817554853857,259 6.715848622843623,49.65815987437963,259 6.715888436883688,49.65814202092588,258.3999938964844 6.715899920091033,49.65813858434558,258.3999938964844 6.715909391641617,49.6581357344985,258 6.715941661968827,49.65812307782471,257.7999877929688 6.715963371098042,49.65812416747212,258 6.715982481837273,49.65812249109149,257.7999877929688 6.716000335291028,49.65811184607446,257.7999877929688 6.716029671952128,49.658107990399,257.6000061035156 6.716049872338772,49.65810329653323,257.3999938964844 6.716142408549786,49.65809055604041,257 6.716174092143774,49.65808334760368,256.7999877929688 6.716178534552455,49.65808033011854,256.7999877929688 6.716228742152453,49.65802777558565,256.7999877929688 6.716248942539096,49.65801059268415,256.7999877929688 6.71627894975245,49.65800003148615,256.6000061035156 6.716289930045605,49.65799265541136,256.6000061035156 6.716297725215554,49.65798351913691,256.7999877929688 6.716305520385504,49.65797672979534,256.7999877929688 6.716356733813882,49.65793674811721,256.7999877929688 6.716373413801193,49.65793247334659,256.7999877929688 6.716397553682327,49.65792794711888,256.7999877929688 6.716421190649271,49.65790707617998,256.7999877929688 6.716427728533745,49.65789835900068,256.7999877929688 6.716438792645931,49.65788897126913,256.7999877929688 6.716461926698685,49.65787002816796,257 6.71649151481688,49.65785116888583,257.3999938964844 6.716500902548432,49.657843708992,257.3999938964844 6.716539543122053,49.65781655162573,257.3999938964844 6.716570472344756,49.65778352692723,257.6000061035156 6.716580865904689,49.6577733848244,257.6000061035156 6.716604502871633,49.65775854885578,257.7999877929688 6.716622859239578,49.65774094685912,258 6.716653201729059,49.65770507231355,258.3999938964844 6.716743391007185,49.65763273648918,259.2000122070313 6.716759400442243,49.6576280426234,259.2000122070313 6.716775577515364,49.65762133710086,259.2000122070313 6.716791586950421,49.65761194936931,259.2000122070313 6.716807680204511,49.65760524384677,259.2000122070313 6.716819582507014,49.65759459882975,259.2000122070313 6.716847997158766,49.65757288970053,259 6.716926116496325,49.6575297228992,259.2000122070313 6.717008845880628,49.65746719390154,259.7999877929688 6.717025190591812,49.65745470486581,259.7999877929688 6.717082355171442,49.65741606429219,260.2000122070313 6.717129042372108,49.65737708844244,260 6.717145722359419,49.65737013146281,260 6.717160223051906,49.65734456665814,260 6.717165084555745,49.6573172416538,260 6.717186039313674,49.65729754418135,260 6.717201881110668,49.65727642178535,260.3999938964844 6.717210179194808,49.65726904571056,260.6000061035156 6.71723666600883,49.65720978565514,261.2000122070313 6.717249490320683,49.65719981119037,261.2000122070313 6.717252507805824,49.65719394385815,261.2000122070313 6.717281509190798,49.65717047452927,261.3999938964844 6.717293076217175,49.65716402046382,261.3999938964844 6.717299027368426,49.65715521946549,261.6000061035156 6.717322831973434,49.65712303295732,262.2000122070313 6.717351162806153,49.65709637850523,262.7999877929688 6.717364741489291,49.65708179399371,263 6.717378571629524,49.65706821531057,263.2000122070313 6.717404304072261,49.65704985894263,263.7999877929688 6.717407824471593,49.65703913010657,263.7999877929688 6.717438250780106,49.65701842680573,264.3999938964844 6.717467168346047,49.65698950923979,264.7999877929688 6.717482842504978,49.65695899911225,265 6.717490721493959,49.65695204213262,265 6.717504383996129,49.65693444013596,265.3999938964844 6.717525674030185,49.65690250508487,265.7999877929688 6.717536905780435,49.65688833966851,265.7999877929688 6.71758065931499,49.65684156864882,266.6000061035156 6.717582922428846,49.6568338572979,266.6000061035156 6.717611672356725,49.65681768022478,266.7999877929688 6.717620389536023,49.65681592002511,266.7999877929688 6.717625670135021,49.6568132378161,267 6.717634219676256,49.65676235966384,268 6.717639248818159,49.6567559055984,268.2000122070313 6.717646205797792,49.65674576349556,268.3999938964844 6.717661712318659,49.65672103688121,269.2000122070313 6.717682247981429,49.65669505298138,269.3999938964844 6.717715775594115,49.65665590949357,269.7999877929688 6.717731868848205,49.6566298417747,270 6.717736897990108,49.65662154369056,270.2000122070313 6.717780064791441,49.65657955035567,271.2000122070313 6.717789033427835,49.65656848624349,271.2000122070313 6.717790877446532,49.65655457228422,271.2000122070313 6.717791799455881,49.65653697028756,271.3999938964844 6.717795487493277,49.65651517733932,271.6000061035156 6.717801438644528,49.65650713071227,271.6000061035156 6.717818453907967,49.65646983124316,272.2000122070313 6.717819375917316,49.6564572583884,272.3999938964844 6.717843348160386,49.65642180293798,272.6000061035156 6.717846365645528,49.65640512295067,272.7999877929688 6.717839911580086,49.65636254288256,273.6000061035156 6.717834882438183,49.65635064058006,274 6.717834463343024,49.65633848682046,274.2000122070313 6.71783622354269,49.65634971857071,274.2000122070313 6.71782641671598,49.65636128559709,274 6.717817112803459,49.65636564418674,273.6000061035156 6.717819459736347,49.65638064779341,273.2000122070313 6.717819711193442,49.65638073161244,273.2000122070313 6.717818956822157,49.65638685040176,273 6.71780345030129,49.65641023591161,273 6.717800768092275,49.65640931390226,273 6.717812502756715,49.65640562586486,272.6000061035156 6.717824907973409,49.65640294365585,272.2000122070313 6.717829266563058,49.65640470385551,272.2000122070313 6.71783815138042,49.65640788897872,272.2000122070313 6.717848042026162,49.65641090646386,272 6.717860782518983,49.65641434304416,272 6.717857262119651,49.65641585178673,272.2000122070313 6.717859944328666,49.65641853399575,272 6.717866566032171,49.65642624534667,271.6000061035156 6.717869248241186,49.65642238967121,271.7999877929688 6.717868912965059,49.65642180293798,271.7999877929688 6.71786991879344,49.65642188675702,272 6.717871092259884,49.65642096474767,272 6.717868493869901,49.65641677379608,272.2000122070313 6.717882240191102,49.65642406605184,272 6.717880815267563,49.6564210485667,271.7999877929688 6.71787821687758,49.65641861781478,272 6.717874612659216,49.65641668997705,272.2000122070313 6.717874864116311,49.6564123313874,272.2000122070313 6.717880982905626,49.65640847571194,272 6.717884419485927,49.65640931390226,272 6.717895399779081,49.65640939772129,271.7999877929688 6.71791585162282,49.65641132555902,271.7999877929688 6.717932363972068,49.65641492977738,271.7999877929688 6.717930352315307,49.65641777962446,272 6.717928005382419,49.65641912072897,272.2000122070313 6.717920210212469,49.6564210485667,272.3999938964844 6.717918533831835,49.65642004273832,272.3999938964844 6.717914091423154,49.65641476213932,272.3999938964844 6.717907134443522,49.65641283430159,272.3999938964844 6.71790512278676,49.6564091462642,272.3999938964844 6.717906715348363,49.65640394948423,272.6000061035156 6.717904284596443,49.65640210546553,272.6000061035156 6.717892717570067,49.65638861060143,272.6000061035156 6.717889783903956,49.65638944879174,272.6000061035156 6.717888861894608,49.65638995170593,272.6000061035156 6.717887604609132,49.6563898678869,273 6.717888442799449,49.65639053843915,273 6.717892130836844,49.65639070607722,273 6.717905206605792,49.65640135109425,273.6000061035156 6.717903949320316,49.65640587732196,274 6.717903278768063,49.65640688315034,273.6000061035156 6.717903949320316,49.65640864335001,273.6000061035156 6.717901937663555,49.65640797279775,273.6000061035156 6.717901602387428,49.65640805661678,273.7999877929688 6.717902859672904,49.65640788897872,273.7999877929688 6.717900345101953,49.65641040354967,274.3999938964844 6.717903111129999,49.65641752816737,274.6000061035156 6.717907721176744,49.65642130002379,274.6000061035156 6.717910571023822,49.65642591007054,274.6000061035156 6.717913085594773,49.65642875991762,274.6000061035156 6.717914259061217,49.65643085539341,274.7999877929688 6.717915181070566,49.65643152594566,274.7999877929688 6.717915181070566,49.65643194504082,274.7999877929688 6.717914426699281,49.65643244795501,275 6.717907469719648,49.65643571689725,275 6.717905625700951,49.65643588453531,275 6.717902524396777,49.65643546544015,275 6.717906463891268,49.65643948875368,275 6.717930855229497,49.65643211267889,275.2000122070313 6.717935465276241,49.65642456896603,275.2000122070313 6.717940913513303,49.6564295142889,275.2000122070313 6.717949882149696,49.65641467832029,275.2000122070313 6.717956587672234,49.65640814043581,275.2000122070313 6.717954827472568,49.65641182847321,275.2000122070313 6.717959186062217,49.65641836635768,275.3999938964844 6.717977710068226,49.65642046183348,275.3999938964844 6.717978045344353,49.65642163529992,275.3999938964844 6.717977710068226,49.65642238967121,275.3999938964844 6.71797645278275,49.65642071329057,275.2000122070313 6.717961952090263,49.65641618706286,275 6.717964969575405,49.656424485147,275.2000122070313 6.717963963747025,49.65642523951828,275 6.717960778623819,49.6564260777086,274.7999877929688 6.7179617844522,49.65642465278506,274.7999877929688 6.717966645956039,49.6564228925854,274.7999877929688 6.717964634299278,49.65642130002379,275 6.717961700633168,49.65642062947154,275 6.717958431690931,49.65642389841378,275.2000122070313 6.717955749481916,49.65642482042313,275.2000122070313 6.717948624864221,49.65642188675702,274.6000061035156 6.717935549095273,49.65642297640443,274.7999877929688 6.717934627085924,49.65642205439508,274.6000061035156 6.717924484983087,49.65642188675702,274.7999877929688 6.717928173020482,49.6564210485667,275 6.717933369800448,49.65642155148089,275.2000122070313 6.717935716733336,49.65642708353698,275.2000122070313 6.717934962362051,49.65643404051661,275.2000122070313 6.717945775017142,49.65643856674433,274.7999877929688 6.717945272102952,49.65643647126853,274.6000061035156 6.717942170798779,49.65643621981144,274.7999877929688 6.717933369800448,49.65643487870693,274.7999877929688 6.717935716733336,49.65643269941211,274.6000061035156 6.717934375628829,49.65643010102212,274.6000061035156 6.717928340658546,49.65642708353698,274.6000061035156 6.717917276546359,49.65642230585217,274.7999877929688 6.717908475548029,49.65642222203314,274.7999877929688 6.717906212434173,49.65641912072897,275.2000122070313 6.717911241576076,49.65641375631094,275.3999938964844 6.717903278768063,49.65641015209258,275.6000061035156 6.717909816652536,49.65640151873231,275.6000061035156 6.717912331223488,49.65639380738139,276 6.717911493033171,49.65638861060143,276.2000122070313 6.717916438356042,49.65637293644249,276.3999938964844 6.717915935441852,49.65636572800577,276.6000061035156 6.717917863279581,49.65635717846453,276.6000061035156 6.717917360365391,49.65635005384684,277 6.717917947098613,49.65634158812463,277 6.717911157757044,49.65631191618741,277.2000122070313 6.717906128615141,49.65629431419075,277.3999938964844 6.717901350930333,49.65627771802247,277.6000061035156 6.717897914350033,49.6562516503036,278 6.717895986512303,49.65624259784818,278 6.71789824962616,49.65622331947088,278 6.717906380072236,49.65620722621679,278 6.717898165807128,49.65618928894401,278.2000122070313 6.717896573245525,49.65617830865085,278.2000122070313 6.717902775853872,49.65616053901613,278.7999877929688 6.717904452234507,49.6561377402395,279.2000122070313 6.717899842187762,49.65611125342548,279.6000061035156 6.717890622094274,49.65610085986555,279.7999877929688 6.717876959592104,49.65606205165386,280 6.717876624315977,49.65604763478041,280.3999938964844 6.717875869944692,49.65601771138608,280.6000061035156 6.717869080603123,49.65600606054068,280.6000061035156 6.71787234954536,49.65598334558308,281 6.717877797782421,49.65597437694669,281.2000122070313 6.717877378687263,49.65595576912165,281.3999938964844 6.717875869944692,49.65594495646656,281.6000061035156 6.717880144715309,49.65593657456338,281.6000061035156 6.717875115573406,49.65591964311898,282 6.717874277383089,49.65588267892599,282.3999938964844 6.717871092259884,49.65587605722249,282.3999938964844 6.717863716185093,49.6558647416532,282.6000061035156 6.717859692871571,49.65583163313568,283.2000122070313 6.717860782518983,49.65581419877708,283 6.717870505526662,49.6557978540659,283.2000122070313 6.717864386737347,49.65578159317374,283.6000061035156 6.717863967642188,49.65577094815671,283.6000061035156 6.717862710356712,49.65576122514904,284 6.717863380908966,49.65575485490263,284 6.717857597395778,49.65573130175471,284.3999938964844 6.717858770862222,49.65572752989829,284.3999938964844 6.717850053682923,49.6557027194649,284.6000061035156 6.717849802225828,49.65569090098143,284.6000061035156 6.717856591567397,49.65567665174603,284.7999877929688 6.7178616207093,49.65564521960914,285.3999938964844 6.717860782518983,49.65563633479178,285.6000061035156 6.71785918995738,49.65562258847058,285.6000061035156 6.717866146937013,49.65560163371265,285.7999877929688 6.71786748804152,49.65559157542884,286 6.717870840802789,49.65557145886123,286.2000122070313 6.717852149158716,49.65553709305823,286.6000061035156 6.717851897701621,49.65550725348294,286.7999877929688 6.717853657901287,49.65549635700881,287 6.717855837196112,49.65548856183887,287 6.71785868704319,49.65544665232301,287.2000122070313 6.717875953763723,49.65541102923453,287.6000061035156 6.717868410050869,49.65538906864822,287.7999877929688 6.717868745326996,49.65536098927259,288 6.717872265726328,49.65534942224622,288 6.717886431142688,49.65532645583153,288 6.717893052846193,49.65531656518579,288.2000122070313 6.717901350930333,49.65530172921717,288.3999938964844 6.717904200777412,49.65529510751367,288.6000061035156 6.717928759753704,49.65523291379213,289 6.717941500246525,49.65518530458212,289.2000122070313 6.717951223254204,49.65513928793371,289 6.717990702018142,49.65503074228764,289.2000122070313 6.717980140820146,49.65496703982353,290.2000122070313 6.717983912676573,49.65495237149298,290.3999938964844 6.717979554086924,49.65494080446661,290.6000061035156 6.717970920726657,49.65489713475108,290.6000061035156 6.717989612370729,49.65486117638648,291.2000122070313 6.717988522723317,49.65485078282654,291.3999938964844 6.717985672876239,49.65482991188765,291.6000061035156 6.71800721436739,49.65478808619082,291.7999877929688 6.718017524108291,49.65477065183222,291.7999877929688 6.718026492744684,49.65473662130535,291.7999877929688 6.718045184388757,49.6546646207571,292.2000122070313 6.718047028407455,49.65465473011136,292.3999938964844 6.718046693131328,49.6546440012753,292.6000061035156 6.718043508008122,49.65462547726929,292.7999877929688 6.718046525493264,49.65461038984358,293 6.718048620969057,49.65459102764726,293.2000122070313 6.718055326491594,49.65456185862422,293.3999938964844 6.718064546585083,49.6545369643718,293.6000061035156 6.718058092519641,49.65449522249401,294 6.71805951744318,49.65448474511504,294 6.718058846890926,49.65443504042923,294.6000061035156 6.718065300956368,49.65439841151237,294.7999877929688 6.718068988993764,49.65438382700086,295 6.718074772506952,49.65437410399318,295.2000122070313 6.718138810247183,49.6543226391077,295.6000061035156 6.718146521598101,49.65431408956647,295.6000061035156 6.718218522146344,49.65425860136747,296.6000061035156 6.718263784423471,49.65424074791372,297 6.718271411955357,49.65423764660954,297.2000122070313 6.718295551836491,49.65419883839786,297.3999938964844 6.718301502987742,49.65418660081923,297.3999938964844 6.718340562656522,49.6541468705982,297.6000061035156 6.71837224625051,49.65412734076381,297.6000061035156 6.718394290655851,49.65410605072975,298 6.718416586518288,49.654088197276,298.2000122070313 6.718445923179388,49.65405936352909,298.3999938964844 6.718458496034145,49.65404159389436,298.7999877929688 6.71848900616169,49.65401762165129,299 6.718506859615445,49.65400303713977,299 6.718541225418448,49.65398501604795,299.6000061035156 6.718552289530635,49.65398032218218,299.6000061035156 6.718587744981051,49.653958696872,299.7999877929688 6.718614483252168,49.65394394472241,300 6.718664020299912,49.65391108766198,300.2000122070313 6.718680197373033,49.65389692224562,300.3999938964844 6.71873333863914,49.65386473573744,300.3999938964844 6.718772230669856,49.65382978320122,300.7999877929688 6.718788575381041,49.65382039546967,300.7999877929688 6.718818079680204,49.65380061417818,301.2000122070313 6.718878848478198,49.65375049039721,301.6000061035156 6.718914303928614,49.65372316539288,302 6.718932911753655,49.65369869023561,302.2000122070313 6.718987142667174,49.6536458004266,302.3999938964844 6.719047492370009,49.65362409129739,303 6.719086719676852,49.65360405854881,303.3999938964844 6.719117648899555,49.65357488952577,303.7999877929688 6.719139609485865,49.65355820953846,304 6.719155535101891,49.65354823507369,304 6.719228709116578,49.65350674465299,304.6000061035156 6.719266008585692,49.65348252095282,305 6.719273552298546,49.65347330085933,305 6.719327783212066,49.65342309325933,305.3999938964844 6.71936902217567,49.65338327921927,306 6.71938955783844,49.65336634777486,306.2000122070313 6.71949022449553,49.65331513434649,307 6.719512520357966,49.65330348350108,307.2000122070313 6.719577647745609,49.65327389538288,307.6000061035156 6.719648307189345,49.65322502888739,308.2000122070313 6.719679404050112,49.65320172719657,308.6000061035156 6.719703543931246,49.65319418348372,308.7999877929688 6.71971301548183,49.65318982489407,308.7999877929688 6.719745956361294,49.65315797366202,309.2000122070313 6.719761630520225,49.65314079076052,309.6000061035156 6.719775628298521,49.65313341468573,309.6000061035156 6.719815609976649,49.65310927480459,309.7999877929688 6.719858776777983,49.65307666920125,310.2000122070313 6.719867829233408,49.65306744910777,310.2000122070313 6.719937399029732,49.65304247103631,311.2000122070313 6.719951145350933,49.65303828008473,311.2000122070313 6.719980062916875,49.65302939526737,311 6.720003113150597,49.6530292276293,311 6.720057846978307,49.65299980714917,311.6000061035156 6.720064049586654,49.65298966504633,311.7999877929688 6.720086177811027,49.65296032838523,312.2000122070313 6.720108389854431,49.65294289402664,312.3999938964844 6.720137810334563,49.65291573666036,312.6000061035156 6.7202119063586,49.65286410413682,313.3999938964844 6.720279883593321,49.65284029953182,313.7999877929688 6.720290025696158,49.65283116325736,314 6.720331264659762,49.65280677191913,314.2000122070313 6.720368396490812,49.65277852490544,314.2000122070313 6.720374599099159,49.65277441777289,314.3999938964844 6.720381639897823,49.65277014300227,314.6000061035156 6.720414580777288,49.65275187045336,315 6.720429081469774,49.65274541638792,315.2000122070313 6.720510721206665,49.65272513218224,315.3999938964844 6.720526646822691,49.65271859429777,315.3999938964844 6.720545003190637,49.65271490626037,315.3999938964844 6.720556821674109,49.65270962566137,315.6000061035156 6.720564449205995,49.65270074084401,315.6000061035156 6.720568723976612,49.65269286185503,315.6000061035156 6.720573585480452,49.65268674306571,315.7999877929688 6.720578446984291,49.65267978608608,315.7999877929688 6.720588840544224,49.65267869643867,315.7999877929688 6.720618680119515,49.65267282910645,316.2000122070313 6.72063603065908,49.65266486629844,316.3999938964844 6.720652626827359,49.65265598148108,316.3999938964844 6.720729572698474,49.6526061091572,317.3999938964844 6.72074013389647,49.65259814634919,317.6000061035156 6.720798723399639,49.65256394818425,318.2000122070313 6.720838202163577,49.65254542417824,318.6000061035156 6.7208715621382,49.65252103284001,318.7999877929688 6.720923194661737,49.65249169617891,319 6.720927804708481,49.65248918160796,319.3999938964844 6.720941886305809,49.6524890139699,319.7999877929688 6.721017323434353,49.65248272754252,320.3999938964844 6.721085971221328,49.6524406503886,320.7999877929688 6.72111296094954,49.65242338366807,321 6.721162246540189,49.65239622630179,321.6000061035156 6.721193259581924,49.65238952077925,321.7999877929688 6.721187140792608,49.65238926932216,322 6.721157804131508,49.65238298289478,322.2000122070313 6.721174400299788,49.65239396318793,322.2000122070313 6.721184710040689,49.65237317606807,322.2000122070313 6.721216728910804,49.65234811417758,322.3999938964843 6.721225697547197,49.65234132483602,322.3999938964843 6.721297111362219,49.65232782997191,323 6.721313707530499,49.65233260765672,323.2000122070313 6.721358634531498,49.65231810696423,323.6000061035156 6.721405740827322,49.65230109170079,323.7999877929688 6.721447985619307,49.6522971522063,324.2000122070313 6.721467934548855,49.65229203924537,324.3999938964844 6.721534235402942,49.65227007865906,325 6.72157471999526,49.65227242559195,325.2000122070313 6.72162258066237,49.65226882137358,325.6000061035156 6.721639093011618,49.65226722881198,325.6000061035156 6.721683852374554,49.65225792489946,326.2000122070313 6.721707992255688,49.65224853716791,326.3999938964844 6.721724420785904,49.65224501676857,326.6000061035156 6.721767168492079,49.65224577113986,326.7999877929688 6.721799774095416,49.65224334038794,327.3999938964844 6.721826009452343,49.65224945917726,327.6000061035156 6.721867583692074,49.65224593877792,327.7999877929688 6.721879821270704,49.65224526822567,327.7999877929688 6.721919300034642,49.65221081860363,328.3999938964844 6.721933968365192,49.65219916775823,328.7999877929688 6.72194461338222,49.65219003148377,328.7999877929688 6.721969256177545,49.65216337703168,329 6.721983673051,49.652158934623,329.2000122070313 6.722076376900077,49.65210629627109,329.3999938964844 6.722098588943481,49.65209556743503,329.6000061035156 6.722134044393897,49.65207360684872,330.3999938964844 6.722144773229957,49.65207050554454,330.3999938964844 6.722159022465348,49.65206782333553,330.6000061035156 6.722195902839303,49.65206572785974,331.2000122070313 6.722236890345812,49.65205223299563,331.6000061035156 6.722261533141136,49.65203898958862,331.7999877929688 6.722301850095391,49.65201627463102,332.2000122070313 6.722326492890716,49.65198593214154,332.6000061035156 6.722335042431951,49.65197989717126,332.6000061035156 6.722356416285038,49.65196682140231,333 6.722405198961496,49.65194066986442,333.6000061035156 6.722430260851979,49.65192809700966,333.6000061035156 6.722447443753481,49.65190420858562,333.7999877929688 6.722461776807904,49.65189071372151,334 6.722466973587871,49.65187864378095,334.2000122070313 6.722460016608238,49.65187520720065,334.2000122070313 6.722424309700728,49.65186833404005,334.3999938964844 6.722411820665002,49.65187277644873,334.3999938964844 6.7223877646029,49.65187512338161,334.6000061035156 6.722349291667342,49.65188928879797,334.6000061035156 6.722337389364839,49.65189616195858,334.6000061035156 6.722307717427611,49.65190814808011,335 6.722298664972186,49.65190119110048,335 6.722293300554156,49.65190311893821,335 6.722262455150485,49.65190420858562,335.2000122070313 6.722218282520771,49.65190102346241,335.3999938964844 6.722191460430622,49.65189498849213,335.6000061035156 6.722168074920774,49.6518864389509,335.6000061035156 6.722152903676033,49.65188493020833,335.6000061035156 6.722107054665685,49.65187093243003,336 6.722096409648657,49.65187001042068,336.2000122070313 6.722078640013933,49.65187177062035,336.2000122070313 6.722029941156507,49.65187705121934,336.2000122070313 6.721972525119782,49.65188467875123,336.3999938964844 6.721939919516444,49.65188258327544,336.6000061035156 6.72188401222229,49.65188509784639,336.7999877929688 6.721864901483059,49.6518811583519,337 6.721833217889071,49.6518809068948,337 6.721817292273045,49.6518793143332,337.2000122070313 6.721756691113114,49.65188811533153,337.3999938964844 6.721741938963532,49.6518864389509,337.6000061035156 6.721680583432317,49.65189532376826,337.7999877929688 6.721661556512117,49.65189289301634,338.2000122070313 6.721607828512788,49.65189574286342,338.2000122070313 6.721590980887413,49.65189423412085,338.2000122070313 6.721555357798934,49.65189456939697,338.3999938964844 6.721524260938168,49.65189037844539,338.6000061035156 6.721506156027317,49.65189021080732,338.7999877929688 6.721489895135164,49.65188669040799,339 6.721437089145184,49.65188417583704,339.2000122070313 6.721426863223314,49.65188442729414,339.2000122070313 6.721414290368557,49.65187763795257,339.2000122070313 6.721409009769559,49.65187805704772,339.2000122070313 6.72139685600996,49.65187788940966,339.2000122070313 6.721329549327493,49.65187009423971,339.2000122070313 6.721309013664722,49.65186892077327,339.2000122070313 6.721277581527829,49.6518724411726,339.6000061035156 6.721258722245693,49.65187227353454,339.7999877929688 6.721247239038348,49.6518756262958,339.7999877929688 6.721221841871738,49.65187185443938,339.7999877929688 6.721178255975246,49.6518721897155,340 6.721155792474747,49.65187638066709,340 6.721143554896116,49.65188073925674,340.2000122070313 6.721113128587604,49.65188191272318,340.2000122070313 6.721093347296119,49.65188149362803,340.2000122070313 6.721049509942532,49.65187923051417,340.3999938964844 6.721034254878759,49.65187855996192,340.6000061035156 6.7210010625422,49.65188224799931,340.7999877929688 6.720962841063738,49.65188568457961,341.2000122070313 6.720952866598964,49.65188032016158,341.3999938964844 6.72094976529479,49.65188040398061,341.3999938964844 6.720918668434024,49.65187579393387,341 6.720808865502477,49.65185835957527,342 6.72078656964004,49.65186020359397,342.2000122070313 6.7207713983953,49.65185760520399,342.3999938964844 6.720731584355235,49.65185777284205,342.6000061035156 6.720715407282114,49.65185760520399,342.7999877929688 6.720705851912499,49.65186179615557,342.7999877929688 6.720660924911499,49.65187118388712,343 6.720646927133203,49.65187151916325,343 6.720614405348897,49.65187973342836,343.3999938964844 6.720578949898481,49.6518827509135,343.6000061035156 6.720487587153912,49.65189415030181,343.6000061035156 6.720405444502831,49.65188627131283,344.2000122070313 6.720394548028708,49.65188601985574,344.2000122070313 6.720380550250411,49.65188367292285,344.3999938964844 6.720365043729544,49.65188032016158,344.6000061035156 6.720328079536557,49.65185827575624,344.6000061035156 6.720273345708847,49.65184905566275,345.2000122070313 6.720189275220037,49.65182131156325,345.3999938964844 6.720119202509522,49.65180966071784,345.6000061035156 6.720053236931562,49.65177814476192,345.7999877929688 6.719995401799679,49.65174084529281,346.3999938964844 6.719948966056109,49.65172718279064,346.6000061035156 6.719908397644758,49.65170849114656,347 6.719813933596015,49.65169206261635,347.2000122070313 6.719799265265465,49.65168661437929,347.2000122070313 6.719697257503867,49.6516496501863,347.3999938964844 6.719685103744268,49.65164671652019,347.6000061035156 6.719675129279494,49.65164084918797,347.7999877929688 6.719657611101866,49.65163196437061,347.7999877929688 6.71961628831923,49.65161570347846,348 6.719554429873824,49.65158829465508,348.3999938964844 6.719545042142272,49.65158619917929,348.3999938964844 6.719525344669819,49.65158008038998,348.6000061035156 6.71950782649219,49.65156532824039,348.6000061035156 6.719440771266818,49.65152350254357,349.3999938964844 6.719411099329591,49.65151964686811,349.6000061035156 6.719392240047455,49.6515198983252,349.6000061035156 6.719370195642114,49.65151872485876,349.7999877929688 6.71934312209487,49.65150908567011,349.6000061035156 6.719285622239113,49.65148720890284,349.6000061035156 6.719261649996042,49.65147329494357,349.6000061035156 6.719247903674841,49.65146348811686,349.6000061035156 6.719167688861489,49.65142434462905,350.2000122070313 6.719135418534279,49.65140632353723,350.3999938964844 6.7191256955266,49.65139986947179,350.6000061035156 6.719088815152645,49.6513753104955,350.6000061035156 6.719076996669173,49.65136399492621,350.7999877929688 6.719072051346302,49.65135812759399,350.7999877929688 6.719068698585033,49.65135326609015,351 6.719047240912914,49.65133683755994,351.2000122070313 6.718977335840464,49.65129970572889,351.2000122070313 6.71896199695766,49.65129358693957,351.2000122070313 6.718906173482537,49.65125251561403,352 6.718889828771353,49.65124664828181,352.2000122070313 6.718843393027782,49.65122736990452,352.3999938964844 6.718808691948652,49.65122016146779,352.3999938964844 6.718775080516934,49.65120029635727,352.3999938964844 6.718736691400409,49.6511903218925,352.6000061035156 6.718690255656838,49.65117934159935,352.6000061035156 6.718675000593066,49.6511749830097,352.6000061035156 6.718651028349996,49.65116953477263,352.7999877929688 6.718633677810431,49.651162577793,352.7999877929688 6.718617165461183,49.65115738101304,353 6.718589086085558,49.65115017257631,353.2000122070313 6.718575423583388,49.65114430524409,353.2000122070313 6.718509625643492,49.65113148093224,353.2000122070313 6.718458663672209,49.65113676153123,353.3999938964844 6.718367720022798,49.65114807710052,353.7999877929688 6.718347268179059,49.6511488314718,353.7999877929688 6.718311058357358,49.65112846344709,354 6.718301838263869,49.65112469159067,354 6.7182691488415,49.65111572295427,354.2000122070313 6.718245847150683,49.65111354365945,354.2000122070313 6.718231597915292,49.65111345984042,354.2000122070313 6.718203434720635,49.6511107776314,354.2000122070313 6.71815674751997,49.65109418146312,354 6.718122633174062,49.65108839794993,354.2000122070313 6.718105869367719,49.65108051896095,354.2000122070313 6.718071922659874,49.65105327777565,354.6000061035156 6.718043172731996,49.65102000162005,354.7999877929688 6.718016266822815,49.65098890475929,355 6.717951642349362,49.65095629915595,355.2000122070313 6.717897998169065,49.65094464831054,355.3999938964844 6.717845359817147,49.65095462277532,355.6000061035156 6.717721056193113,49.65097532607615,355.3999938964844 6.717644361779094,49.65099100023508,355.3999938964844 6.717621143907309,49.6509847138077,355.3999938964844 6.717546880245209,49.65099058113992,355.3999938964844 6.717523746192455,49.6509728115052,355.6000061035156 6.717508574947715,49.65097381733358,355.7999877929688 6.717468509450555,49.65098446235061,355.7999877929688 6.717438586056233,49.6509971190244,355.7999877929688 6.717404052615166,49.6509984601289,355.7999877929688 6.717364322394133,49.65100072324276,356 6.717350156977773,49.65100449509919,356.2000122070313 6.717338254675269,49.65101011097431,356.2000122070313 6.717325514182448,49.65101371519268,356.3999938964844 6.717295926064253,49.65101128444076,356.3999938964844 6.717230211943388,49.65101790614426,356.2000122070313 6.71721562743187,49.65102109126747,356 6.717119989916682,49.65102385729551,355.7999877929688 6.717105573043227,49.65102947317064,356 6.717066932469606,49.65103601105511,356 6.717019742354751,49.65104053728282,356.2000122070313 6.716928211972117,49.65108102187514,356.3999938964844 6.716893259435892,49.65108420699835,356.3999938964844 6.716873813420534,49.65108898468316,356.3999938964844 6.716859312728047,49.65109904296696,356.3999938964844 6.716846907511354,49.65110692195594,356.6000061035156 6.716817654669285,49.6511160582304,356.7999877929688 6.716765267774463,49.65112418867648,356.7999877929688 6.716750683262944,49.65112527832389,356.7999877929688 6.716729309409857,49.65112955309451,356.7999877929688 6.716674659401178,49.6511419583112,357.2000122070313 6.716659320518374,49.65114740654826,357.2000122070313 6.716608023270965,49.65115117840469,357.3999938964844 6.716537950560451,49.6511641703546,357.6000061035156 6.716515906155109,49.65116710402071,357.6000061035156 6.716447426006198,49.65117665939033,357.7999877929688 6.716411970555782,49.65117732994258,357.7999877929688 6.71639864332974,49.65117565356195,358 6.716373665258288,49.65118034742773,358 6.716325888410211,49.65117875486612,358.2000122070313 6.716303760185838,49.65118395164609,358.3999938964844 6.716291438788176,49.6511868853122,358.3999938964844 6.716251457110047,49.65119501575828,358.3999938964844 6.716083064675331,49.65116777457297,358.7999877929688 6.715962281450629,49.65118101797998,359 6.715907296165824,49.65119258500636,359 6.715869242325425,49.65119685977697,359 6.715798499062657,49.65119208209217,359 6.715773520991206,49.65119870379567,359 6.715717110782862,49.65119610540569,359.2000122070313 6.71569355763495,49.65119987726212,359.2000122070313 6.715631363913417,49.65121043846011,359.3999938964844 6.715516112744808,49.6512489952147,359.2000122070313 6.715496918186545,49.65125503018498,359.2000122070313 6.715456433594227,49.65127732604742,359.3999938964844 6.715398095548153,49.65127690695226,359.6000061035156 6.71536716632545,49.65128461830318,359.3999938964844 6.715315282344818,49.65128419920802,359.3999938964844 6.715249149128795,49.6512870490551,360 6.715204054489732,49.65130532160401,360 6.715175723657012,49.65132032521069,359.7999877929688 6.715117637068033,49.65133625082672,359.7999877929688 6.715086624026299,49.65134790167212,360 6.715073548257351,49.65135309845209,360.2000122070313 6.71499190852046,49.6513718739152,360.6000061035156 6.7149777431041,49.65137430466712,360.6000061035156 6.714966343715787,49.65138042345643,360.6000061035156 6.714928038418293,49.65139090083539,360.7999877929688 6.714915465563536,49.65139576233923,361 6.714900210499764,49.65140238404274,361.3999938964844 6.714849416166544,49.65140816755593,361.7999877929688 6.714840615168214,49.65140867047012,361.7999877929688 6.71477984637022,49.65136156417429,362.2000122070313 6.714755371212959,49.65134002268314,362.3999938964844 6.714745732024312,49.65133113786578,362.6000061035156 6.714723519980907,49.65130624361336,363 6.714711701497436,49.65129610151052,363.3999938964844 6.714712372049689,49.65127791278064,363.7999877929688 6.714708851650357,49.65126475319266,364 6.714709438383579,49.65125695802271,364.2000122070313 6.714703403413296,49.65124304406345,364.2000122070313 6.714687226340175,49.65123876929283,364.7999877929688 6.714670546352863,49.65122913010418,365.3999938964844 6.714665181934834,49.65122510679066,365.3999938964844 6.714658895507455,49.6512199100107,365.7999877929688 6.714652106165886,49.65122041292489,366 6.714620003476739,49.65120188891888,366.2000122070313 6.71460391022265,49.65119518339634,366.6000061035156 6.714595863595605,49.65118923224509,366.7999877929688 6.714578177779913,49.65118462219834,367.2000122070313 6.714563677087426,49.65118143707514,367.3999938964844 6.714547080919147,49.6511728875339,368 6.714507937431335,49.6511609852314,368.7999877929688 6.71449787914753,49.65115168131888,368.7999877929688 6.714472230523825,49.6511313971132,369.2000122070313 6.71446711756289,49.65113081037998,369.3999938964844 6.714426632970572,49.65111530385911,370.2000122070313 6.714416323229671,49.65110641904175,370.6000061035156 6.714390171691775,49.65108202770352,371 6.714374832808971,49.6510589774698,371.3999938964844 6.71433812007308,49.65103919617832,371.7999877929688 6.7143146507442,49.65103190392256,372 6.714296462014318,49.65102067217231,372.3999938964844 6.714288499206305,49.65101153589785,372.7999877929688 6.714266622439027,49.6509899944067,373.3999938964844 6.71421255916357,49.65094146318734,374.3999938964844 6.71421498991549,49.65093836188316,374.6000061035156 6.714215911924839,49.65093911625445,374.7999877929688 6.714171906933188,49.65091363526881,374.7999877929688 6.71416218392551,49.65091011486948,375 6.714138630777597,49.65088195167482,375.6000061035156 6.714116586372256,49.6508742403239,375.6000061035156 6.714079035446048,49.65084113180637,376.3999938964844 6.714072749018669,49.65083207935095,376.6000061035156 6.714065624400973,49.6508224401623,376.6000061035156 6.714040646329522,49.65079980902374,377.3999938964844 6.714035114273429,49.65079687535763,377.3999938964844 6.714025307446718,49.65079176239669,377.6000061035156 6.714021367952228,49.65078824199736,377.7999877929688 6.714002089574933,49.65077768079937,378.2000122070313 6.713973758742213,49.65075991116464,378.7999877929688 6.713964957743883,49.65075513347983,378.7999877929688 6.713949032127857,49.65075102634728,379.2000122070313 6.713941656053066,49.65074775740504,379.3999938964844 6.713937465101481,49.65074432082474,379.6000061035156 6.713922126218677,49.65073149651289,379.6000061035156 6.713912822306156,49.65072680264711,380 6.713890358805656,49.65071255341172,380.3999938964844 6.713839648291469,49.65069210156798,381 6.71383093111217,49.65069226920605,381.2000122070313 6.713788770139217,49.65068028308451,382 6.713745519518852,49.65066695585847,382.2000122070313 6.713714003562927,49.6506496053189,382.7999877929688 6.71371852979064,49.65065295808017,383 6.713697742670775,49.65063963085413,383.3999938964844 6.713678380474448,49.65063435025513,383.3999938964844 6.71365013346076,49.65062345378101,383.7999877929688 6.713604955002666,49.65062018483877,384.3999938964844 6.713580563664436,49.65061733499169,384.7999877929688 6.713539408519864,49.65059973299503,385.3999938964844 6.713492637500167,49.65058363974094,386 6.713464977219701,49.65057500638068,386.7999877929688 6.713420134037733,49.65055673383176,387.3999938964844 6.713408483192325,49.65055304579437,387.7999877929688 6.713393144309521,49.65054583735764,388 6.71336967498064,49.65053804218769,388.6000061035156 6.713332543149591,49.6505460049957,388.7999877929688 6.713316952809691,49.65055296197534,389 6.713304379954934,49.65055782347918,389 6.713291723281145,49.65055832639337,389 6.713276384398341,49.65056293644011,389 6.713274456560612,49.65056310407817,389 6.713222740218043,49.65059386566281,388.6000061035156 6.713149398565292,49.65063124895096,389.2000122070313 6.713099190965295,49.65066921897233,389 6.713092736899853,49.65067315846682,388.7999877929688 6.713069267570972,49.65068296529353,388.7999877929688 6.713046133518219,49.65070115402341,388.7999877929688 6.713028447702527,49.65070995502174,388.7999877929688 6.712986035272479,49.65074205771089,389.2000122070313 6.712956950068474,49.65076804161072,389.2000122070313 6.712914705276489,49.6507967915386,388.7999877929688 6.712889727205038,49.65082386508584,389.2000122070313 6.712856283411384,49.65085035189986,389.2000122070313 6.712823007255793,49.65087709017098,389.3999938964844 6.712789228186011,49.6508882381022,389.3999938964844 6.712776906788349,49.65089360252023,389.3999938964844 6.712751341983676,49.65090709738433,389.2000122070313 6.712720915675163,49.65093710459769,389.3999938964844 6.712716976180673,49.65094523504376,389.3999938964844 6.712709767743945,49.65095504187047,389.3999938964844 6.712699458003044,49.65096585452557,389.3999938964844 6.712682945653796,49.65098203159869,389.6000061035156 6.712671713903546,49.65099108405411,389.6000061035156 6.712633408606052,49.65101907961071,389.6000061035156 6.712598875164986,49.65104514732957,390.0000000000001 6.712585715577006,49.65105646289885,390.2000122070313 6.712536429986358,49.65112620033324,390.0000000000001 6.71251941472292,49.65114732272923,390.0000000000001 6.712477672845125,49.65118286199868,390.0000000000001 6.712466608732939,49.65119342319667,390.2000122070313 6.712384130805731,49.65123566798866,390.6000061035157 6.712326714769006,49.65127548202872,391 6.712313974276185,49.65128696523607,391 6.712290421128273,49.65130280703306,391 6.71226778998971,49.65131630189717,391 6.712237950414419,49.65133482590318,391 6.712162764742971,49.65136734768748,391 6.712135272100568,49.65137648396194,390.7999877929688 6.712075341492891,49.65139877982438,391.2000122070313 6.71205036342144,49.6514059882611,391.6000061035156 6.711986744776368,49.65143046341836,391.6000061035156 6.711907535791397,49.65145703405142,391.3999938964844 6.71190326102078,49.65146172791719,391.2000122070313 6.711903680115938,49.6514630690217,391 6.711906027048826,49.65145904570818,391 6.711913235485554,49.65145560912788,391 6.71191499568522,49.65145309455693,391.2000122070313 6.711911642923951,49.65144538320601,391 6.711908960714936,49.65144253335893,391.2000122070313 6.711914828047156,49.6514421980828,391.3999938964844 6.711915079504252,49.65144236572087,391.2000122070313 6.71191549859941,49.65144446119666,391.2000122070313 6.71191742643714,49.65144479647279,391.2000122070313 6.711918013170362,49.6514442935586,391.2000122070313 6.711917091161013,49.65144345536828,391.2000122070313 6.711916504427791,49.65144295245409,391 6.711916504427791,49.6514421980828,391.2000122070313 6.711914157494903,49.65143465436995,391.3999938964844 6.711908625438809,49.65143172070384,391.3999938964844 6.711909295991063,49.65143674984574,391.2000122070313 6.711908373981714,49.65143968351185,391.2000122070313 6.711906781420112,49.65144672431052,391.2000122070313 6.711904937401414,49.65145560912788,391.6000061035156 6.71190376393497,49.65145552530885,391.6000061035156 6.711889514699578,49.65145368129015,391.3999938964844 6.711866967380047,49.65145099908113,391.6000061035156 6.711840061470866,49.65146441012621,391.7999877929688 6.711811646819115,49.65148016810417,392.0000000000001 6.711774850264192,49.65148385614157,392.2000122070313 6.7117606010288,49.65148251503706,392.2000122070313 6.71174693852663,49.65148192830384,392.3999938964844 6.711735371500254,49.65148176066577,392.6000061035157 6.71171760186553,49.65148310177028,392.6000061035157 6.711698826402426,49.65148796327412,392.6000061035157 6.711661946028471,49.65149961411953,392.7999877929688 6.711648870259523,49.65150129050016,392.7999877929688 6.711613163352013,49.65150682255626,392.6000061035157 6.711553484201431,49.65152098797262,392.7999877929688 6.711478549987078,49.6515320520848,393.2000122070313 6.711430018767715,49.65154412202537,392.7999877929688 6.711347959935665,49.65157161466777,392.7999877929688 6.711329435929656,49.65157429687679,392.6000061035157 6.711325496435165,49.65157136321068,392.3999938964844 6.711281323805451,49.65158393606544,392.7999877929688 6.711247460916638,49.65159114450216,392.7999877929688 6.711217369884253,49.65159835293889,393 6.711200689896941,49.65159751474857,393 6.711151236668229,49.65160757303238,392.7999877929688 6.71108334325254,49.65163858607411,392.6000061035157 6.711072698235512,49.65164193883538,392.6000061035157 6.710970439016819,49.65168812312186,393.2000122070313 6.710878657177091,49.65171729214489,393.2000122070313 6.710864827036858,49.65172324329615,393 6.710855355486274,49.65172684751451,393 6.710797185078263,49.65173883363605,393 6.710751419886947,49.65175249613822,393 6.710718227550387,49.65175844728947,393 6.710690567269921,49.65175383724272,393 6.710677407681942,49.65175542980433,393 6.710642036050558,49.6517619676888,392.6000061035157 6.710606664419174,49.65177110396326,392.6000061035157 6.710539357736707,49.65179080143571,393 6.710501555353403,49.65180555358529,393.2000122070313 6.710467943921685,49.65181787498295,393.3999938964844 6.710436511784792,49.65183162130415,393.6000061035156 6.710370294749737,49.65183740481734,393.6000061035156 6.710298713296652,49.65186263434589,393.6000061035156 6.710198381915689,49.65189817361534,394.2000122070313 6.710107522085309,49.6519361436367,394.7999877929688 6.710074916481972,49.65194846503437,395 6.710033090785146,49.65195952914655,395.2000122070313 6.7099922709167,49.65196439065039,395.2000122070313 6.709976261481643,49.65196833014488,395.3999938964844 6.709931753575802,49.6519797295332,395.3999938964844 6.709914151579142,49.65198987163603,395.6000061035156 6.709891855716705,49.65198760852218,396.0000000000001 6.709853550419211,49.65199951082468,396.3999938964844 6.709837960079312,49.65200303122401,396.3999938964844 6.70979730784893,49.65201300568879,396.6000061035157 6.709749028086662,49.6520349662751,396.6000061035157 6.709603015333414,49.65206547640264,397.2000122070313 6.709537720307708,49.65207939036191,397.6000061035156 6.70952414162457,49.65208182111382,397.3999938964844 6.709513077512384,49.65208240784705,397.3999938964844 6.709435796365142,49.65208986774087,397.6000061035156 6.709411907941103,49.65209280140698,397.6000061035156 6.709396820515394,49.65209078975022,398.0000000000001 6.709382571280003,49.65209615416825,397.7999877929688 6.709366729483008,49.65209539979696,398.0000000000001 6.709359856322408,49.65208542533219,398.3999938964844 6.709362622350454,49.65208198875189,398.3999938964844 6.70936438255012,49.65208156965673,398.3999938964844 6.709335632622242,49.65208450332284,398.2000122070313 6.709325825795531,49.65208567678928,398.2000122070313 6.709288526326418,49.65208567678928,398.6000061035157 6.709260866045952,49.65209120884538,398.7999877929688 6.709215687587857,49.6521005127579,398.7999877929688 6.709198923781514,49.65210587717593,398.7999877929688 6.709188697859645,49.65210688300431,398.7999877929688 6.709109488874674,49.65212247334421,399 6.709009828045964,49.6521399077028,399.3999938964844 6.708939084783196,49.65214854106307,399.2000122070313 6.708891475573182,49.65215776115656,399.3999938964844 6.708873454481363,49.65216362848878,399.7999877929688 6.708801537752152,49.65217527933419,400.2000122070313 6.7087472230196,49.65218533761799,400.2000122070313 6.708716377615929,49.65219053439796,400.3999938964844 6.708699278533459,49.65219547972083,400.6000061035156 6.708657285198569,49.65220872312784,400.7999877929688 6.708627864718437,49.65221509337425,400.7999877929688 6.708594001829624,49.65221635065973,400.7999877929688 6.708498867228627,49.65223839506507,401.6000061035156 6.708459220826626,49.65224443003535,401.7999877929688 6.708395183086395,49.65225339867175,402 6.708382442593575,49.65225658379495,402 6.708257216960192,49.65227871201932,402.3999938964844 6.708170045167208,49.65229648165405,402.7999877929688 6.708151856437326,49.65230192989111,403 6.708063511177898,49.65232590213418,403.6000061035156 6.708004754036665,49.65233227238059,403.7999877929688 6.707990253344178,49.65233411639929,403.7999877929688 6.707959240302444,49.65233738534153,404 6.707871649414301,49.65234853327274,404.6000061035156 6.707853795960546,49.65235155075788,404.6000061035156 6.707811802625656,49.65235347859561,404.6000061035156 6.707804258912802,49.65235389769077,404.7999877929688 6.70772748067975,49.65237108059227,404.7999877929688 6.70768590644002,49.65237309224904,405 6.707635866478086,49.65237426571548,405.2000122070313 6.707551293075085,49.65238289907575,405.3999938964844 6.707534613087773,49.65237895958126,405.3999938964844 6.707486249506474,49.65238139033318,406 6.707429923117161,49.65238650329411,406.3999938964844 6.707329424098134,49.65240511111915,406.7999877929688 6.707313330844045,49.65240670368075,407 6.70728474855423,49.65240427292883,407 6.707218028604984,49.65240410529077,407 6.707101436331868,49.65242321603,407.7999877929688 6.707024406641722,49.65243964456022,408 6.707010073587298,49.65244090184569,408.2000122070313 6.706906808540225,49.65245305560529,408.6000061035156 6.706783343106508,49.65245716273785,409.2000122070313 6.706769429147244,49.65245741419494,409.2000122070313 6.706680580973625,49.65246487408876,410.2000122070313 6.706667337566614,49.65246898122132,410.2000122070313 6.706632804125547,49.65247727930546,410.2000122070313 6.706597013399005,49.65246822685003,410.3999938964844 6.706581171602011,49.65246227569878,410.3999938964844 6.706571197137237,49.65245925821364,410.2000122070313 6.706569436937571,49.65246202424169,410.2000122070313 6.706570191308856,49.65246294625103,410.2000122070313 6.706577483564615,49.65245204977691,410.2000122070313 6.70649953186512,49.65245557017624,410.6000061035156 6.706477152183652,49.65245984494686,410.6000061035156 6.706391405314207,49.65248440392315,410.7999877929688 6.706347819417715,49.65250284411013,411 6.706330049782991,49.65250913053751,411.2000122070313 6.70631823129952,49.65251265093684,411.3999938964844 6.706292247399688,49.6525217872113,411.6000061035156 6.706245644018054,49.65253905393183,412 6.706220079213381,49.6525495313108,412.2000122070313 6.706210440024734,49.65255372226238,412.3999938964844 6.706176828593016,49.6525664627552,412.7999877929688 6.706161238253117,49.65257325209677,413 6.706106755882502,49.65258372947574,413 6.706032073125243,49.65260032564402,413.3999938964844 6.706001479178667,49.65260778553784,413.3999938964844 6.705988319590688,49.65260971337557,413.6000061035156 6.705967364832759,49.65260627679527,413.7999877929688 6.705906176939607,49.65260845609009,414 6.705874409526587,49.65260602533817,414.2000122070313 6.705863680690527,49.65260937809944,414.3999938964844 6.705839289352298,49.65261541306973,414.6000061035156 6.705800062045455,49.65263276360929,415 6.705776005983353,49.65262077748775,415.2000122070313 6.705752285197377,49.65262278914452,415.6000061035156 6.705740718171001,49.65262521989644,415.7999877929688 6.705702496692538,49.65263477526605,416.2000122070313 6.705689923837781,49.6526393853128,416.3999938964844 6.705656144768,49.6526375412941,416.6000061035156 6.70562295243144,49.65263318270445,416.7999877929688 6.705593029037118,49.65263955295086,417 6.705561513081193,49.65263888239861,417.2000122070313 6.705553969368339,49.6526409778744,417.3999938964844 6.705540474504232,49.65264290571213,417.7999877929688 6.705513317137957,49.65264374390244,418 6.705493787303567,49.65265899896622,418 6.705475514754653,49.65266025625169,418 6.705457745119929,49.65265573002398,418 6.705428324639797,49.65267132036388,418.6000061035156 6.705408543348312,49.65267986990511,418.7999877929688 6.705380966886878,49.65268867090344,419.2000122070313 6.705371327698231,49.65269202366471,419.3999938964844 6.705316677689552,49.65268900617957,419.7999877929688 6.705270912498236,49.65269043110311,419.7999877929688 6.705230176448822,49.6526946220547,420 6.705181812867522,49.65271188877523,420.6000061035156 6.705155158415437,49.6527202706784,421 6.705130096524954,49.65273804031312,421.2000122070313 6.705105621367693,49.65275103226304,421.2000122070313 6.70508592389524,49.65276310220361,421.3999938964844 6.705051055178046,49.65277835726738,421.7999877929688 6.705025490373373,49.65279419906437,422 6.704994225874543,49.65279193595052,422.3999938964844 6.705001434311271,49.65279897674918,422.6000061035156 6.705007804557681,49.65280341915786,422.7999877929688 6.705014929175377,49.65280937030911,422.6000061035156 6.705009983852506,49.6528014075011,422.7999877929688 6.70501115731895,49.65280123986304,422.6000061035156 6.705012498423457,49.65279839001596,422.6000061035156 6.704999506473541,49.65279260650277,422.7999877929688 6.704994142055512,49.65279076248407,422.7999877929688 6.704983999952674,49.65278187766671,422.7999877929688 6.704983161762357,49.65278011746705,422.7999877929688 6.704982658848167,49.65277877636254,422.7999877929688 6.704981820657849,49.6527770999819,422.7999877929688 6.70497989282012,49.65277508832514,422.7999877929688 6.704983916133642,49.65277835726738,422.7999877929688 6.704980647191405,49.6527789440006,422.7999877929688 6.704980982467532,49.65277927927673,423 6.704977294430137,49.65278070420027,423 6.70497695915401,49.65278187766671,423 6.704972516745329,49.65277743525803,423.2000122070313 6.704941252246499,49.65277517214417,423.2000122070313 6.704935720190406,49.65278590098023,423.2000122070313 6.704908730462194,49.65283208526671,423.2000122070313 6.704906634986401,49.65283954516053,423.2000122070313 6.704876711592078,49.65285211801529,423.2000122070313 6.704834550619125,49.65285538695753,423.7999877929688 6.704822815954685,49.65285622514784,424 6.70481133274734,49.65285706333816,424.2000122070313 6.704737320542336,49.65286619961262,424.7999877929688 6.704706223681569,49.65286812745035,425 6.704696416854858,49.65286921709776,425.2000122070313 6.70466766692698,49.6528656128794,425.6000061035156 6.704659536480904,49.65286586433649,425.7999877929688 6.704609328880906,49.65288958512247,426.3999938964844 6.704608742147684,49.65289620682597,426.3999938964844 6.704592062160373,49.65290324762464,426.6000061035156 6.704539004713297,49.65292311273515,427.2000122070313 6.704526348039508,49.65292923152447,427.3999938964844 6.704514361917973,49.65293627232313,427.3999938964844 6.704485444352031,49.65294725261629,427.6000061035156 6.70445610769093,49.65296477079391,427.6000061035156 6.704447977244854,49.65296695008874,427.7999877929688 6.704414784908295,49.65298136696219,428.2000122070313 6.704406403005123,49.65298572555184,428.2000122070313 6.704396763816476,49.65299083851278,428.2000122070313 6.704347478225827,49.65299033559859,428.3999938964844 6.704333731904626,49.65299201197922,428.3999938964844 6.704318141564727,49.65299477800727,428.6000061035156 6.704265251755714,49.65300902724266,428.7999877929688 6.704240692779422,49.6530136372894,428.7999877929688 6.704233903437853,49.65301791206002,428.7999877929688 6.704198615625501,49.65302872471511,429.2000122070313 6.704178247600794,49.65304230339825,429.3999938964844 6.704087806865573,49.65306962840259,429.7999877929688 6.704073557630181,49.65307071805,429.7999877929688 6.704044053331018,49.65307205915451,430 6.70395671389997,49.65307205915451,430 6.703936848789454,49.65307692065835,430 6.703866943717003,49.65309837833047,430 6.703850431367755,49.65309888124466,430 6.703796116635203,49.6530966181308,430.2000122070313 6.703782370314002,49.65310064144433,430.6000061035156 6.703665191307664,49.65309795923531,431 6.703573996201158,49.65309351682663,430.7999877929688 6.703559663146734,49.65309401974082,430.7999877929688 6.703538876026869,49.65309645049274,431 6.70352915301919,49.65309837833047,431.2000122070313 6.703469976782799,49.65310525149107,431.3999938964844 6.703451536595821,49.65311338193715,431.3999938964844 6.703427983447909,49.65311706997454,431.6000061035156 6.703399987891316,49.65311648324132,431.6000061035156 6.703342068940401,49.65313869528472,431.6000061035156 6.703291442245245,49.65314674191177,431.6000061035156 6.703257830813527,49.65314724482596,431.6000061035156 6.703244168311358,49.65315151959658,431.3999938964844 6.703233188018203,49.65315503999591,431.3999938964844 6.70320033095777,49.65315805748105,431.2000122070313 6.703184153884649,49.65315998531878,431.2000122070313 6.703157247975469,49.65317473746836,431.3999938964844 6.703091617673636,49.65317549183965,431.3999938964844 6.703065633773804,49.65317876078188,431.6000061035156 6.703058760613203,49.65317876078188,431.7999877929688 6.703046103939414,49.65318018570542,431.7999877929688 6.70302196405828,49.65318638831377,432 6.702992459759116,49.65318513102829,432.2000122070313 6.702971002086997,49.65318177826703,432.3999938964844 6.702913753688335,49.65318018570542,432.6000061035156 6.702879555523396,49.65317850932479,432.7999877929688 6.702776458114386,49.65314255096018,433.7999877929688 6.702731782570481,49.6531140524894,434 6.702710492536426,49.65307683683932,434.3999938964844 6.702660536393523,49.65306795202196,434.6000061035156 6.702639665454626,49.65306451544166,434.7999877929688 6.702605048194528,49.65306183323264,434.7999877929688 6.70252793468535,49.65304599143565,435.3999938964844 6.702511589974165,49.65304967947304,435.7999877929688 6.702488791197538,49.65304523706436,435.7999877929688 6.702468423172832,49.65304020792246,436 6.702431878075004,49.65302872471511,436.2000122070312 6.702386951074004,49.65302587486804,436.3999938964844 6.702347723767161,49.65301849879324,436.7999877929688 6.702342024073005,49.65301531367004,437 6.702329618856311,49.65301455929875,437.3999938964844 6.702257115393877,49.652980864048,437.6000061035156 6.702237585559487,49.65296007692814,437.7999877929688 6.702241776511073,49.65294096618891,438 6.702244374901056,49.65293149463832,438.2000122070312 6.702240351587534,49.65292789041996,438.2000122070312 6.702258624136448,49.65291799977422,438.3999938964844 6.702263485640287,49.65291816741228,438.3999938964844 6.702283350750804,49.65292026288807,438.3999938964844 6.702282512560487,49.65292210690677,438.3999938964844 6.702276058495045,49.6529311593622,438.6000061035156 6.702272119000554,49.6529311593622,438.3999938964844 6.702254936099052,49.6529325004667,438 6.70222844928503,49.65293652378023,438.2000122070312 6.702192826196551,49.65294222347438,438.3999938964844 6.702181342989206,49.65294700115919,438.3999938964844 6.702171368524432,49.65295622125268,438.3999938964844 6.702146977186203,49.65297407470644,438.3999938964844 6.702116131782532,49.65297910384834,438.3999938964844 6.702085789293051,49.65298555791378,438.6000061035156 6.702069109305739,49.65297466143966,438.7999877929688 6.702053854241967,49.652962340042,438.7999877929688 6.702017476782203,49.65293526649475,438.7999877929688 6.701997527852655,49.65292227454484,438.7999877929688 6.701989062130451,49.65291732922196,438.7999877929688 6.701975902542472,49.65291246771812,439 6.701979758217931,49.65291129425168,439.2000122070313 6.701980344951153,49.65289620682597,439.2000122070313 6.701993755996227,49.65288455598056,439.2000122070313 6.701973220333457,49.65290173888206,439.2000122070313 6.701955199241638,49.6528997272253,439.2000122070313 6.701948074623942,49.65289888903499,439.2000122070313 6.701915971934795,49.65290484018624,439.2000122070313 6.701911278069019,49.65290651656687,439.2000122070313 6.701903566718102,49.65290551073849,439.3999938964844 6.7019088473171,49.65289964340627,439.3999938964844 6.701910020783544,49.65288992039859,439.3999938964844 6.701891915872693,49.65287156403065,439.6000061035156 6.701823519542813,49.6528413053602,439.7999877929688 6.701817819848657,49.65283091180027,439.7999877929688 6.701796445995569,49.65279495343566,439.3999938964844 6.701797368004918,49.65279235504568,439.3999938964844 6.701806588098407,49.65278992429376,439 6.701770713552833,49.65278347022831,439.2000122070313 6.701734084635973,49.65277802199125,439.3999938964844 6.701695276424289,49.65275882743299,439.7999877929688 6.701687816530466,49.65275279246271,439.7999877929688 6.701664347201586,49.65273359790444,439.7999877929688 6.701648253947496,49.65272303670645,439.7999877929688 6.701630735769868,49.65271985158324,439.7999877929688 6.701624030247331,49.65270979329944,439.6000061035156 6.70160056091845,49.65270359069109,439.3999938964844 6.701586646959186,49.65269319713116,439.3999938964844 6.701582539826632,49.65269696898758,439.3999938964844 6.701581617817283,49.65270082466304,439.6000061035156 6.701580192893744,49.65271700173616,439.7999877929688 6.70157709158957,49.65271825902164,439.7999877929688 6.701572900637984,49.65271733701229,439.6000061035156 6.701562087982893,49.65280903503299,439.3999938964844 6.701571810990572,49.6527580730617,439.2000122070313 6.70157172717154,49.65273141860962,439.2000122070313 6.701567452400923,49.65271758846939,439.2000122070313 6.701553789898753,49.65270820073783,439.2000122070313 6.701539037749171,49.65270057320595,439.3999938964844 6.701489919796586,49.65266578830779,439.6000061035156 6.701480364426971,49.65265681967139,439.6000061035156 6.701471228152514,49.65264592319727,439.6000061035156 6.701448848471046,49.65262731537223,439.6000061035156 6.701409453526139,49.65258867479861,439.7999877929688 6.701399143785238,49.65257593430579,439.7999877929688 6.701348936185241,49.65253687463701,439.3999938964844 6.70132253319025,49.65252002701163,439.3999938964844 6.701301075518131,49.65249680913985,439.2000122070313 6.701268553733826,49.65247191488743,439.2000122070313 6.70121306553483,49.65242740698159,438.6000061035156 6.701195714995265,49.65241852216423,438.6000061035156 6.701134108006954,49.65237116441131,438.6000061035156 6.701121535152197,49.6523613575846,438.6000061035156 6.701098317280412,49.65233897790313,438.6000061035156 6.701069064438343,49.65230913832784,438.6000061035156 6.701065879315138,49.6523005887866,438.3999938964844 6.701068477705121,49.65229195542634,438.2000122070312 6.701064957305789,49.65229321271181,437.7999877929688 6.701061269268394,49.65229522436857,437.7999877929688 6.701031681150198,49.65228977613151,437.3999938964844 6.70100687071681,49.65228726156056,437.3999938964844 6.700993878766894,49.65228784829378,437.3999938964844 6.700992370024324,49.65228332206607,437.3999938964844 6.700993627309799,49.65227921493351,437.3999938964844 6.700987340882421,49.65227368287742,437.3999938964844 6.700981976464391,49.65226538479328,437.3999938964844 6.700975522398949,49.65226010419428,437.2000122070313 6.700989017263055,49.65226018801332,437.2000122070313 6.70097996480763,49.65224795043468,437.2000122070313 6.700970074161887,49.65224300511181,437 6.70093503780663,49.6522194519639,436.7999877929688 6.700913663953543,49.65219564735889,436.6000061035156 6.700859935954213,49.65214275754988,436.6000061035156 6.700849374756217,49.6521332859993,436.6000061035156 6.700804363936186,49.65208953246474,436.7999877929688 6.700786594301462,49.65207436122,436.6000061035156 6.700755497440696,49.65204250998795,436 6.700738733634353,49.65202524326742,435.7999877929688 6.700686514377594,49.6519932243973,435.3999938964844 6.700658099725843,49.65197092853487,435.2000122070313 6.70064284466207,49.65195626020432,434.6000061035156 6.700619040057063,49.6519260853529,434.6000061035156 6.700594145804644,49.65189616195858,434.3999938964844 6.700581405311823,49.65187914669514,434.2000122070313 6.700564809143543,49.65186255052686,434 6.700536226853728,49.65183455497026,433.6000061035156 6.700521977618337,49.65182206593454,433.3999938964844 6.700512254610658,49.65180697850883,433.2000122070313 6.700470680370927,49.65176615864038,432.3999938964844 6.70040781609714,49.65171603485942,432.2000122070313 6.700396835803986,49.65170455165207,432.2000122070313 6.700350735336542,49.6516359038651,431.3999938964844 6.700340593233705,49.6516237501055,431.3999938964844 6.700325673446059,49.65160707011819,431 6.700315531343222,49.65158971957862,430.7999877929688 6.700307065621018,49.65157664380968,430.7999877929688 6.700266916304827,49.65152601711452,430.2000122070313 6.70024017803371,49.65147824026644,429.6000061035156 6.7001957539469,49.65142325498164,429.2000122070313 6.700192149728537,49.65141747146845,429.2000122070313 6.700152838602662,49.65134974569082,428 6.700132889673114,49.65131931938231,427.7999877929688 6.700113527476788,49.65126810595393,427.2000122070313 6.700100619345903,49.65125477872789,427 6.70006331987679,49.65121588669717,426.7999877929688 6.700057536363602,49.65120473876595,426.3999938964844 6.700052674859762,49.65118168853223,426 6.700050244107842,49.65116693638265,426 6.700039934366942,49.65113986283541,425.6000061035156 6.700030881911516,49.65112536214292,425.3999938964844 6.700009256601334,49.65108227916062,425 6.700004730373621,49.65107054449618,425 6.699994252994657,49.65104766190052,424.6000061035156 6.699971202760935,49.65100441128016,423.6000061035156 6.699956199154258,49.65095965191722,423.2000122070313 6.699943207204342,49.65093509294093,423.2000122070313 6.699942369014025,49.65092243626714,423 6.699945973232389,49.65089544653893,423 6.69996365904808,49.65086518786848,422.6000061035156 6.699963575229049,49.65085739269853,422.3999938964844 6.699964413419366,49.65082922950387,421.3999938964844 6.699939854443073,49.65083057060838,421 6.699900208041072,49.65083291754127,420.6000061035156 6.699899788945913,49.65083392336965,420.3999938964844 6.69988889247179,49.65083509683609,420.3999938964844 6.699881348758936,49.65083241462708,420.3999938964844 6.699879672378302,49.6508224401623,420.3999938964844 6.699888724833727,49.65081246569753,420.3999938964844 6.699898196384311,49.65080726891756,420.3999938964844 6.699900459498167,49.65080441907048,420.3999938964844 6.699897777289152,49.65079193003476,420.3999938964844 6.699894675984979,49.65078145265579,420.2000122070313 6.699904063716531,49.65074624866247,419.7999877929688 6.699917810037732,49.65072529390454,419.7999877929688 6.699930718168616,49.65070107020438,419.7999877929688 6.699953265488148,49.65068321675062,419.2000122070313 6.69996315613389,49.65067584067583,419.2000122070313 6.700007328763604,49.65063041076064,418.3999938964844 6.700030211359263,49.65061146765947,418 6.700057536363602,49.65057492256165,417.6000061035156 6.700073545798659,49.65056436136365,417.3999938964844 6.700099613517523,49.65053787454963,417 6.700126184150577,49.65052605606616,416.6000061035156 6.70013464987278,49.65052287094295,416.2000122070313 6.700167926028371,49.65050744824111,415.7999877929688 6.700182761996985,49.65049328282475,415.7999877929688 6.700199609622359,49.65048951096833,415.7999877929688 6.700265910476446,49.65046931058168,415.2000122070313 6.700308490544558,49.6504513733089,414.6000061035156 6.700353669002652,49.65041499584913,414 6.700422316789627,49.65035615488887,413.7999877929688 6.70043078251183,49.65035028755665,413.6000061035156 6.700459783896804,49.65031047351658,413.6000061035156 6.700505297631025,49.65025180019438,412.7999877929688 6.700503788888454,49.65023252181709,412.6000061035156 6.70050454325974,49.65021701529622,412.6000061035156 6.700505129992962,49.6502061188221,412.6000061035156 6.700512506067753,49.65019572526217,412.3999938964844 6.700531616806984,49.65016555041075,412.2000122070313 6.700537903234363,49.65015691705048,412.3999938964844 6.700544189661741,49.65014576911926,412.6000061035156 6.700570425018668,49.65014040470123,412.6000061035156 6.700593391433358,49.65012716129422,412.7999877929688 6.700621554628015,49.65011056512594,413 6.700733369216323,49.65005926787853,413 6.700797826051712,49.65001903474331,412.7999877929688 6.700812410563231,49.65000864118338,412.7999877929688 6.700829342007637,49.65000260621309,412.7999877929688 6.700874855741859,49.64997377246618,412.3999938964844 6.700868988409638,49.64994376525283,412.3999938964844 6.700877202674747,49.64991291984916,412.2000122070313 6.700922716408968,49.64985810220242,411.7999877929688 6.700949119403958,49.64983723126352,411.6000061035156 6.700975773856044,49.64978593401611,411.3999938964844 6.700983317568898,49.64976321905851,411.3999938964844 6.701024053618312,49.64975106529891,411 6.701033273711801,49.64974301867187,410.7999877929688 6.701034614816308,49.64973329566419,410.6000061035156 6.701026065275073,49.64973472058773,410.3999938964844 6.70102103613317,49.64973187074065,410.2000122070313 6.701000751927495,49.64972801506519,410.2000122070313 6.700978372246027,49.64972239919007,410.2000122070313 6.700931852683425,49.64972198009491,410.2000122070313 6.700875358656049,49.64973849244416,410.3999938964844 6.700861947610974,49.64974980801344,410.3999938964844 6.700849123299122,49.64974913746119,410.3999938964844 6.700848368927836,49.64974989183247,410.3999938964844 6.700848117470741,49.64975014328957,410.3999938964844 6.700843423604965,49.64975249022245,410.3999938964844 6.700835460796952,49.64975651353598,410.6000061035156 6.700830515474081,49.64975718408823,410.6000061035156 6.700830347836018,49.64975743554533,410.6000061035156 6.700830096378923,49.64975793845952,410.6000061035156 6.700829425826669,49.64975860901177,410.3999938964844 6.700828755274415,49.64975902810693,410.2000122070313 6.70082657597959,49.64975802227855,410.3999938964844 6.700823809951544,49.64975969865918,410.2000122070313 6.700819786638022,49.64976229704916,410.2000122070313 6.7008260730654,49.64975701645017,410.2000122070313 6.700830850750208,49.64975399896502,410.2000122070313 6.700835209339857,49.64975399896502,410.2000122070313 6.700836634263396,49.64975383132696,410.2000122070313 6.700842250138521,49.64975190348923,410.3999938964844 6.700848788022995,49.64975257404149,410.3999938964844 6.700875442475081,49.64975123293698,410.6000061035156 6.700876029208303,49.64975148439407,410.6000061035156 6.700875945389271,49.64975148439407,410.6000061035156 6.700876699760556,49.64975081384182,410.6000061035156 6.700877202674747,49.64975005947053,410.6000061035156 6.700883405283094,49.64974930509925,410.6000061035156 6.700874520465732,49.64974461123347,410.6000061035156 6.700870580971241,49.64974285103381,410.6000061035156 6.700859516859055,49.64974352158606,410.6000061035156 6.700847195461392,49.6497502271086,410.6000061035156 6.700825402513146,49.64976179413497,410.6000061035156 6.700830683112145,49.64976313523948,410.6000061035156 6.700832443311811,49.64975877664983,410.6000061035156 6.700852978974581,49.64974452741444,410.6000061035156 6.700870078057051,49.64974008500576,410.6000061035156 6.700850464403629,49.64973723515868,410.6000061035156 6.700847195461392,49.64973421767354,410.6000061035156 6.700854152441025,49.6497362293303,410.6000061035156 6.700855242088437,49.6497362293303,410.6000061035156 6.70085733756423,49.6497362293303,410.6000061035156 6.700864797458053,49.64972164481878,410.6000061035156 6.700884997844696,49.64971259236336,410.6000061035156 6.700899330899119,49.64971099980175,410.6000061035156 6.700990274548531,49.64968828484416,410.6000061035156 6.701036207377911,49.64967923238873,410.6000061035156 6.70104986988008,49.64966422878206,410.6000061035156 6.701057245954871,49.6496294438839,409.7999877929688 6.701065041124821,49.64961083605886,409.2000122070313 6.701076356694102,49.64959013275802,408.7999877929688 6.701092114672065,49.64956582523882,408.7999877929688 6.701100915670395,49.64956289157271,408.6000061035156 6.701110554859042,49.64954939670861,408.2000122070313 6.701120361685753,49.64954143390059,408.2000122070313 6.701129749417305,49.64952022768557,408 6.701153302565217,49.64947840198874,407.7999877929688 6.701157158240676,49.64946524240077,407.6000061035156 6.701154978945851,49.6494666673243,407.6000061035156 6.70115296728909,49.64946767315269,407.6000061035156 6.701136874035001,49.64946423657238,407.2000122070313 6.701133856549859,49.64946541003883,407.2000122070313 6.701131593436003,49.64946616441011,407 6.701132096350193,49.6494653262198,407 6.70113050378859,49.64945996180177,407 6.701125474646688,49.64946054853499,407.2000122070313 6.701120529323816,49.64946012943983,407 6.701117679476738,49.64946113526821,406.7999877929688 6.701119439676404,49.64946398511529,407 6.701108291745186,49.64946893043816,407.2000122070313 6.701107202097774,49.64946867898107,407.2000122070313 6.7011075373739,49.64946825988591,407.2000122070313 6.701110387220979,49.64947002008557,407.3999938964844 6.701111644506455,49.64946901425719,407.3999938964844 6.701165037229657,49.64943506754935,407.2000122070313 6.701203593984246,49.64943221770227,407 6.701205270364881,49.64943540282547,407 6.701202001422644,49.64943800121546,407 6.701197559013963,49.6494407672435,406.7999877929688 6.701196888461709,49.64944303035736,406.7999877929688 6.701194206252694,49.64944378472865,406.7999877929688 6.701190937310457,49.64944412000477,406.7999877929688 6.701187500730157,49.64944370090961,406.7999877929688 6.701157325878739,49.64943892322481,407 6.701156152412295,49.64943121187389,407 6.701159337535501,49.6494151186198,407 6.701163528487086,49.64939542114735,407 6.70123603194952,49.6493805013597,407 6.701258746907115,49.64937756769359,407 6.701273499056697,49.64937010779977,407 6.701308032497764,49.64933825656772,407 6.701328903436661,49.64932350441813,406.3999938964844 6.701347008347511,49.64930975809693,406 6.701360838487744,49.64929467067122,405.7999877929688 6.701360084116459,49.64924555271864,405 6.701344661414623,49.64923599734902,404.7999877929688 6.701313564553857,49.64922384358943,404 6.701299650594592,49.64921956881881,403.7999877929688 6.701262267306447,49.64921529404819,403.2000122070313 6.701246676966548,49.64921386912465,403 6.701230835169554,49.64921143837273,402.7999877929688 6.701214155182242,49.6492060739547,402.6000061035156 6.701152212917805,49.64919081889093,401.3999938964844 6.701127151027322,49.64918084442616,400.2000122070313 6.701108040288091,49.64917162433267,399.6000061035156 6.701046852394939,49.64917162433267,399.2000122070313 6.701032435521483,49.64917539618909,399 6.701019108295441,49.64917254634202,399 6.701013743877411,49.64916625991464,399 6.701025729998946,49.64916994795203,399 6.701030926778913,49.64917154051363,398.7999877929688 6.70104450546205,49.64916609227657,399 6.70102346688509,49.6491526812315,399 6.701004356145859,49.64914673008025,399 6.700973426923156,49.64913851581514,398.7999877929688 6.700964039191604,49.64913960546255,398.6000061035157 6.700955238193274,49.64913734234869,398.0000000000001 6.700925566256046,49.6491164714098,396.7999877929688 6.700906790792942,49.64909409172833,396.2000122070313 6.700885249301791,49.64901999570429,395.7999877929688 6.700891787186265,49.64900985360146,395.7999877929688 6.700898827984929,49.64900205843151,395.6000061035156 6.700914250686765,49.64898630045354,395.6000061035156 6.700923889875412,49.64896593242884,395.7999877929688 6.700958926230669,49.64894212782383,396.0000000000001 6.700981557369232,49.6489280462265,396.0000000000001 6.701007708907127,49.64892578311265,396.0000000000001 6.701024053618312,49.64891832321882,396.0000000000001 6.701037883758545,49.64891128242016,396.0000000000001 6.701093539595604,49.64888873510063,396.0000000000001 6.701165037229657,49.64887247420847,396.2000122070313 6.7012008279562,49.64887071400881,396.3999938964844 6.701275678351522,49.64886300265789,396.2000122070313 6.701301746070385,49.64884422719479,396.2000122070313 6.701327729970217,49.64881304651499,396.2000122070313 6.701354300603271,49.64878865517676,396.2000122070313 6.701371064409614,49.64877624996006,395.7999877929688 6.701405681669712,49.64875772595406,395.6000061035156 6.701521603390575,49.64871455915272,395.2000122070313 6.701630568131805,49.64868446812034,394.7999877929688 6.701710112392902,49.64867834933102,394.6000061035157 6.701749339699745,49.64867281727493,394.3999938964844 6.701770965009928,49.64865521527827,394.3999938964844 6.701785549521446,49.64864666573703,394.6000061035157 6.701795775443316,49.64863861910999,394.6000061035157 6.701802732422948,49.64863250032067,394.6000061035157 6.701879594475031,49.64862101711333,394.3999938964844 6.701889066025615,49.64861699379981,394.2000122070313 6.701899040490389,49.64861414395273,394.2000122070313 6.701899124309421,49.64860182255507,394.2000122070313 6.701912200078368,49.64858531020582,394.0000000000001 6.701966682448983,49.64855873957276,393.7999877929688 6.702021332457662,49.64850132353604,393.6000061035156 6.702048573642969,49.64847274124622,393.2000122070313 6.702084112912417,49.64842823334038,392.3999938964844 6.702094590291381,49.64839805848897,392.3999938964844 6.702087800949812,49.64838691055775,392.2000122070313 6.702082939445972,49.64837903156877,392.2000122070313 6.70207791030407,49.64835992082953,392.0000000000001 6.702043041586876,49.64832002297044,391.2000122070313 6.702038599178195,49.64829387143254,390.7999877929688 6.702026780694723,49.64824114926159,390.0000000000001 6.70202711597085,49.6482324320823,389.6000061035156 6.702020075172186,49.64818281121552,388.6000061035156 6.702017309144139,49.64814157225192,388.2000122070313 6.702011022716761,49.64812120422721,387.7999877929688 6.702009765431285,49.64811181649566,387.6000061035156 6.702006664127111,49.6481042727828,387.3999938964844 6.702004736289382,49.6480973996222,387.2000122070313 6.702003395184875,49.64809169992805,387 6.702009681612253,49.64807225391269,386.3999938964844 6.702010938897729,49.6480387263,385.7999877929688 6.702001132071018,49.64803587645292,385.6000061035156 6.701993755996227,49.64803386479616,385 6.701970538124442,49.6479972358793,384.3999938964844 6.701959222555161,49.64796655811369,384.2000122070313 6.701954025775194,49.64796463027596,384 6.701931562274694,49.64796479791403,384 6.701922761276364,49.64795826002955,384 6.701918067410588,49.64795616455376,384.2000122070313 6.701926700770855,49.64794392697513,383.7999877929688 6.70194698497653,49.64792305603623,383.7999877929688 6.701980177313089,49.64791182428598,383.6000061035156 6.701986631378532,49.64790503494442,383.3999938964844 6.701984787359834,49.64789992198348,383.3999938964844 6.701995013281703,49.64787779375911,382.7999877929688 6.702005574479699,49.64786312542856,382.6000061035156 6.702006328850985,49.64785784482956,382.3999938964844 6.702028959989548,49.64784787036479,382.2000122070313 6.702038682997227,49.64784778654575,381.7999877929688 6.702047735452652,49.64783772826195,381.7999877929688 
					</coordinates>
				</LineString>
			</MultiGeometry>
		</Placemark>
	</Folder>
</Document>
</kml>
