<?xml version="1.0" encoding="UTF-8"?>
<kml xmlns="http://www.opengis.net/kml/2.2" xmlns:gx="http://www.google.com/kml/ext/2.2" xmlns:kml="http://www.opengis.net/kml/2.2" xmlns:atom="http://www.w3.org/2005/Atom">
<Placemark>
	<name>track</name>
	<Style>
		<LineStyle>
			<color>ff0000ff</color>
			<width>4</width>
		</LineStyle>
	</Style>
	<MultiGeometry>
		<LineString>
			<coordinates>
				-6.159281032159925,57.49747403897345,178.94 -6.159276003018022,57.49760395847261,179.42 -6.15918698720634,57.49766103923321,178.46 -6.15918799303472,57.49767403118312,178.94 -6.159167038276792,57.49764896929264,177.98 -6.159163014963269,57.49764603562653,178.46 -6.159163014963269,57.49764603562653,179.9 -6.159156979992986,57.49764201231301,176.54 -6.159156979992986,57.49764201231301,180.38 -6.159139964729548,57.49764000065625,180.38 -6.159138036891818,57.49763396568596,179.9 -6.159134013578296,57.49764201231301,178.46 -6.159084979444742,57.49764000065625,178.94 -6.159071987494826,57.49761099927127,180.87 -6.159110041335225,57.49760395847261,178.94 -6.159110041335225,57.49760395847261,180.87 -6.159111969172955,57.49760496430099,178.94 -6.159111969172955,57.49760496430099,179.42 -6.159111969172955,57.49760496430099,180.38 -6.159111969172955,57.49760496430099,178.94 -6.159112975001335,57.49760798178613,182.31 -6.159112975001335,57.49760798178613,178.94 -6.159112975001335,57.49760798178613,178.46 -6.159111969172955,57.49761602841318,179.42 -6.159111969172955,57.49761602841318,177.5 -6.159109035506845,57.49762097373605,181.83 -6.159109035506845,57.49762097373605,177.98 -6.159109035506845,57.49762097373605,178.46 -6.159109035506845,57.49762097373605,178.94 -6.159109035506845,57.49762097373605,179.42 -6.159114986658096,57.49762298539281,178.94 -6.159084979444742,57.49760999344289,180.38 -6.159086991101503,57.49761401675642,180.38 -6.159087996929884,57.49761996790767,179.42 -6.159093026071787,57.49762499704957,177.98 -6.159095037728548,57.49763002619147,182.31 -6.159098977223039,57.49762700870633,180.87 -6.159095959737897,57.49763002619147,180.38 -6.159085985273123,57.49762902036309,180.38 -6.159083973616362,57.49762902036309,181.35 -6.159110041335225,57.49762097373605,179.9 -6.1591009888798,57.49761301092803,179.9 -6.159103000536561,57.49761099927127,177.02 -6.159093026071787,57.49760697595775,177.98 -6.159095959737897,57.49760798178613,178.94 -6.159111969172955,57.49761099927127,177.98 -6.159179024398327,57.49763698317111,178.46 -6.159173995256424,57.49763597734272,178.46 -6.159177012741566,57.49763798899949,178.46 -6.159173995256424,57.49762700870633,174.14 -6.159159997478128,57.49761896207929,173.17 -6.159140970557928,57.49761200509965,176.54 -6.159134013578296,57.49761200509965,176.54 -6.159181036055088,57.49762600287795,178.46 -6.159178018569946,57.49763899482787,177.98 -6.159151028841734,57.49766799621284,178.46 -6.159135019406676,57.49767595902085,177.98 -6.159098977223039,57.49769196845591,178.46 -6.159050026908517,57.49774997122586,179.42 -6.15903502330184,57.49778299592435,178.94 -6.159047009423375,57.49784896150231,177.02 -6.159055978059769,57.49786103144288,177.02 -6.159065030515194,57.49791299924254,177.5 -6.159081039950252,57.49791702255607,177.02 -6.159069975838065,57.49792599119246,176.06 -6.159110963344574,57.49791802838445,176.54 -6.15912496112287,57.49791400507092,177.02 -6.159126972779632,57.49792297370732,177.02 -6.159099983051419,57.49793697148561,177.02 -6.15910199470818,57.49794996343553,177.02 -6.159099983051419,57.49797301366925,176.54 -6.159092020243406,57.49798399396241,176.54 -6.159095959737897,57.49800302088261,177.5 -6.159105012193322,57.49801098369062,177.5 -6.159141976386309,57.49807896092534,176.06 -6.159142982214689,57.49809203669429,175.58 -6.159138958901167,57.4980949703604,176.06 -6.159136025235057,57.49815800227225,176.54 -6.159125966951251,57.49819102697074,176.06 -6.159130996093154,57.49820401892066,176.06 -6.159135019406676,57.49821801669896,176.06 -6.159137031063438,57.49822899699211,176.06 -6.159134013578296,57.49824098311365,176.54 -6.159129990264773,57.49825397506356,176.06 -6.159133007749915,57.49827803112566,175.58 -6.159154968336225,57.49837702140212,176.54 -6.159162009134889,57.49838800169528,176.54 -6.15918698720634,57.49845203943551,177.02 -6.159195033833385,57.4984610080719,177.5 -6.159205008298159,57.49848104082048,177.98 -6.159268962219358,57.49854700639844,179.9 -6.159301986917853,57.49859101139009,179.9 -6.159319002181292,57.4986319988966,181.35 -6.159412041306496,57.49870701692998,182.79 -6.159435007721186,57.4987250380218,183.75 -6.159510025754571,57.49874297529459,184.71 -6.159528968855739,57.49874398112297,184.71 -6.159547995775938,57.49874901026487,185.67 -6.159568028524518,57.49875403940678,186.15 -6.159586971625686,57.49875496141613,186.63 -6.159609016031027,57.49875596724451,186.63 -6.159627037122846,57.4987530335784,186.63 -6.159669030457735,57.4987250380218,186.15 -6.159686967730522,57.49871003441513,186.15 -6.159722004085779,57.4986869841814,187.59 -6.159725021570921,57.49867198057473,187.59 -6.159736001864076,57.49865999445319,187.11 -6.159749999642372,57.49865001998842,188.08 -6.159740025177598,57.49861003831029,187.11 -6.159727033227682,57.49860299751163,188.08 -6.159708006307483,57.49858698807657,190 -6.159698031842709,57.49857701361179,189.52 -6.159699959680438,57.49856997281313,189.52 -6.159701971337199,57.49855396337807,189.04 -6.159669030457735,57.49852403998375,190 -6.159632988274097,57.49845597893,190.96 -6.159633994102478,57.49843896366656,188.08 -6.159632988274097,57.49843100085855,190.96 -6.159615973010659,57.49841096810997,194.32 -6.159639023244381,57.49836696311831,191.44 -6.159640029072762,57.49834802001715,192.88 -6.159648997709155,57.49833402223885,194.32 -6.159648997709155,57.49833402223885,194.8 -6.159697026014328,57.49831901863217,197.21 -6.15972300991416,57.49831801280379,197.69 -6.15974597632885,57.49831901863217,196.73 -6.159794004634023,57.49832496978343,197.21 -6.159815965220332,57.49832496978343,196.73 -6.15985301323235,57.49833100475371,200.09 -6.159871034324169,57.49833301641047,203.94 -6.159890983253717,57.49833502806723,200.09 -6.159968012943864,57.49836000613868,202.01 -6.159978993237019,57.49836696311831,201.05 -6.160001959651709,57.49837199226022,198.65 -6.159992991015315,57.49836897477508,197.69 -6.160017969086766,57.49839101918042,202.01 -6.160035990178585,57.49840602278709,199.13 -6.16004797630012,57.4984419811517,198.17 -6.160051999613643,57.49846503138542,199.13 -6.160064991563559,57.49847802333534,199.13 -6.160072032362223,57.49848900362849,199.61 -6.160073038190603,57.49850300140679,200.09 -6.160103967413306,57.49858103692532,198.65 -6.160114025697112,57.49859000556171,199.13 -6.160127017647028,57.49860098585486,199.13 -6.160136992111802,57.49861096031964,199.61 -6.160166999325156,57.49863996170461,197.69 -6.160180997103453,57.49869695864618,197.69 -6.160170016810298,57.49874297529459,199.61 -6.160172028467059,57.49876401387155,199.61 -6.160183008760214,57.49879502691329,199.61 -6.160177979618311,57.4988579750061,201.53 -6.160177979618311,57.4988579750061,198.17 -6.160177979618311,57.4988579750061,194.32 -6.160177979618311,57.4988579750061,197.69 -6.160177979618311,57.4988579750061,198.65 -6.160179991275072,57.49885998666286,198.17 -6.160186026245356,57.49886702746153,201.53 -6.16017303429544,57.49891899526119,202.98 -6.16017303429544,57.49891899526119,204.9 -6.16017303429544,57.49891899526119,203.46 -6.16017404012382,57.49892896972597,202.98 -6.160179991275072,57.49894003383815,203.46 -6.160208992660046,57.49902603216469,204.42 -6.160213015973568,57.49904698692262,204.42 -6.16021896712482,57.49907095916569,204.9 -6.160222990438342,57.49906802549958,205.38 -6.160244029015303,57.49911303631961,206.34 -6.16025903262198,57.49914203770459,206.82 -6.16034796461463,57.49916701577604,209.7 -6.160449972376227,57.49916198663414,209.7 -6.160549968481064,57.49919601716101,211.15 -6.160575030371547,57.49921496026218,212.59 -6.160587016493082,57.49922602437437,212.11 -6.160706961527467,57.49928696081042,214.03 -6.160796983167529,57.49935502186418,215.95 -6.160895973443985,57.49938896857202,216.43 -6.160921035334468,57.49939098022878,216.91 -6.160998987033963,57.49940598383546,216.43 -6.161020025610924,57.49940799549222,216.43 -6.161038968712091,57.49941201880574,217.4 -6.16105598397553,57.49942098744214,216.91 -6.161097977310419,57.49943699687719,219.32 -6.161126978695393,57.49942903406918,218.84 -6.161128990352154,57.49942702241242,217.88 -6.161128990352154,57.49942702241242,218.84 -6.161122033372521,57.49943196773529,218.36 -6.161232003942132,57.49940103851259,218.84 -6.16124901920557,57.49940003268421,219.8 -6.161269973963499,57.49940003268421,218.36 -6.161391008645296,57.49939701519907,219.8 -6.161474995315075,57.49939098022878,220.28 -6.161497961729765,57.49939299188554,218.84 -6.161522017791867,57.49939701519907,220.28 -6.161585971713066,57.49939802102745,219.8 -6.161624025553465,57.49939098022878,219.8 -6.161796022206545,57.49942098744214,219.8 -6.161875985562801,57.49947203323245,220.28 -6.161923008039594,57.49954403378069,220.76 -6.161930970847607,57.49955199658871,220.28 -6.161930970847607,57.49956398271024,220.76 -6.161928037181497,57.4995749630034,221.24 -6.16193599998951,57.49960698187351,219.8 -6.161939017474651,57.4996489752084,223.64 -6.16193700581789,57.49965903349221,223.64 -6.161954021081328,57.4996819999069,221.72 -6.161952009424567,57.49969398602843,220.28 -6.161994002759457,57.49981401488185,221.72 -6.162005988880992,57.49982398934662,221.72 -6.162019986659288,57.4998339638114,221.24 -6.162032978609204,57.49984796158969,221.24 -6.162072038277984,57.49991602264345,222.2 -6.162080001085997,57.4999270029366,222.2 -6.162087041884661,57.49993999488652,221.72 -6.162092993035913,57.49995499849319,222.2 -6.162090981379151,57.49996698461473,220.76 -6.162096010521054,57.50003596767783,224.12 -6.162092993035913,57.50004502013326,222.68 -6.16208796389401,57.50006304122508,219.32 -6.162087041884661,57.50007200986147,223.16 -6.162081006914377,57.50009497627616,228.93 -6.162083018571138,57.50010402873158,224.12 -6.162083018571138,57.50013797543943,228.45 -6.16208896972239,57.50014803372324,227.97 -6.162091987207532,57.50015398487449,224.61 -6.162101039662957,57.50016102567315,224.61 -6.162123000249267,57.5001809746027,225.09 -6.162135992199183,57.50019698403776,226.05 -6.162144038826227,57.50020100735128,222.2 -6.162144038826227,57.50020100735128,223.64 -6.162144038826227,57.50020100735128,224.61 -6.162144038826227,57.50020100735128,230.85 -6.162144038826227,57.50020100735128,230.85 -6.162144038826227,57.50020100735128,225.09 -6.162144038826227,57.50020100735128,226.53 -6.162144038826227,57.50020100735128,230.37 -6.162163987755776,57.50022598542273,231.33 -6.162185026332736,57.50026596710086,232.78 -6.16221696138382,57.5002829823643,233.26 -6.162250991910696,57.50029396265745,228.93 -6.162250991910696,57.50029396265745,223.64 -6.162250991910696,57.50029396265745,231.81 -6.162250991910696,57.50029396265745,232.3 -6.162250991910696,57.50029396265745,235.18 -6.162298014387488,57.50032003037632,233.26 -6.162357022985816,57.50037199817598,232.3 -6.16236599162221,57.5003760214895,235.66 -6.162377977743745,57.50038096681237,235.18 -6.162395998835564,57.50039798207581,234.22 -6.16247202269733,57.50045799650252,236.14 -6.162484008818865,57.50046897679567,236.62 -6.162493983283639,57.50048096291721,239.02 -6.162539999932051,57.5005089584738,235.66 -6.162578975781798,57.50053603202105,231.81 -6.162578975781798,57.50053603202105,238.06 -6.162609988823533,57.50053997151554,235.18 -6.162628009915352,57.50053502619267,235.18 -6.162637984380126,57.50053502619267,233.26 -6.162637984380126,57.50053502619267,236.14 -6.162662040442228,57.50057400204241,235.18 -6.162665979936719,57.50058598816395,239.02 -6.1626669857651,57.5005969684571,238.06 -6.162690035998821,57.50063401646912,237.58 -6.162806041538715,57.50066796317697,239.02 -6.162898996844888,57.50067399814725,241.91 -6.162991030141711,57.50070299953222,240.95 -6.163029000163078,57.50074398703873,241.91 -6.163036962971091,57.5008250400424,242.39 -6.163052972406149,57.50085798092186,244.79 -6.163059007376432,57.50086099840701,241.43 -6.163059007376432,57.50086099840701,245.75 -6.163059007376432,57.50086099840701,246.23 -6.163059007376432,57.50086099840701,244.31 -6.163059007376432,57.50086099840701,242.87 -6.163059007376432,57.50086099840701,239.99 -6.163059007376432,57.50086099840701,239.99 -6.163044003769755,57.50084700062871,245.27 -6.163044003769755,57.50084700062871,243.35 -6.163044003769755,57.50084700062871,245.75 -6.163044003769755,57.50084700062871,245.75 -6.163116004317999,57.50090701505542,246.23 -6.163153974339366,57.50092897564173,246.72 -6.163237038999796,57.50097096897662,249.12 -6.163309961557388,57.50100097618997,251.52 -6.163368970155716,57.50104104168713,251.04 -6.16341901011765,57.50112704001367,251.52 -6.163422027602792,57.50115503557026,253.44 -6.163420015946031,57.50117196701467,254.41 -6.163450023159385,57.50125100836158,256.33 -6.16348396986723,57.50129099003971,257.77 -6.163506014272571,57.50130599364638,258.25 -6.163550019264221,57.50132099725306,258.73 -6.163625959306955,57.50133197754622,253.93 -6.163625959306955,57.50133197754622,260.17 -6.163625959306955,57.50133197754622,264.02 -6.163625959306955,57.50133197754622,266.9 -6.163625959306955,57.50133197754622,262.58 -6.163625959306955,57.50133197754622,263.54 -6.16365697234869,57.50132602639496,255.37 -6.163663007318974,57.50132502056658,256.81 -6.163671975955367,57.50132703222334,261.14 -6.163695026189089,57.50132703222334,261.14 -6.163716986775398,57.50131999142468,257.77 -6.163716986775398,57.50131999142468,256.33 -6.163728972896934,57.50132099725306,260.17 -6.163758980110288,57.50132602639496,264.02 -6.163885965943337,57.50131596811116,264.02 -6.163907004520297,57.50131697393954,263.54 -6.163945980370045,57.50132300890982,262.58 -6.163965007290244,57.50132200308144,264.02 -6.163975987583399,57.50131999142468,261.14 -6.164012029767036,57.50131797976792,262.58 -6.164047988131642,57.50132602639496,264.5 -6.16408403031528,57.5013240147382,263.54 -6.164092998951674,57.5013189855963,260.17 -6.164134992286563,57.50133398920298,263.54 -6.164162987843156,57.50134999863803,264.98 -6.164185032248497,57.50136299058795,265.46 -6.164205987006426,57.50136801972985,267.86 -6.164224008098245,57.50137296505272,267.86 -6.164339007809758,57.50141303054988,269.79 -6.164359040558338,57.50141495838761,266.42 -6.164378989487886,57.50141898170114,267.38 -6.164405979216099,57.50142996199429,265.94 -6.164396004751325,57.50143197365105,265.94 -6.164446966722608,57.50144898891449,267.86 -6.164506981149316,57.50144798308611,267.38 -6.164611000567675,57.50146198086441,267.86 -6.164724994450808,57.50144999474287,267.38 -6.164854997768998,57.50143398530781,269.31 -6.164876958355308,57.50142501667142,270.75 -6.16490101441741,57.50142199918628,272.19 -6.164922975003719,57.50141797587276,270.27 -6.164948036894202,57.50141303054988,268.83 -6.165041998028755,57.50139702111483,268.83 -6.165135037153959,57.5014400202781,270.27 -6.165129002183676,57.50144798308611,270.27 -6.165127996355295,57.50147698447108,269.31 -6.165121961385012,57.50157002359629,272.67 -6.165122967213392,57.50160598196089,270.27 -6.165146017447114,57.50159801915288,275.56 -6.165184993296862,57.50159399583936,274.11 -6.165227992460132,57.50157698057592,274.11 -6.165241990238428,57.50156600028276,275.07 -6.165279960259795,57.50154898501933,274.11 -6.165355984121561,57.50152098946273,276.52 -6.165364030748606,57.50150799751282,273.15 -6.165384985506535,57.501489976421,276.52 -6.165464026853442,57.50145200639963,277.96 -6.165485987439752,57.50143700279295,278.44 -6.165495039895177,57.50142996199429,278.44 -6.165535021573305,57.50142501667142,281.8 -6.165565028786659,57.50140397809446,283.73 -6.165632000193,57.50137497670949,282.77 -6.165637029334903,57.50136600807309,279.88 -6.16563300602138,57.50136399641633,276.52 -6.16563300602138,57.50136399641633,277 -6.165629988536239,57.50136097893119,283.25 -6.165629988536239,57.50136097893119,288.05 -6.165629988536239,57.50136097893119,285.65 -6.165629988536239,57.50136097893119,289.49 -6.165629988536239,57.50136097893119,285.65 -6.165629988536239,57.50137598253787,286.61 -6.165628982707858,57.50137497670949,287.09 -6.165628982707858,57.50137497670949,283.73 -6.165628982707858,57.50137497670949,279.4 -6.165628982707858,57.50137497670949,285.65 -6.165628982707858,57.50137497670949,281.8 -6.165628982707858,57.50137497670949,289.97 -6.165636023506522,57.50137296505272,287.09 -6.165636023506522,57.50137296505272,286.13 -6.165636023506522,57.50137296505272,285.17 -6.165634011849761,57.5013739708811,287.09 -6.165634011849761,57.5013739708811,284.21 -6.165634011849761,57.5013739708811,288.53 -6.165634011849761,57.5013739708811,280.84 -6.165634011849761,57.5013739708811,282.28 -6.165634011849761,57.5013739708811,283.25 -6.165634011849761,57.5013739708811,286.13 -6.165634011849761,57.5013739708811,285.65 -6.165636023506522,57.50137296505272,280.84 -6.165636023506522,57.50137296505272,277.96 -6.165636023506522,57.50137296505272,283.25 -6.165636023506522,57.50137296505272,282.28 -6.165636023506522,57.50137296505272,289.01 -6.165636023506522,57.50137296505272,286.13 -6.165636023506522,57.50137296505272,284.69 -6.165636023506522,57.50137296505272,286.61 -6.165636023506522,57.50137296505272,284.69 -6.165637029334903,57.50137598253787,281.8 -6.165637029334903,57.50137598253787,279.4 -6.165637029334903,57.50137598253787,278.44 -6.165637029334903,57.50137598253787,283.25 -6.165637029334903,57.50137598253787,283.25 -6.165635017678142,57.5013879686594,282.77 -6.165635017678142,57.5013879686594,278.92 -6.165635017678142,57.5013879686594,283.25 -6.165635017678142,57.5013879686594,287.57 -6.165635017678142,57.5013879686594,287.57 -6.165635017678142,57.5013879686594,290.94 -6.165635017678142,57.5013879686594,290.94 -6.165635017678142,57.5013879686594,287.09 -6.165635017678142,57.5013879686594,290.46 -6.165635017678142,57.5013879686594,286.13 -6.165635017678142,57.5013879686594,287.09 -6.165635017678142,57.5013879686594,287.57 -6.165635017678142,57.5013879686594,285.65 -6.165635017678142,57.5013879686594,286.61 -6.165635017678142,57.5013879686594,287.57 -6.165640968829393,57.50138604082167,286.13 -6.165636023506522,57.50138897448778,288.05 -6.165636023506522,57.50138897448778,284.69 -6.165624959394336,57.50138302333653,289.49 -6.165624959394336,57.50138302333653,286.13 -6.165624959394336,57.50138302333653,286.13 -6.165624959394336,57.50138302333653,290.46 -6.165624959394336,57.50138302333653,287.57 -6.165644992142916,57.5013929978013,284.69 -6.16567600518465,57.50141596421599,283.73 -6.165702994912863,57.50143499113619,284.21 -6.165727972984314,57.50145301222801,283.73 -6.165814977139235,57.50142803415656,283.25 -6.165829980745912,57.50140003859997,280.84 -6.165844984352589,57.50134698115289,286.13 -6.165844984352589,57.50134698115289,287.57 -6.16582503542304,57.5013520102948,287.09 -6.165877003222704,57.50139199197292,287.57 -6.165926037356257,57.50147203914821,289.49 -6.165945986285806,57.50152300111949,292.86 -6.165950009599328,57.50153096392751,292.86 -6.165957972407341,57.50153699889779,292.86 -6.165984040126205,57.50154303386807,291.42 -6.165987979620695,57.50155300833285,292.86 -6.166000971570611,57.50157203525305,293.34 -6.166053023189306,57.50161696225405,295.26 -6.166112031787634,57.5016710255295,294.78 -6.16614899598062,57.50172198750079,295.74 -6.16614899598062,57.50173103995621,295.74 -6.166130974888802,57.50177001580596,295.26 -6.166130974888802,57.50177001580596,295.26 -6.166130974888802,57.50177001580596,296.7 -6.166130974888802,57.50177001580596,295.74 -6.166130974888802,57.50177001580596,294.3 -6.166165005415678,57.50179499387741,295.26 -6.166176991537213,57.501822989434,294.78 -6.166199035942555,57.50184101052582,294.3 -6.166223008185625,57.50188702717423,294.78 -6.166274975985289,57.50196799635887,297.18 -6.166311018168926,57.50199800357223,296.7 -6.166324010118842,57.50201602466404,297.67 -6.166358962655067,57.50203102827072,298.63 -6.16640598513186,57.50205298885703,298.63 -6.16642702370882,57.50206899829209,299.59 -6.166425012052059,57.5020769611001,301.51 -6.166431969031692,57.5021099857986,299.11 -6.166439009830356,57.50213102437556,299.59 -6.166419982910156,57.50216295942664,301.99 -6.166435992345214,57.50220797024667,302.47 -6.166401961818337,57.50226203352213,305.84 -6.166393999010325,57.5022720079869,309.68 -6.166393999010325,57.50227997079492,309.2 -6.166421994566917,57.50228499993682,307.76 -6.166454013437033,57.50229698605835,309.2 -6.166474968194962,57.50230603851378,313.53 -6.166489971801639,57.50230997800827,310.16 -6.166530037298799,57.50232900492847,309.2 -6.166589967906475,57.50234903767705,306.8 -6.166668003425002,57.50237502157688,305.84 -6.166688036173582,57.50237502157688,305.84 -6.166694993153215,57.5023689866066,307.76 -6.166694993153215,57.5023689866066,306.8 -6.166721982881427,57.50238600187004,308.24 -6.166791971772909,57.50242296606302,308.24 -6.166832037270069,57.50249496661127,311.6 -6.166918035596609,57.50254098325968,315.45 -6.166978972032666,57.50254098325968,315.93 -6.166988024488092,57.50254802405834,319.3 -6.167003028094769,57.50255799852312,316.89 -6.167017025873065,57.50256797298789,313.53 -6.167032029479742,57.50257300212979,314.49 -6.167039992287755,57.50257199630141,310.64 -6.167039992287755,57.50257199630141,311.6 -6.167056001722813,57.50258297659457,314.01 -6.167078968137503,57.50262597575784,317.37 -6.167092965915799,57.50263402238488,316.89 -6.167104030027986,57.50264198519289,316.41 -6.167152980342507,57.50268003903329,319.3 -6.167184999212623,57.50269998796284,318.81 -6.167214000597596,57.50274801626801,320.74 -6.167251970618963,57.50278699211776,323.14 -6.167317014187574,57.50282596796751,325.54 -6.16743603721261,57.5028679613024,328.91 -6.16745799779892,57.50288003124297,329.87 -6.167498985305429,57.5029009860009,328.43 -6.167511977255344,57.50290400348604,330.35 -6.16752203553915,57.50291003845632,330.83 -6.167539972811937,57.50293602235615,334.2 -6.167546007782221,57.50294297933578,334.2 -6.167595963925123,57.5029889959842,332.27 -6.167612979188561,57.5030080229044,332.75 -6.167622031643987,57.50302596017718,332.75 -6.167725967243314,57.50308304093778,335.16 -6.167743988335133,57.50310198403895,336.12 -6.167753962799907,57.50311003066599,338.04 -6.167791010811925,57.50313500873744,332.75 -6.167800985276699,57.50314498320222,332.75 -6.167824035510421,57.50316803343594,335.64 -6.167828980833292,57.50317599624395,332.75 -6.167828980833292,57.50317599624395,332.27 -6.167828980833292,57.50317599624395,331.79 -6.16786602884531,57.50322402454913,331.31 -6.168007012456656,57.50332301482558,332.27 -6.168032996356487,57.50335201621056,334.68 -6.168057974427939,57.50336601398885,333.71 -6.168089993298054,57.50339702703059,332.75 -6.168147996068001,57.50345502980053,333.71 -6.168225025758147,57.50352996401489,332.27 -6.168286968022585,57.50358696095645,330.35 -6.168307000771165,57.5036140345037,332.75 -6.168419988825917,57.50367698259652,331.79 -6.168419988825917,57.50367698259652,333.23 -6.168419988825917,57.50367698259652,330.83 -6.168419988825917,57.50367698259652,329.39 -6.168419988825917,57.50367698259652,328.91 -6.168418982997537,57.50367497093976,332.27 -6.168418982997537,57.50367497093976,331.31 -6.168418982997537,57.50367497093976,328.91 -6.168418982997537,57.50367497093976,333.23 -6.168418982997537,57.50367497093976,332.27 -6.168418982997537,57.50367497093976,328.91 -6.168552003800869,57.50370497815311,330.83 -6.168599026277661,57.50371797010303,328.91 -6.168657029047608,57.50371101312339,326.5 -6.168684018775821,57.50370698980987,330.35 -6.168684018775821,57.50370698980987,332.27 -6.168691981583834,57.50371201895177,333.23 -6.168691981583834,57.50371201895177,331.79 -6.168691981583834,57.50371201895177,330.35 -6.168691981583834,57.50371201895177,336.12 -6.168691981583834,57.50371201895177,333.23 -6.168691981583834,57.50371201895177,322.18 -6.168691981583834,57.50371201895177,325.06 -6.168691981583834,57.50371201895177,329.39 -6.168693993240595,57.50371201895177,330.83 -6.168693993240595,57.50371201895177,334.2 -6.168693993240595,57.50371201895177,332.75 -6.168693993240595,57.50371201895177,336.12 -6.168693993240595,57.50371201895177,334.2 -6.168693993240595,57.50371201895177,334.68 -6.168693993240595,57.50371201895177,331.79 -6.168699022382498,57.50371403060853,329.87 -6.168701034039259,57.50371503643692,328.43 -6.168735986575484,57.50373699702322,327.95 -6.168775968253613,57.50381402671337,325.06 -6.168797006830573,57.50384596176445,326.5 -6.168858027085662,57.50387102365494,324.58 -6.16891804151237,57.50392097979784,323.14 -6.169080985710025,57.5040389969945,322.18 -6.16917603649199,57.50408803112805,324.1 -6.169295981526375,57.50416698865592,325.54 -6.169375022873282,57.50419003888965,324.58 -6.169411987066269,57.5042010191828,323.14 -6.169468984007835,57.50422297976911,323.14 -6.169551964849234,57.50421602278948,321.22 -6.169551964849234,57.50421602278948,322.66 -6.169551964849234,57.50421702861786,322.66 -6.169551964849234,57.50421702861786,323.14 -6.169546013697982,57.5042150169611,322.18 -6.16956302896142,57.50421300530434,322.18 -6.169565040618181,57.50421199947596,322.66 -6.169565040618181,57.50421199947596,323.14 -6.169565040618181,57.50421300530434,324.1 -6.169565040618181,57.50421300530434,322.18 -6.169565040618181,57.50421300530434,323.62 -6.169566968455911,57.50421199947596,323.62 -6.169553976505995,57.5042150169611,322.66 -6.169547019526362,57.50421401113272,323.14 -6.169535033404827,57.50421996228397,322.66 -6.169493962079287,57.5042509753257,319.78 -6.169493962079287,57.5042509753257,319.78 -6.169493962079287,57.5042509753257,321.22 -6.169493962079287,57.5042509753257,322.66 -6.169492034241557,57.50424896366894,322.66 -6.169492034241557,57.50424896366894,324.58 -6.169503014534712,57.50424401834607,321.22 -6.169495973736048,57.50423898920417,320.74 -6.169517012313008,57.50422197394073,321.7 -6.169512988999486,57.50421199947596,322.66 -6.169504020363092,57.50421702861786,321.7 -6.169404024258256,57.50417503528297,320.74 -6.169265974313021,57.50413295812905,319.78 -6.16926496848464,57.50403597950935,321.7 -6.169268991798163,57.50403497368097,320.26 -6.169268991798163,57.50403497368097,319.78 -6.169250970706344,57.50403799116611,323.14 -6.169250970706344,57.50403799116611,322.18 -6.169186010956764,57.50408300198615,322.18 -6.169380974024534,57.50419900752604,322.18 -6.169555988162756,57.50425701029599,322.66 -6.169552970677614,57.50424896366894,323.62 -6.169594964012504,57.5042979978025,322.66 -6.169636035338044,57.504338985309,320.74 -6.169780036434531,57.50440302304924,320.74 -6.169814988970757,57.50443202443421,321.22 -6.169814988970757,57.50443303026259,322.18 -6.169814988970757,57.50443303026259,319.78 -6.169875003397465,57.50455599278212,320.74 -6.169881960377097,57.50456403940916,319.3 -6.169886989519,57.50457300804555,320.74 -6.169914985075593,57.50461399555206,320.26 -6.170082958415151,57.50470502302051,321.7 -6.170060997828841,57.50470703467727,320.26 -6.170159988105297,57.50473201274872,323.62 -6.170232994481921,57.50477400608361,323.14 -6.170232994481921,57.50477400608361,323.62 -6.170286973938346,57.50479496084154,327.47 -6.170302983373404,57.50480602495372,329.87 -6.170333996415138,57.50490702688694,328.43 -6.170361991971731,57.50493301078677,330.83 -6.170446984469891,57.50496704131365,332.75 -6.170463999733329,57.50497600995004,334.68 -6.170463999733329,57.50497600995004,334.68 -6.170467017218471,57.50503602437675,335.16 -6.170484032481909,57.50506703741848,337.08 -6.170505993068218,57.50506795942783,338.52 -6.170530971139669,57.50507399439812,339 -6.170556033030152,57.50508204102516,337.56 -6.170629039406776,57.50512797385454,339.96 -6.170635996386409,57.50513903796673,341.41 -6.170655023306608,57.5051490124315,344.77 -6.170678995549679,57.50515102408826,341.89 -6.170711014419794,57.50517600215971,342.37 -6.170705985277891,57.50518002547324,346.69 -6.170712020248175,57.50517499633133,336.6 -6.170712020248175,57.50517499633133,333.23 -6.170712020248175,57.50517499633133,333.23 -6.170712020248175,57.50517499633133,339.96 -6.170712020248175,57.50517499633133,344.77 -6.170711014419794,57.50517801381648,344.77 -6.170735992491245,57.50519301742315,343.81 -6.17078703828156,57.50520098023117,347.65 -6.170862978324294,57.5052459910512,347.65 -6.170863984152675,57.50529603101313,349.58 -6.170863984152675,57.50529603101313,348.6199999999999 -6.170863984152675,57.50529603101313,348.13 -6.170856021344662,57.50530298799276,347.17 -6.170863984152675,57.50534799881279,349.1 -6.170929027721286,57.50536501407623,355.83 -6.170929027721286,57.50536501407623,355.34 -6.170974960550666,57.50537197105587,354.86 -6.170974960550666,57.50537197105587,353.42 -6.170974960550666,57.50537197105587,356.31 -6.170975966379046,57.50537197105587,357.75 -6.170975966379046,57.50537197105587,355.34 -6.170975966379046,57.50537197105587,354.38 -6.170975966379046,57.50537197105587,353.9 -6.170966997742653,57.50537297688425,353.9 -6.170989964157343,57.5054080132395,353.42 -6.171009996905923,57.50541203655303,355.83 -6.171018965542316,57.50541798770428,355.83 -6.171018965542316,57.50541798770428,353.42 -6.170998010784388,57.50546501018107,354.38 -6.171030029654503,57.5055049918592,353.9 -6.171030029654503,57.5055049918592,356.31 -6.171030029654503,57.5055049918592,355.34 -6.17104503326118,57.50554698519409,357.2699999999999 -6.171044027432799,57.505559977144,357.2699999999999 -6.171105969697237,57.50564304180443,356.31 -6.171120973303914,57.50565201044083,358.71 -6.171120973303914,57.50565201044083,356.79 -6.171151986345649,57.50566500239074,359.19 -6.171151986345649,57.50566500239074,357.75 -6.171151986345649,57.50566500239074,358.23 -6.171152992174029,57.50566600821912,359.19 -6.171238990500569,57.50568796880543,361.59 -6.171304034069181,57.50572199933231,363.04 -6.171392966061831,57.50579399988055,364 -6.171431019902229,57.50581998378038,365.44 -6.171438982710242,57.50582601875067,365.92 -6.171480976045132,57.50587597489357,365.92 -6.171490028500557,57.50590397045016,368.3199999999999 -6.171495979651809,57.50591101124883,364.96 -6.171495979651809,57.50591101124883,364.96 -6.171498997136951,57.50592400319874,367.36 -6.171559011563659,57.50605702400208,368.8 -6.171625982969999,57.50607496127486,369.28 -6.171673005446792,57.50613799318671,371.21 -6.171694966033101,57.50614796765149,371.21 -6.171736959367991,57.50619197264314,372.65 -6.171736959367991,57.50619197264314,372.17 -6.1717330198735,57.50622499734163,372.65 -6.1717330198735,57.50622499734163,371.69 -6.171726984903216,57.50621896237135,372.17 -6.17175598628819,57.50624201260507,372.65 -6.171779036521912,57.50627797096968,373.13 -6.171828992664814,57.50633396208286,375.53 -6.171843996271491,57.50638199038804,377.45 -6.171929994598031,57.50643798150122,378.42 -6.171973999589682,57.5064529851079,379.86 -6.171975005418062,57.50646497122943,379.86 -6.171975005418062,57.50646497122943,378.9 -6.17194801568985,57.50649699009955,380.82 -6.171937035396695,57.50650897622108,380.82 -6.17190602235496,57.50653102062643,382.26 -6.17190602235496,57.50655599869788,382.74 -6.171908034011722,57.50660100951791,384.18 -6.17197098210454,57.50664400868118,385.6299999999999 -6.172010963782668,57.50667703337967,387.55 -6.172010963782668,57.50667703337967,387.07 -6.172012975439429,57.50667703337967,387.55 -6.172008030116558,57.5067119859159,389.95 -6.172038037329912,57.50679798424244,389.47 -6.172050023451448,57.50680100172758,391.39 -6.172104002907872,57.50679798424244,391.39 -6.172104002907872,57.50679798424244,390.91 -6.172104002907872,57.50679798424244,391.87 -6.172082964330912,57.50687400810421,391.87 -6.172072989866138,57.50689798034728,393.8 -6.172086987644434,57.50689798034728,393.32 -6.172082964330912,57.50689798034728,395.24 -6.172075001522899,57.50690602697432,395.72 -6.172075001522899,57.50690602697432,395.24 -6.172083970159292,57.50690996646881,397.16 -6.172080030664802,57.50691097229719,397.16 -6.172086987644434,57.50691398978233,394.2799999999999 -6.172086987644434,57.50691398978233,392.36 -6.172086987644434,57.50691398978233,395.72 -6.172086987644434,57.50691398978233,396.6799999999999 -6.172084975987673,57.50691801309586,394.76 -6.172126969322562,57.50692497007549,395.72 -6.172167034819722,57.5069379620254,396.2 -6.172238029539585,57.50697299838066,398.6 -6.172310030087829,57.50697400420904,400.0500000000001 -6.172318998724222,57.50697501003742,395.72 -6.172318998724222,57.50697501003742,395.72 -6.172318998724222,57.50697501003742,398.6 -6.172388987615705,57.50697903335094,401.97 -6.172388987615705,57.50697903335094,401.49 -6.172454031184316,57.50697903335094,404.85 -6.172482026740909,57.50698096118867,404.3699999999999 -6.172545980662108,57.50698297284544,402.45 -6.17261303588748,57.50699403695762,406.29 -6.172629967331886,57.50700602307916,404.3699999999999 -6.172643965110183,57.50702798366547,408.22 -6.172732980921865,57.50704801641405,408.7 -6.172746978700161,57.50705002807081,411.58 -6.172866001725197,57.50703502446413,413.4999999999999 -6.172901038080454,57.50704097561538,414.95 -6.172901038080454,57.50704097561538,416.87 -6.172901038080454,57.50704097561538,415.43 -6.17295803502202,57.50706997700036,419.27 -6.172968009486795,57.5070729944855,419.7500000000001 -6.172982007265091,57.50708799809217,419.7500000000001 -6.172978989779949,57.50708598643541,413.4999999999999 -6.172968009486795,57.50708296895027,417.35 -6.172959040850401,57.50708498060703,417.35 -6.172959040850401,57.50708498060703,418.31 -6.172974966466427,57.5070920214057,422.16 -6.172974966466427,57.5070920214057,421.1899999999999 -6.172982007265091,57.50709696672857,423.12 -6.172991981729865,57.50710601918399,421.1899999999999 -6.172991981729865,57.50710601918399,424.56 -6.172991981729865,57.50710601918399,422.16 -6.172991981729865,57.50710601918399,424.56 -6.172991981729865,57.50710601918399,421.1899999999999 -6.172991981729865,57.50710601918399,423.12 -6.172991981729865,57.50710601918399,423.12 -6.172991981729865,57.50710601918399,420.23 -6.172990975901485,57.50710601918399,417.35 -6.172990975901485,57.50710601918399,418.31 -6.172990975901485,57.50710601918399,420.71 -6.172991981729865,57.50710300169885,419.27 -6.172991981729865,57.50710300169885,420.71 -6.172991981729865,57.50710300169885,419.27 -6.172991981729865,57.50710300169885,420.23 -6.172982007265091,57.50711699947715,424.08 -6.172983013093472,57.50712202861905,419.7500000000001 -6.172993993386626,57.50712404027581,420.23 -6.173006985336542,57.50712303444743,415.91 -6.173006985336542,57.50712303444743,416.87 -6.173006985336542,57.50712303444743,421.1899999999999 -6.173006985336542,57.50712303444743,415.91 -6.173006985336542,57.50712303444743,412.0599999999999 -6.173006985336542,57.50712303444743,416.87 -6.173006985336542,57.50712303444743,413.98 -6.173006985336542,57.50712303444743,412.0599999999999 -6.172997010871768,57.50712102279067,417.83 -6.172994999215007,57.50709998421371,411.58 -6.172994999215007,57.50709998421371,415.43 -6.172994999215007,57.50709998421371,418.31 -6.172994999215007,57.50709998421371,414.95 -6.172994999215007,57.50709998421371,417.83 -6.172994999215007,57.50709998421371,420.23 -6.172994999215007,57.50709998421371,421.1899999999999 -6.172988964244723,57.50711297616363,420.23 -6.172987036406994,57.50711398199201,418.79 -6.172986030578613,57.50711800530553,415.43 -6.172986030578613,57.50711800530553,415.43 -6.172986030578613,57.50711800530553,416.87 -6.172987958416343,57.50711800530553,419.7500000000001 -6.172978989779949,57.5071279797703,419.7500000000001 -6.172978989779949,57.5071279797703,423.12 -6.172978989779949,57.5071279797703,419.7500000000001 -6.172993993386626,57.50711599364877,420.23 -6.172993993386626,57.50711599364877,417.83 -6.172993993386626,57.50711599364877,416.39 -6.172993993386626,57.50711599364877,419.27 -6.172993993386626,57.50711599364877,419.27 -6.172993993386626,57.50711599364877,421.1899999999999 -6.17297999560833,57.50712496228516,417.83 -6.17297999560833,57.50712496228516,421.1899999999999 -6.172964992001653,57.50712596811354,417.83 -6.17295702919364,57.50711096450686,413.98 -6.172962980344892,57.50710501335561,418.79 -6.172962980344892,57.50710501335561,417.35 -6.172962980344892,57.50710501335561,416.39 -6.17298100143671,57.50709302723408,413.98 -6.172989970073104,57.50708799809217,417.35 -6.172989970073104,57.50708799809217,419.27 -6.172989970073104,57.50708799809217,417.35 -6.172989970073104,57.50708799809217,419.7500000000001 -6.172989970073104,57.50708799809217,414.95 -6.172990975901485,57.50704097561538,418.31 -6.172990975901485,57.50704097561538,414.95 -6.172990975901485,57.50704097561538,414.95 -6.172990975901485,57.50704097561538,417.35 -6.172999022528529,57.50704298727214,418.79 -6.172999022528529,57.50704298727214,418.79 -6.172990975901485,57.5070449989289,419.27 -6.172990975901485,57.5070449989289,422.16 -6.172990975901485,57.5070449989289,421.68 -6.172990975901485,57.5070449989289,420.71 -6.172990975901485,57.5070449989289,421.1899999999999 -6.172990975901485,57.5070449989289,423.12 -6.172990975901485,57.5070449989289,419.7500000000001 -6.172990975901485,57.5070449989289,418.31 -6.172991981729865,57.50704298727214,419.27 -6.172993993386626,57.50704298727214,419.27 -6.172993993386626,57.50704298727214,421.68 -6.172993993386626,57.50704298727214,421.68 -6.172988964244723,57.50703795813024,418.31 -6.172991981729865,57.50703401863575,421.68 -6.172991981729865,57.50703401863575,421.1899999999999 -6.172973960638046,57.50703301280737,420.23 -6.172956023365259,57.50706201419234,416.87 -6.172956023365259,57.50706201419234,416.39 -6.172956023365259,57.50706201419234,417.83 -6.172978989779949,57.50707601197064,419.7500000000001 -6.172997010871768,57.50711096450686,418.79 -6.173025006428361,57.50713602639735,419.7500000000001 -6.173025006428361,57.50713602639735,419.7500000000001 -6.173025006428361,57.50713602639735,423.6 -6.173025006428361,57.50713602639735,423.12 -6.17304696701467,57.50713896006346,426.48 -6.17304696701467,57.50713896006346,423.12 -6.17304696701467,57.50713896006346,422.16 -6.17304696701467,57.50713896006346,423.12 -6.173029029741883,57.50716796144843,423.12 -6.173010002821684,57.50720299780369,419.27 -6.172990975901485,57.50720903277397,420.71 -6.172952000051737,57.50721397809684,418.79 -6.172900032252073,57.50723602250218,415.91 -6.172884022817016,57.50724499113858,416.87 -6.172869019210339,57.50725303776562,416.87 -6.172840017825365,57.5072630122304,413.98 -6.172810010612011,57.50728899613023,414.95 -6.172728035598993,57.50729201361537,410.14 -6.172726023942232,57.50728799030185,410.6199999999999 -6.172732980921865,57.50728597864509,413.4999999999999 -6.172729041427374,57.5072820391506,413.02 -6.172711020335555,57.5073129683733,413.98 -6.172681013122201,57.50732596032321,412.0599999999999 -6.172681013122201,57.50732596032321,415.43 -6.172681013122201,57.50732596032321,412.54 -6.172681013122201,57.50732596032321,413.98 -6.172689981758595,57.50732897780836,413.98 -6.172689981758595,57.50732897780836,413.02 -6.172666009515524,57.50737499445677,412.54 -6.172668021172285,57.50737700611353,409.66 -6.172668021172285,57.50737700611353,410.14 -6.172668021172285,57.50737700611353,406.77 -6.172665003687143,57.50736803747714,410.14 -6.172665003687143,57.50736803747714,408.22 -6.172665003687143,57.50736803747714,410.6199999999999 -6.172665003687143,57.50736803747714,405.8099999999999 -6.172665003687143,57.50736803747714,408.7 -6.172665003687143,57.50736803747714,411.1 -6.172665003687143,57.50736803747714,409.1800000000001 -6.17265896871686,57.50736602582037,412.0599999999999 -6.172665003687143,57.50746702775359,413.98 -6.172655029222369,57.50748496502638,414.47 -6.172585040330887,57.50747096724808,411.1 -6.172548998147249,57.50746199861169,413.4999999999999 -6.172548998147249,57.50746199861169,417.83 -6.172548998147249,57.50746199861169,414.95 -6.172548998147249,57.50746199861169,418.31 -6.172548998147249,57.50746199861169,416.87 -6.172564001753926,57.50747197307646,413.98 -6.172575987875462,57.50747901387513,413.4999999999999 -6.172630973160267,57.50751103274524,416.87 -6.172642037272453,57.50755000859499,412.54 -6.172627033665776,57.50763500109315,410.6199999999999 -6.172603983432055,57.50766701996326,411.1 -6.172619992867112,57.50770398415625,412.0599999999999 -6.172644970938563,57.50771102495492,413.02 -6.172738010063767,57.50773298554122,413.4999999999999 -6.172756031155586,57.50773197971284,417.35 -6.172762988135219,57.50773197971284,420.23 -6.172762988135219,57.50773197971284,418.79 -6.172762988135219,57.50773197971284,415.43 -6.172759970650077,57.50772804021835,416.39 -6.172759970650077,57.50772804021835,412.0599999999999 -6.172759970650077,57.50772804021835,412.54 -6.172759970650077,57.50772804021835,415.43 -6.172759970650077,57.50772804021835,416.87 -6.172759970650077,57.50772804021835,415.91 -6.172759970650077,57.50772804021835,416.39 -6.172759970650077,57.50772804021835,418.31 -6.172759970650077,57.50772804021835,418.31 -6.172759970650077,57.50772804021835,416.87 -6.17274203337729,57.50773399136961,414.95 -6.172661986202002,57.50779299996793,417.83 -6.17261596955359,57.50780599191785,414.47 -6.172602977603674,57.50780800357461,413.98 -6.172571964561939,57.50786801800132,410.6199999999999 -6.17257297039032,57.50792602077127,416.87 -6.17250700481236,57.50796700827777,412.54 -6.172441961243749,57.50799299217761,408.7 -6.17242100648582,57.50800103880465,412.0599999999999 -6.172381024807692,57.50800598412752,406.29 -6.172353029251099,57.50800397247076,401.49 -6.172320004552603,57.50800598412752,405.8099999999999 -6.172284968197346,57.50802199356258,406.29 -6.172237023711205,57.50805300660431,408.7 -6.172216990962625,57.50805803574622,407.74 -6.172182960435748,57.50807002186775,408.7 -6.172075001522899,57.50813095830381,408.7 -6.172067960724235,57.50814001075923,413.4999999999999 -6.17205798625946,57.50813900493085,413.4999999999999 -6.172044994309545,57.50813598744571,410.6199999999999 -6.172038959339261,57.50813498161733,408.7 -6.172044994309545,57.50813799910247,405.33 -6.172044994309545,57.50813799910247,405.33 -6.172044994309545,57.50813799910247,407.26 -6.172044994309545,57.50813799910247,406.29 -6.171966036781669,57.50815199688077,407.26 -6.171966036781669,57.50815199688077,406.29 -6.171966036781669,57.50815199688077,405.8099999999999 -6.171976011246443,57.50815995968878,405.33 -6.171976011246443,57.50815995968878,409.1800000000001 -6.171976011246443,57.50815995968878,407.74 -6.171976011246443,57.50815995968878,406.29 -6.172010963782668,57.50815702602267,404.3699999999999 -6.17201398126781,57.50814998522401,401.49 -6.172037031501532,57.50813397578895,402.9299999999999 -6.172043988481164,57.50810598023236,399.57 -6.172061003744602,57.50809399411082,406.29 -6.172082964330912,57.50808301381767,407.74 -6.172110959887505,57.50807102769613,409.1800000000001 -6.172133004292846,57.50805702991784,406.29 -6.172153037041426,57.50803800299764,402.9299999999999 -6.172135015949607,57.50802199356258,406.29 -6.172135015949607,57.50802199356258,406.77 -6.172131998464465,57.50802199356258,404.85 -6.172131998464465,57.50802199356258,406.77 -6.172131998464465,57.50802199356258,405.8099999999999 -6.172131998464465,57.50802199356258,405.8099999999999 -6.172131998464465,57.50802199356258,408.22 -6.172140967100859,57.50801897607744,403.89 -6.172140967100859,57.50801897607744,408.7 -6.172140967100859,57.50801897607744,402.45 -6.172140967100859,57.50801897607744,400.5299999999999 -6.172160999849439,57.50801403075457,405.8099999999999 -6.172199975699186,57.50800598412752,406.77 -6.172216990962625,57.50799299217761,403.89 -6.172211961820722,57.50799500383437,399.57 -6.172200981527567,57.50800003297627,406.77 -6.172188995406032,57.50800397247076,406.77 -6.172170974314213,57.5080069899559,408.7 -6.172112971544266,57.50800497829914,403.41 -6.172116994857788,57.50798896886408,402.45 -6.172122023999691,57.50798402354121,405.8099999999999 -6.172125963494182,57.50798502936959,405.8099999999999 -6.172128980979323,57.50798201188445,401.49 -6.172128980979323,57.50798201188445,402.45 -6.172128980979323,57.50798201188445,403.89 -6.172128980979323,57.50798201188445,400.5299999999999 -6.172128980979323,57.50798201188445,400.5299999999999 -6.172128980979323,57.50798201188445,403.89 -6.172128980979323,57.50798201188445,403.41 -6.172127975150943,57.50798301771283,408.22 -6.172127975150943,57.50798301771283,407.26 -6.172127975150943,57.50800296664238,406.77 -6.172127975150943,57.50800296664238,407.26 -6.172123029828072,57.50797497108579,398.12 -6.172129986807704,57.50797203741968,403.89 -6.172143984586,57.50796700827777,405.33 -6.172143984586,57.50796700827777,403.41 -6.172143984586,57.50796700827777,404.85 -6.172143984586,57.50796700827777,402.9299999999999 -6.172143984586,57.50796700827777,403.41 -6.172143984586,57.50796700827777,405.33 -6.172145996242762,57.50796700827777,401.01 -6.172145996242762,57.50796700827777,401.97 -6.172145996242762,57.50796700827777,402.9299999999999 -6.172145996242762,57.50796700827777,404.85 -6.172145996242762,57.50796700827777,403.89 -6.172144990414381,57.50797002576292,407.26 -6.172144990414381,57.50797002576292,408.22 -6.1721630115062,57.50803699716926,406.77 -6.17218698374927,57.50804797746241,409.1800000000001 -6.172240963205695,57.50806700438261,408.22 -6.172325033694506,57.5080400146544,405.33 -6.172339031472802,57.50803096219897,406.29 -6.172503987327218,57.50800103880465,406.77 -6.172552015632391,57.5080069899559,408.22 -6.17259400896728,57.50807396136224,404.85 -6.172542041167617,57.50812198966742,404.3699999999999 -6.172571964561939,57.50813095830381,407.26 -6.172626027837396,57.50814302824438,408.22 -6.172698028385639,57.50816901214421,406.29 -6.172719988971949,57.50818996690214,404.85 -6.172755025327206,57.5081919785589,405.8099999999999 -6.172801963984966,57.50820798799396,406.29 -6.172817973420024,57.50821201130748,406.29 -6.172861978411675,57.50823698937893,404.3699999999999 -6.172898020595312,57.50822802074254,404.85 -6.172891985625029,57.50822701491416,404.3699999999999 -6.172891985625029,57.50822701491416,402.9299999999999 -6.172877987846732,57.50823598355055,404.3699999999999 -6.172844041138887,57.50828300602734,404.3699999999999 -6.172847980633378,57.50830396078527,403.89 -6.17289399728179,57.50830396078527,402.9299999999999 -6.172899026423693,57.50827898271382,402.9299999999999 -6.172899026423693,57.50827898271382,401.97 -6.172899026423693,57.50827898271382,401.97 -6.172899026423693,57.50827898271382,404.85 -6.172948982566595,57.50828401185572,405.33 -6.172993993386626,57.50829298049212,403.89 -6.173039004206657,57.50830898992717,406.77 -6.17308703251183,57.50833103433251,410.14 -6.173096001148224,57.50833899714053,410.14 -6.17313296534121,57.5083679985255,412.0599999999999 -6.173199014738202,57.50839901156723,410.6199999999999 -6.1731749586761,57.50844603404403,412.54 -6.173136988654733,57.50850001350045,414.95 -6.173168001696467,57.50854896381497,411.58 -6.173203960061073,57.50861501321197,414.47 -6.173203038051724,57.50863697379827,414.47 -6.173178981989622,57.50864803791046,420.23 -6.173126008361578,57.50864895991981,413.4999999999999 -6.173103963956237,57.5086460262537,414.47 -6.173051996156573,57.50865097157657,412.54 -6.17304696701467,57.50864996574819,411.1 -6.17304696701467,57.50864996574819,409.66 -6.17304696701467,57.50864996574819,410.14 -6.17304696701467,57.50864996574819,413.4999999999999 -6.17304696701467,57.50864996574819,410.6199999999999 -6.17304696701467,57.50864996574819,412.54 -6.17304696701467,57.50864996574819,409.1800000000001 -6.17304696701467,57.50864996574819,408.22 -6.17304696701467,57.50864996574819,411.1 -6.17304696701467,57.50864996574819,413.02 -6.17304696701467,57.50864996574819,417.35 -6.17304696701467,57.50864996574819,416.87 -6.17304696701467,57.50864996574819,414.47 -6.173042021691799,57.50864996574819,413.4999999999999 -6.173099018633366,57.50866396352649,414.47 -6.17313195951283,57.50867997296154,414.47 -6.173159033060074,57.50873998738825,412.54 -6.173159033060074,57.50873998738825,409.66 -6.17317202500999,57.50875499099493,412.0599999999999 -6.173222986981273,57.50877502374351,415.43 -6.173245031386614,57.50879396684468,416.39 -6.173333041369915,57.50892003066838,414.95 -6.173364976420999,57.50898499041796,418.31 -6.17339096032083,57.50903000123799,418.79 -6.173451980575919,57.50903100706637,422.6399999999999 -6.17347402498126,57.50904098153114,422.6399999999999 -6.173542002215982,57.50906403176486,425.04 -6.173575026914477,57.50911801122129,427.92 -6.173598999157548,57.50913200899959,426.96 -6.173626994714141,57.50914902426302,428.8899999999999 -6.173620959743857,57.50916696153581,427.44 -6.17364602163434,57.50919998623431,431.29 -6.173654990270734,57.50922303646803,432.25 -6.17366798222065,57.50923896208405,433.2099999999999 -6.17366798222065,57.50923896208405,434.17 -6.173686003312469,57.50922496430576,430.81 -6.173692960292101,57.50919898040593,427.92 -6.173683991655707,57.50919696874917,424.56 -6.173683991655707,57.50919696874917,421.68 -6.173683991655707,57.50919696874917,426 -6.173683991655707,57.50919696874917,424.08 -6.173683991655707,57.50919696874917,428.4 -6.173683991655707,57.50919696874917,425.52 -6.173683991655707,57.50919696874917,419.27 -6.173683991655707,57.50919696874917,422.6399999999999 -6.173683991655707,57.50919696874917,427.44 -6.173683991655707,57.50919696874917,429.37 -6.173683991655707,57.50919696874917,426 -6.173683991655707,57.50919696874917,422.16 -6.173683991655707,57.50919696874917,423.6 -6.173683991655707,57.50919696874917,426.96 -6.173683991655707,57.50919696874917,428.4 -6.173691032454372,57.50920501537621,428.8899999999999 -6.173766972497106,57.50925698317587,431.7699999999999 -6.173764960840344,57.50935899093747,433.69 -6.173779964447022,57.50938598066568,433.69 -6.173725984990597,57.50942403450608,435.13 -6.173725984990597,57.50945898704231,436.5799999999999 -6.173747023567557,57.5095060095191,438.5 -6.173779964447022,57.50954900868237,441.38 -6.173766972497106,57.50954900868237,442.3399999999999 -6.173693966120482,57.50954599119723,439.94 -6.17368801496923,57.50955001451075,442.82 -6.17368801496923,57.509555965662,443.31 -6.17386001162231,57.50962000340223,444.27 -6.173882978037,57.50962402671576,444.75 -6.173896975815296,57.50962201505899,441.38 -6.173896975815296,57.50962201505899,443.31 -6.173899993300438,57.50962603837252,444.75 -6.17392597720027,57.50965302810073,443.31 -6.173941986635327,57.50965696759522,442.82 -6.174023961648345,57.50965202227235,446.19 -6.174039971083403,57.50964799895883,446.67 -6.174121024087071,57.50963500700891,446.19 -6.174151031300426,57.50962402671576,444.75 -6.174185983836651,57.50959301367402,447.1499999999999 -6.174185983836651,57.50959301367402,445.23 -6.174185983836651,57.50959301367402,446.19 -6.174232000485063,57.50958597287536,449.07 -6.174309030175209,57.5095940195024,450.52 -6.174411037936807,57.50966903753579,450.52 -6.174455964937806,57.50972402282059,453.88 -6.174508016556501,57.50978202559054,451.96 -6.174556966871023,57.50982301309705,455.8 -6.17461496964097,57.50981597229838,455.32 -6.174642965197563,57.50976400449872,452.92 -6.174662997946143,57.50975000672042,456.76 -6.174672972410917,57.50973500311375,457.2400000000001 -6.174661992117763,57.50971103087068,456.76 -6.17465503513813,57.50968999229372,459.65 -6.174684958532453,57.50966602005064,460.61 -6.174659980461001,57.50960701145232,459.65 -6.174659980461001,57.50960701145232,456.2799999999999 -6.174659980461001,57.50960701145232,456.2799999999999 -6.174675989896059,57.50959603115916,460.1299999999999 -6.174675989896059,57.50959603115916,460.1299999999999 -6.174675989896059,57.50959603115916,457.72 -6.174675989896059,57.50959603115916,460.61 -6.174675989896059,57.50959603115916,459.65 -6.174636008217931,57.50965101644397,458.21 -6.174661992117763,57.50972100533545,457.72 -6.174729969352484,57.50973902642727,456.76 -6.174729969352484,57.50973902642727,456.2799999999999 -6.174729969352484,57.50973902642727,458.6899999999999 -6.17472100071609,57.50975696370006,459.65 -6.174736004322767,57.50978898257017,459.65 -6.174736004322767,57.50978898257017,459.17 -6.174738015979528,57.50978697091341,459.17 -6.17469702847302,57.50982200726867,459.17 -6.174701973795891,57.50982795841992,459.17 -6.174705997109413,57.5098619889468,460.1299999999999 -6.17469702847302,57.50988403335214,462.05 -6.174680013209581,57.50991102308035,463.49 -6.174685964360833,57.50992300920188,467.34 -6.174685964360833,57.50992300920188,466.86 -6.174685964360833,57.50992300920188,463.49 -6.174685964360833,57.50992300920188,463.49 -6.174685964360833,57.50992300920188,465.42 -6.174710020422936,57.5099360011518,462.05 -6.174710020422936,57.5099360011518,462.53 -6.174710020422936,57.5099360011518,460.1299999999999 -6.174710020422936,57.5099360011518,464.93 -6.174710020422936,57.5099360011518,464.93 -6.174709014594555,57.50993499532342,461.5699999999999 -6.174709014594555,57.50993499532342,461.5699999999999 -6.174713959917426,57.50993398949504,465.9 -6.174713959917426,57.50993398949504,466.86 -6.174713959917426,57.50993398949504,463.49 -6.174713959917426,57.50993901863694,464.45 -6.174728041514754,57.50995201058686,463.97 -6.174736004322767,57.50995301641524,465.9 -6.174736004322767,57.50995301641524,464.45 -6.174736004322767,57.50995301641524,465.42 -6.174734998494387,57.50994798727334,462.05 -6.174733992666006,57.50993901863694,463.01 -6.174733992666006,57.50993901863694,463.01 -6.174731981009245,57.50995201058686,464.93 -6.174810016527772,57.50997195951641,467.34 -6.174957035109401,57.50998696312308,467.34 -6.174993999302387,57.50999500975013,466.86 -6.175039010122418,57.50999903306365,467.34 -6.175039010122418,57.50999903306365,465.42 -6.175039010122418,57.50999903306365,466.86 -6.175039010122418,57.50999903306365,465.42 -6.175039010122418,57.50999903306365,469.2599999999999 -6.175039010122418,57.50999903306365,467.34 -6.175035992637277,57.51001797616482,466.3799999999999 -6.175099024549127,57.5101019628346,469.2599999999999 -6.175119979307056,57.51011000946164,469.2599999999999 -6.175179993733764,57.51014697365463,469.2599999999999 -6.175186028704047,57.51014898531139,465.42 -6.175186028704047,57.51014697365463,468.3 -6.175186028704047,57.51014697365463,469.2599999999999 -6.175186028704047,57.51014697365463,466.86 -6.175188962370157,57.51015703193843,466.3799999999999 -6.175194997340441,57.51019701361656,467.34 -6.175221987068653,57.51023096032441,469.2599999999999 -6.175263980403543,57.51025996170938,472.14 -6.175240008160472,57.51038703136146,474.0700000000001 -6.175228022038937,57.51051502302289,476.4700000000001 -6.175216035917401,57.51056598499417,478.3899999999999 -6.17521402426064,57.51062097027898,481.76 -6.175223998725414,57.51070302911103,483.2 -6.175229027867317,57.51071199774742,481.28 -6.17523699067533,57.51074099913239,482.24 -6.175241013988853,57.5107629597187,483.2 -6.175231039524078,57.51080201938748,483.68 -6.175249982625246,57.51084703020751,485.12 -6.175282001495361,57.51090796664357,488.01 -6.175297005102038,57.51092900522053,489.45 -6.175311002880335,57.51094300299883,491.85 -6.175298010930419,57.5109529774636,494.74 -6.175274038687348,57.51098197884858,498.1 -6.175260962918401,57.51099597662687,501.46 -6.175250988453627,57.51100402325392,500.98 -6.175232967361808,57.51104903407395,499.54 -6.17523598484695,57.51104601658881,495.22 -6.175241013988853,57.5110409874469,495.7 -6.175241013988853,57.5110409874469,490.89 -6.175241013988853,57.5110409874469,492.81 -6.175241013988853,57.5110409874469,494.74 -6.175241013988853,57.5110409874469,499.54 -6.175241013988853,57.5110409874469,495.7 -6.175241013988853,57.5110409874469,499.0599999999999 -6.175241013988853,57.5110409874469,505.79 -6.175241013988853,57.5110409874469,504.83 -6.175223998725414,57.5110549852252,502.91 -6.175203965976834,57.51106998883188,507.23 -6.175190974026918,57.5110790412873,507.23 -6.175161972641945,57.51108901575208,501.46 -6.175155015662313,57.51108901575208,497.6199999999999 -6.175145963206887,57.51108700409532,499.0599999999999 -6.175145963206887,57.51108700409532,493.29 -6.175145963206887,57.51108700409532,495.22 -6.175145963206887,57.51108700409532,488.49 -6.175145963206887,57.51108700409532,489.9299999999999 -6.175145963206887,57.51108700409532,493.29 -6.175121990963817,57.51109002158046,498.1 -6.175099024549127,57.51109496690333,498.1 -6.175073962658644,57.51109999604523,493.29 -6.175073962658644,57.51109999604523,493.77 -6.175073962658644,57.51109999604523,501.95 -6.175073962658644,57.51109999604523,497.6199999999999 -6.175073962658644,57.51109999604523,503.39 -6.175073962658644,57.51109999604523,506.7499999999999 -6.175073962658644,57.51109999604523,506.7499999999999 -6.175073962658644,57.51109999604523,507.71 -6.175073962658644,57.51109999604523,504.83 -6.175072034820914,57.51109899021685,499.54 -6.175072034820914,57.51109899021685,500.4999999999999 -6.175072034820914,57.51109899021685,496.66 -6.175072034820914,57.51109899021685,491.85 -6.175072034820914,57.51109899021685,494.26 -6.175072034820914,57.51109899021685,497.6199999999999 -6.175072034820914,57.51109899021685,500.02 -6.175072034820914,57.51109899021685,500.02 -6.175072034820914,57.51109899021685,501.46 -6.175072034820914,57.51109899021685,498.1 -6.175072034820914,57.51109899021685,501.46 -6.175072034820914,57.51109899021685,501.46 -6.175072034820914,57.51109899021685,499.0599999999999 -6.175073040649295,57.51109999604523,503.39 -6.175073040649295,57.51109999604523,501.95 -6.175073040649295,57.51109999604523,497.14 -6.175073040649295,57.51109999604523,493.77 -6.175073040649295,57.51109999604523,498.1 -6.175073040649295,57.51109999604523,498.58 -6.175073040649295,57.51109999604523,493.29 -6.175073040649295,57.51109999604523,500.98 -6.175054013729096,57.51110301353037,492.81 -6.175039010122418,57.5111070368439,499.0599999999999 -6.175011014565826,57.51112597994506,500.98 -6.175001040101051,57.51113503240049,499.54 -6.174971032887697,57.51115003600717,498.58 -6.174842035397887,57.511176019907,493.29 -6.174813034012914,57.51118901185691,491.37 -6.174770034849644,57.51117803156376,493.29 -6.174773974344134,57.51117803156376,500.4999999999999 -6.17474103346467,57.51118398271501,503.8699999999999 -6.174713959917426,57.51119496300817,506.27 -6.174679007381201,57.51119496300817,502.91 -6.174624022096396,57.51122203655541,506.7499999999999 -6.174511034041643,57.51123704016209,505.79 -6.174487983807921,57.5112450029701,507.23 -6.174487983807921,57.5112450029701,503.8699999999999 -6.17448203265667,57.51123603433371,508.67 -6.174458982422948,57.51124902628362,513 -6.174445990473032,57.511250032112,513.96 -6.174403997138143,57.5112399738282,511.56 -6.174385976046324,57.51123896799982,511.08 -6.174370972439647,57.51122899353504,507.23 -6.174378013238311,57.51120896078646,506.7499999999999 -6.17437600158155,57.51119697466493,500.4999999999999 -6.174372984096408,57.51118901185691,501.46 -6.174365021288395,57.51117501407862,506.7499999999999 -6.174330990761519,57.51115498133004,510.6 -6.174330990761519,57.51115498133004,512.04 -6.174330990761519,57.51115498133004,516.37 -6.174330990761519,57.51115498133004,512.52 -6.174330990761519,57.51115498133004,516.37 -6.174330990761519,57.51115498133004,515.88 -6.174330990761519,57.51115498133004,512.52 -6.174287991598249,57.51122295856476,515.88 -6.174268964678049,57.51123796217144,513.96 -6.174285979941487,57.51125598326325,511.08 -6.174298971891403,57.51126101240516,511.56 -6.174298971891403,57.51126101240516,513 -6.174298971891403,57.51126101240516,514.4400000000001 -6.17431003600359,57.51126101240516,511.56 -6.17431003600359,57.51126101240516,510.12 -6.174307018518448,57.5112640298903,504.83 -6.174307018518448,57.5112640298903,505.79 -6.1743129696697,57.51126201823354,504.35 -6.174321016296744,57.51122203655541,507.71 -6.174339037388563,57.51122203655541,511.08 -6.174339037388563,57.51122203655541,507.71 -6.174339037388563,57.51122203655541,507.71 -6.174339037388563,57.51122203655541,509.16 -6.174323027953506,57.51121801324189,508.67 -6.174342976883054,57.51126101240516,504.83 -6.174349011853337,57.5112590007484,504.83 -6.174349011853337,57.5112590007484,505.3099999999999 -6.174328979104757,57.51123896799982,507.23 -6.174328979104757,57.51123896799982,506.7499999999999 -6.174324033781886,57.51124802045524,510.12 -6.174311963841319,57.511250032112,507.71 -6.174339037388563,57.51123896799982,506.7499999999999 -6.174366027116776,57.51118800602853,511.08 -6.174360997974873,57.51117702573538,511.08 -6.174352029338479,57.5111620221287,507.23 -6.17435404099524,57.51116001047194,503.39 -6.17435404099524,57.51116001047194,501.95 -6.17435404099524,57.51116001047194,496.66 -6.17435404099524,57.51116001047194,500.98 -6.17435404099524,57.51116001047194,505.3099999999999 -6.17435404099524,57.51116001047194,501.95 -6.17435404099524,57.51116001047194,505.3099999999999 -6.17435404099524,57.51116001047194,512.04 -6.17435404099524,57.51116001047194,506.7499999999999 -6.17435404099524,57.51116001047194,505.79 -6.17435404099524,57.51116001047194,502.91 -6.17435404099524,57.51116001047194,503.8699999999999 -6.17435404099524,57.51116001047194,500.02 -6.17435404099524,57.51116001047194,505.79 -6.17435404099524,57.51116001047194,509.64 -6.17435404099524,57.51116001047194,509.16 -6.17435404099524,57.51116001047194,501.95 -6.17435303516686,57.5111620221287,507.23 -6.17435303516686,57.5111620221287,508.1899999999999 -6.17435303516686,57.5111620221287,506.27 -6.17435303516686,57.5111620221287,508.67 -6.17435303516686,57.5111620221287,510.6 -6.17435303516686,57.5111620221287,507.23 -6.17435303516686,57.5111620221287,502.4300000000001 -6.17435303516686,57.5111620221287,503.8699999999999 -6.17435303516686,57.5111620221287,511.56 -6.17435303516686,57.5111620221287,507.71 -6.174357980489731,57.51117199659348,510.12 -6.174350017681718,57.51118800602853,518.77 -6.17435697466135,57.51119798049331,516.37 -6.174307018518448,57.5112310051918,512.52 -6.174302995204926,57.51124097965658,515.4 -6.174322022125125,57.5112640298903,510.6 -6.174311963841319,57.51125598326325,512.04 -6.174330990761519,57.5112399738282,509.64 -6.174315987154841,57.51122798770666,511.56 -6.17429000325501,57.51121398992836,512.04 -6.174276005476713,57.51120602712035,515.4 -6.174258990213275,57.51119898632169,509.64 -6.174263013526797,57.51119202934206,513 -6.174267958849669,57.51118800602853,506.7499999999999 -6.174267958849669,57.51118800602853,513.48 -6.174286985769868,57.51117702573538,509.64 -6.174286985769868,57.51117702573538,514.4400000000001 -6.174286985769868,57.51117702573538,517.8099999999999 -6.174286985769868,57.51117702573538,511.08 -6.174286985769868,57.51117702573538,510.6 -6.174286985769868,57.51117702573538,513.96 -6.174286985769868,57.51117702573538,508.67 -6.174286985769868,57.51117702573538,521.65 -6.17431003600359,57.51118197105825,519.25 -6.17433400824666,57.51119404099882,519.73 -6.174374995753169,57.5112119782716,516.85 -6.174385976046324,57.51121499575675,502.4300000000001 -6.174394022673369,57.51121499575675,505.79 -6.174387987703085,57.51121298409998,512.52 -6.174387987703085,57.51121298409998,505.79 -6.174387987703085,57.51121801324189,516.85 -6.174401985481381,57.51121801324189,512.52 -6.174401985481381,57.51121801324189,503.8699999999999 -6.174401985481381,57.51121801324189,513 -6.17444003932178,57.51124299131334,509.64 -6.174440961331129,57.51123896799982,508.67 -6.174440961331129,57.51123896799982,506.7499999999999 -6.17446199990809,57.51123201102018,509.16 -6.174481026828289,57.5112310051918,504.35 -6.174495024606586,57.51122798770666,504.35 -6.17459200322628,57.51121499575675,501.46 -6.174656040966511,57.51119999215007,501.95 -6.174684958532453,57.51117903739214,504.35 -6.17472100071609,57.51117300242186,506.27 -6.174728963524103,57.51113603822887,501.95 -6.174728963524103,57.51113603822887,499.0599999999999 -6.174728963524103,57.51113603822887,502.4300000000001 -6.174728963524103,57.51113603822887,506.27 -6.174728963524103,57.51113603822887,510.6 -6.174728963524103,57.51113603822887,501.95 -6.174728963524103,57.51113603822887,502.91 -6.174728963524103,57.51113603822887,500.02 -6.174728963524103,57.51113603822887,495.22 -6.174728963524103,57.51113603822887,495.7 -6.174728963524103,57.51113603822887,497.14 -6.174728963524103,57.51113603822887,493.77 -6.174728963524103,57.51113603822887,494.74 -6.174728963524103,57.51113603822887,497.6199999999999 -6.174725024029613,57.51113603822887,496.1799999999999 -6.174725024029613,57.51113603822887,493.77 -6.174725024029613,57.51113603822887,497.14 -6.174725024029613,57.51113603822887,500.02 -6.174725024029613,57.51113603822887,500.02 -6.174725024029613,57.51113603822887,503.39 -6.174725024029613,57.51113603822887,507.71 -6.174725024029613,57.51113603822887,510.6 -6.174725024029613,57.51113603822887,511.56 -6.174725024029613,57.51113603822887,511.08 -6.174795012921095,57.51116302795708,506.27 -6.174860978499055,57.51117501407862,511.08 -6.174883022904396,57.51114400103688,504.35 -6.174895009025931,57.51113402657211,506.27 -6.174984024837613,57.51110795885324,500.98 -6.175004979595542,57.51109999604523,495.22 -6.17504202760756,57.51108398661017,495.7 -6.175191979855299,57.5110689830035,495.7 -6.175208995118737,57.5110600143671,489.45 -6.175217041745782,57.5110549852252,489.45 -6.175225004553795,57.51104299910367,488.01 -6.175231961533427,57.51103302463889,491.37 -6.175240008160472,57.51102698966861,487.5299999999999 -6.175255011767149,57.51102799549699,490.89 -6.17527898401022,57.51102296635509,484.16 -6.17527898401022,57.51101701520383,485.6 -6.175259035080671,57.51100796274841,488.97 -6.175241013988853,57.51101098023355,492.81 -6.175241013988853,57.51101098023355,492.33 -6.175231039524078,57.51100896857679,496.66 -6.17523699067533,57.51101902686059,493.77 -6.175288036465645,57.51105096191168,496.1799999999999 -6.175204971805215,57.51118498854339,496.1799999999999 -6.175204971805215,57.51118498854339,498.58 -6.175204971805215,57.51118498854339,502.4300000000001 -6.175204971805215,57.51118498854339,499.54 -6.175204971805215,57.51118498854339,495.7 -6.175204971805215,57.51118498854339,499.0599999999999 -6.175204971805215,57.51118498854339,499.54 -6.175204971805215,57.51118498854339,499.54 -6.1752990167588,57.51116001047194,500.98 -6.1752990167588,57.51116001047194,502.4300000000001 -6.1752990167588,57.51116001047194,499.0599999999999 -6.1752990167588,57.51116001047194,501.95 -6.1752990167588,57.51116001047194,505.3099999999999 -6.1752990167588,57.51116001047194,500.02 -6.1752990167588,57.51116001047194,502.4300000000001 -6.1752990167588,57.51116001047194,499.0599999999999 -6.1752990167588,57.51116001047194,499.0599999999999 -6.175395995378494,57.51113603822887,503.39 -6.175395995378494,57.51113603822887,503.39 -6.175395995378494,57.51113603822887,500.02 -6.175395995378494,57.51113603822887,499.54 -6.175453998148441,57.51111902296543,500.98 -6.175453998148441,57.51111902296543,499.54 -6.175453998148441,57.51111902296543,495.7 -6.175453998148441,57.51111902296543,496.66 -6.175453998148441,57.51111902296543,500.4999999999999 -6.175453998148441,57.51111902296543,503.8699999999999 -6.175453998148441,57.51111902296543,507.23 -6.175453998148441,57.51111902296543,507.23 -6.175453998148441,57.51111902296543,503.39 -6.175453998148441,57.51111902296543,499.54 -6.175453998148441,57.51111902296543,498.1 -6.175479982048273,57.51110795885324,500.98 -6.175479982048273,57.51110795885324,503.8699999999999 -6.175479982048273,57.51110795885324,506.7499999999999 -6.175479982048273,57.51110795885324,507.23 -6.175491968169808,57.51110997051001,503.8699999999999 -6.175491968169808,57.51110997051001,502.4300000000001 -6.175491968169808,57.51110997051001,502.91 -6.175491968169808,57.51110997051001,500.98 -6.175491968169808,57.51110997051001,500.02 -6.175491968169808,57.51110997051001,496.66 -6.175491968169808,57.51110997051001,496.1799999999999 -6.175491968169808,57.51110997051001,498.1 -6.175320977345109,57.51106495968997,501.46 -6.175320977345109,57.51106495968997,504.35 -6.175320977345109,57.51106495968997,507.71 -6.175320977345109,57.51106495968997,507.23 -6.175320977345109,57.51106495968997,511.08 -6.175320977345109,57.51106495968997,505.3099999999999 -6.175320977345109,57.51106495968997,499.54 -6.175320977345109,57.51106495968997,500.02 -6.175320977345109,57.51106495968997,503.8699999999999 -6.175320977345109,57.51106495968997,497.14 -6.175320977345109,57.51106495968997,498.1 -6.175320977345109,57.51106495968997,498.1 -6.175314020365477,57.5110549852252,494.74 -6.175314020365477,57.5110549852252,494.74 -6.175314020365477,57.5110549852252,497.6199999999999 -6.175314020365477,57.5110549852252,497.14 -6.175297005102038,57.51104601658881,493.77 -6.175297005102038,57.51104601658881,496.1799999999999 -6.175297005102038,57.51104601658881,499.0599999999999 -6.175297005102038,57.51104601658881,497.6199999999999 -6.175297005102038,57.51104601658881,495.22 -6.17527898401022,57.51104400493205,493.29 -6.17527898401022,57.51104400493205,489.9299999999999 -6.17527898401022,57.51104400493205,492.81 -6.175277978181839,57.51103897579014,495.7 -6.175277978181839,57.51103897579014,491.85 -6.175277978181839,57.51103897579014,495.22 -6.175277978181839,57.51103897579014,491.85 -6.175277978181839,57.51103897579014,492.33 -6.175264986231923,57.51103000715375,495.7 -6.175264986231923,57.51103000715375,495.7 -6.175264986231923,57.51103000715375,490.89 -6.175264986231923,57.51103000715375,489.9299999999999 -6.175264986231923,57.51103000715375,493.77 -6.175264986231923,57.51103000715375,500.02 -6.175264986231923,57.51103000715375,497.6199999999999 -6.175260962918401,57.51102497801185,500.02 -6.175260962918401,57.51102497801185,496.66 -6.175260962918401,57.51102497801185,494.26 -6.175255011767149,57.51102003268898,492.81 -6.175255011767149,57.51102003268898,491.85 -6.175255011767149,57.51102003268898,492.81 -6.175255011767149,57.51102003268898,496.66 -6.175255011767149,57.51102003268898,499.0599999999999 -6.17525601759553,57.51101500354707,500.02 -6.17525601759553,57.51101500354707,502.91 -6.17525601759553,57.51101500354707,500.02 -6.17525601759553,57.51101500354707,499.54 -6.17525601759553,57.51101500354707,496.1799999999999 -6.17525601759553,57.51101500354707,495.7 -6.17525601759553,57.51101500354707,495.7 -6.17525601759553,57.51101500354707,493.77 -6.17525601759553,57.51101500354707,490.41 -6.17525601759553,57.51101500354707,488.97 -6.17525601759553,57.51101600937545,491.85 -6.17525601759553,57.51101600937545,495.22 -6.17525601759553,57.51101600937545,495.22 -6.17525601759553,57.51101600937545,490.89 -6.17525601759553,57.51101600937545,491.37 -6.175247970968485,57.51101701520383,494.74 -6.175247970968485,57.51101701520383,496.1799999999999 -6.175247970968485,57.51101701520383,500.4999999999999 -6.175247970968485,57.51101701520383,495.22 -6.175247970968485,57.51101701520383,494.74 -6.175247970968485,57.51101701520383,498.1 -6.175247970968485,57.51101701520383,501.46 -6.175247970968485,57.51101701520383,505.3099999999999 -6.175247970968485,57.51101701520383,501.46 -6.175247970968485,57.51101701520383,497.6199999999999 -6.175244031473994,57.51101902686059,494.26 -6.175244031473994,57.51101902686059,493.77 -6.175244031473994,57.51101902686059,491.37 -6.17523699067533,57.51101500354707,494.26 -6.17523699067533,57.51101500354707,497.6199999999999 -6.175232967361808,57.51101701520383,496.1799999999999 -6.175232967361808,57.51101701520383,492.33 -6.175232967361808,57.51101701520383,491.85 -6.175230033695698,57.51102003268898,493.77 -6.175230033695698,57.51102003268898,497.14 -6.175230033695698,57.51102003268898,497.14 -6.175230033695698,57.51102003268898,501.95 -6.175230033695698,57.51102003268898,494.26 -6.175230033695698,57.51102003268898,491.37 -6.175230033695698,57.51102003268898,490.41 -6.175229027867317,57.51101802103221,494.26 -6.175229027867317,57.51101802103221,492.81 -6.175229027867317,57.51101802103221,490.41 -6.175229027867317,57.51101802103221,493.77 -6.175229027867317,57.51101802103221,496.66 -6.175229027867317,57.51101802103221,496.66 -6.175229027867317,57.51101802103221,492.81 -6.175229027867317,57.51101802103221,492.33 -6.175226010382175,57.51101600937545,493.29 -6.175226010382175,57.51101600937545,491.37 -6.175226010382175,57.51101600937545,488.49 -6.175226010382175,57.51101600937545,488.01 -6.175226010382175,57.51101600937545,488.97 -6.175226010382175,57.51101600937545,491.85 -6.175226010382175,57.51101600937545,495.7 -6.175226010382175,57.51101600937545,494.74 -6.175223998725414,57.51101600937545,498.1 -6.175223998725414,57.51101600937545,494.74 -6.175223998725414,57.51101600937545,495.22 -6.175223998725414,57.51101600937545,500.02 -6.175223998725414,57.51101600937545,494.74 -6.175223998725414,57.51101600937545,500.4999999999999 -6.175223998725414,57.51101600937545,505.3099999999999 -6.175223998725414,57.51101600937545,499.54 -6.175223998725414,57.51101600937545,495.22 -6.175217963755131,57.51101600937545,495.7 -6.175217963755131,57.51101600937545,493.77 -6.175217963755131,57.51101600937545,500.02 -6.175217963755131,57.51101600937545,499.0599999999999 -6.175217963755131,57.51101600937545,494.74 -6.175217963755131,57.51101600937545,495.22 -6.175217963755131,57.51101600937545,499.54 -6.175216035917401,57.51101299189031,502.4300000000001 -6.175216035917401,57.51101299189031,499.54 -6.175216035917401,57.51101299189031,495.22 -6.175216035917401,57.51101299189031,496.1799999999999 -6.175216035917401,57.51101299189031,492.33 -6.175216035917401,57.51101299189031,493.77 -6.175216035917401,57.51101299189031,495.7 -6.17521301843226,57.51101399771869,499.54 -6.17521301843226,57.51101399771869,496.66 -6.17521301843226,57.51101399771869,499.54 -6.17521301843226,57.51101399771869,497.6199999999999 -6.17521301843226,57.51101399771869,501.46 -6.17521301843226,57.51101399771869,502.91 -6.17521301843226,57.51101399771869,506.27 -6.17521301843226,57.51101399771869,501.95 -6.17521301843226,57.51101399771869,499.54 -6.175210000947118,57.51101299189031,496.1799999999999 -6.175210000947118,57.51101299189031,493.29 -6.175210000947118,57.51101299189031,496.1799999999999 -6.175210000947118,57.51101299189031,497.6199999999999 -6.175210000947118,57.51101299189031,494.26 -6.175210000947118,57.51101299189031,494.74 -6.175210000947118,57.51101299189031,498.1 -6.175210000947118,57.51101299189031,499.54 -6.175210000947118,57.51101299189031,496.1799999999999 -6.175210000947118,57.51101299189031,492.33 -6.175210000947118,57.51101299189031,491.85 -6.175207989290357,57.51101198606193,489.9299999999999 -6.175207989290357,57.51101198606193,491.85 -6.175207989290357,57.51101198606193,495.7 -6.175207989290357,57.51101198606193,498.58 -6.175207989290357,57.51101198606193,494.74 -6.175205977633596,57.51101399771869,490.89 -6.175205977633596,57.51101399771869,490.89 -6.175205977633596,57.51101399771869,492.81 -6.175205977633596,57.51101399771869,495.7 -6.175205977633596,57.51101399771869,493.29 -6.175205977633596,57.51101399771869,494.26 -6.175198014825583,57.51101600937545,488.01 -6.175198014825583,57.51101600937545,488.01 -6.175198014825583,57.51101600937545,491.37 -6.175198014825583,57.51101600937545,490.41 -6.175198014825583,57.51101600937545,487.5299999999999 -6.175198014825583,57.51101600937545,490.89 -6.17519298568368,57.51101802103221,494.26 -6.17519298568368,57.51101802103221,491.37 -6.17519298568368,57.51101802103221,494.74 -6.17519298568368,57.51101802103221,491.85 -6.17519298568368,57.51101802103221,495.22 -6.17519298568368,57.51101802103221,495.7 -6.17519298568368,57.51101802103221,499.0599999999999 -6.17519298568368,57.51101802103221,498.58 -6.17519298568368,57.51101802103221,495.22 -6.175188962370157,57.51101399771869,494.26 -6.175188962370157,57.51101399771869,499.54 -6.175188962370157,57.51101399771869,495.7 -6.175188962370157,57.51101399771869,492.33 -6.175188962370157,57.51101399771869,492.33 -6.175188962370157,57.51101399771869,495.7 -6.175188962370157,57.51101399771869,492.33 -6.175188962370157,57.51101399771869,496.1799999999999 -6.175188962370157,57.51101399771869,497.6199999999999 -6.175184017047286,57.51101701520383,501.46 -6.175184017047286,57.51101701520383,498.58 -6.175184017047286,57.51101701520383,499.54 -6.175184017047286,57.51101701520383,495.7 -6.175184017047286,57.51101701520383,492.81 -6.175189968198538,57.51100896857679,495.22 -6.175189968198538,57.51100896857679,492.33 -6.175189968198538,57.51100896857679,490.89 -6.175189968198538,57.51100896857679,493.77 -6.175189968198538,57.51100896857679,494.26 -6.175188962370157,57.51100896857679,495.22 -6.175187034532428,57.51100896857679,493.29 -6.175217963755131,57.51102598384023,493.29 -6.175202038139105,57.51101600937545,489.9299999999999 -6.175210000947118,57.51102103851736,489.45 -6.175244031473994,57.51103201881051,494.74 -6.175242019817233,57.51103302463889,494.26 -6.175220981240273,57.51103101298213,497.6199999999999 -6.175221987068653,57.51103201881051,496.66 -6.175225004553795,57.51101802103221,488.01 -6.175222992897034,57.51101399771869,484.16 -6.175221987068653,57.51100997440517,485.12 -6.175222992897034,57.51100201159716,493.77 -6.175218969583511,57.51099899411201,497.14 -6.175217963755131,57.51099798828363,497.14 -6.175218969583511,57.51099698245525,493.29 -6.175218969583511,57.51099597662687,493.29 -6.175218969583511,57.51099497079849,489.9299999999999 -6.175221987068653,57.51099798828363,493.29 -6.175219975411892,57.51099899411201,490.41 -6.175218969583511,57.5109999999404,494.74 -6.175228022038937,57.51099798828363,486.0799999999999 -6.175239002332091,57.51099396497011,487.5299999999999 -6.175253000110388,57.51099002547562,491.37 -6.175253000110388,57.51099002547562,492.33 -6.175222992897034,57.51100704073906,496.1799999999999 -6.175222992897034,57.51100704073906,495.22 -6.175222992897034,57.51100704073906,494.74 -6.175222992897034,57.51100704073906,500.02 -6.175222992897034,57.51100704073906,501.46 -6.175222992897034,57.51100704073906,509.16 -6.175222992897034,57.51100704073906,508.67 -6.175222992897034,57.51100704073906,504.35 -6.175227016210556,57.51099698245525,493.77 -6.175227016210556,57.51098901964724,489.9299999999999 -6.175230033695698,57.51097896136343,487.05 -6.175239002332091,57.51096898689866,487.05 -6.175255011767149,57.51096303574741,493.29 -6.175263980403543,57.51095901243389,492.81 -6.175263980403543,57.51095901243389,489.9299999999999 -6.175260040909052,57.51095096580684,493.29 -6.175250988453627,57.51094602048397,490.41 -6.17523699067533,57.51094300299883,486.0799999999999 -6.175231039524078,57.51093302853405,482.72 -6.175254005938768,57.51089396886528,486.56 -6.175260962918401,57.5108789652586,480.8 -6.175265992060304,57.51086899079382,479.84 -6.175277978181839,57.51085197553039,478.3899999999999 -6.175277978181839,57.51085197553039,482.24 -6.175277978181839,57.51085197553039,483.2 -6.175260962918401,57.51081098802388,479.84 -6.175229027867317,57.51075197942555,478.87 -6.175219975411892,57.51070302911103,475.99 -6.175226010382175,57.51068199053407,475.03 -6.175212012603879,57.51061501912773,477.43 -6.175212012603879,57.51061501912773,477.43 -6.175159038975835,57.51058601774275,473.11 -6.175156021490693,57.51057101413608,473.59 -6.175201032310724,57.51048803329468,468.78 -6.175219975411892,57.51047202385962,467.8199999999999 -6.175221987068653,57.51046196557581,465.9 -6.175221987068653,57.51046196557581,466.86 -6.175226010382175,57.51041502691805,465.9 -6.175229027867317,57.51037496142089,464.93 -6.175247970968485,57.510332968086,464.45 -6.17519399151206,57.51026800833642,463.49 -6.17517001926899,57.51023699529469,465.42 -6.17517001926899,57.51023699529469,464.93 -6.175155015662313,57.51018896698952,463.49 -6.175147974863648,57.51016700640321,462.53 -6.175138000398874,57.51014898531139,462.05 -6.175101958215237,57.5101120211184,463.01 -6.175052002072334,57.51006701029837,460.61 -6.175036998465657,57.51004697754979,457.72 -6.175029035657644,57.5100380089134,453.88 -6.17497798986733,57.51001495867968,457.2400000000001 -6.174954017624259,57.51000699587166,457.2400000000001 -6.17495502345264,57.51000196672976,459.17 -6.174822002649307,57.50997900031507,458.21 -6.17474396713078,57.50994496978819,452.92 -6.17471999488771,57.50993801280856,453.4 -6.174712032079697,57.50992996618152,457.2400000000001 -6.174708008766174,57.50992099754512,457.72 -6.174693005159497,57.50987397506833,457.72 -6.174651011824608,57.50981898978353,454.36 -6.174608012661338,57.50974900089204,450.9999999999999 -6.174588985741139,57.50972502864897,449.55 -6.17459200322628,57.50968404114246,451.48 -6.174579011276364,57.50966400839388,453.4 -6.174558978527784,57.50965696759522,452.92 -6.174558978527784,57.50965696759522,451.96 -6.174558978527784,57.50965696759522,451.96 -6.174558978527784,57.50965696759522,453.4 -6.174544980749488,57.5096630025655,454.36 -6.174608012661338,57.50977297313511,450.52 -6.174596026539803,57.50978001393378,450.52 -6.174510028213263,57.5097840372473,450.0299999999999 -6.174500975757837,57.5097790081054,449.55 -6.174451019614935,57.50970600172877,448.1100000000001 -6.174359992146492,57.50963400118053,446.19 -6.17433300241828,57.50961002893746,442.82 -6.174329984933138,57.50958798453212,441.38 -6.174298971891403,57.50955898314714,443.79 -6.17424800992012,57.50954397954047,443.79 -6.174062015488744,57.50953299924731,441.38 -6.174062015488744,57.50953299924731,445.71 -6.174062015488744,57.50953299924731,440.8999999999999 -6.174062015488744,57.50953299924731,442.3399999999999 -6.174062015488744,57.50953299924731,445.71 -6.174062015488744,57.50953299924731,444.27 -6.174062015488744,57.50953299924731,440.8999999999999 -6.174050029367209,57.50953299924731,439.4599999999999 -6.174050029367209,57.50953299924731,442.82 -6.174050029367209,57.50953299924731,444.27 -6.174010969698429,57.50952302478254,439.4599999999999 -6.173995966091752,57.50951598398387,438.98 -6.173920026049018,57.50948203727603,439.94 -6.17390301078558,57.50947801396251,438.5 -6.173789016902447,57.50947801396251,433.69 -6.173752974718809,57.50945999287069,431.7699999999999 -6.173762027174234,57.50946803949773,429.85 -6.173748029395938,57.50945496372879,430.3299999999999 -6.173734031617641,57.50942596234381,431.29 -6.173765966668725,57.50937600620091,430.3299999999999 -6.173713998869062,57.50928397290409,429.37 -6.173720033839345,57.50920501537621,429.85 -6.173721961677074,57.50916796736419,430.81 -6.17368801496923,57.50911599956453,422.6399999999999 -6.173674017190933,57.50910895876586,419.7500000000001 -6.173649961128831,57.50908699817955,419.27 -6.173607967793942,57.50907802954316,421.68 -6.173548959195614,57.50908297486603,425.04 -6.173530016094446,57.50909202732146,425.04 -6.173483999446034,57.50909403897822,422.16 -6.173491962254047,57.50907802954316,420.71 -6.173447035253048,57.50903503037989,415.91 -6.173424990847707,57.50902597792447,416.39 -6.173351984471083,57.50900804065168,414.95 -6.173304039984942,57.50897199846804,414.47 -6.173308985307813,57.50896797515452,414.47 -6.173308985307813,57.50896797515452,416.39 -6.173272021114826,57.50895397737622,413.4999999999999 -6.173266991972923,57.50890796072781,414.47 -6.173266991972923,57.50890796072781,413.02 -6.17330496199429,57.50887602567673,413.98 -6.173290964215994,57.50880997627974,410.14 -6.173296999186277,57.50879698432982,415.43 -6.173296999186277,57.50879698432982,413.98 -6.173296999186277,57.50879698432982,408.7 -6.173296999186277,57.50879698432982,408.7 -6.173296999186277,57.50879698432982,412.54 -6.173296999186277,57.50879698432982,412.54 -6.173296999186277,57.50879698432982,414.47 -6.173287024721503,57.50875700265169,412.54 -6.173242013901472,57.50871601514518,410.6199999999999 -6.173212006688118,57.50866304151714,408.22 -6.173200020566583,57.50859196297824,404.85 -6.173208989202976,57.50858198851347,404.85 -6.173207983374596,57.50855499878526,409.66 -6.173201026394963,57.50853999517858,408.7 -6.173223992809653,57.50848299823701,409.66 -6.173229021951556,57.508475035429,408.22 -6.173207983374596,57.50845198519528,406.77 -6.173203960061073,57.50841803848743,408.22 -6.173201026394963,57.50840496271849,409.1800000000001 -6.173176970332861,57.50836397521198,404.3699999999999 -6.173186022788286,57.50834997743368,407.74 -6.173221981152892,57.50829096883535,404.85 -6.173232039436698,57.50827797688544,404.85 -6.173235978931189,57.50826003961265,404.85 -6.17321896366775,57.50821502879262,403.89 -6.173181999474764,57.50822198577225,403.41 -6.173157021403313,57.50822600908577,402.9299999999999 -6.173177976161242,57.50821704044938,406.29 -6.173193985596299,57.5082020368427,403.89 -6.17308996617794,57.50812198966742,403.41 -6.173097006976605,57.50812500715256,404.3699999999999 -6.173088038340211,57.50812601298094,404.3699999999999 -6.1728520039469,57.50817404128611,402.45 -6.17274597287178,57.5081039685756,402.9299999999999 -6.172709008678794,57.50804898329079,404.3699999999999 -6.172618987038732,57.50800598412752,401.49 -6.172509016469121,57.50793498940766,403.89 -6.172503987327218,57.50791202299297,400.0500000000001 -6.17250801064074,57.50789903104305,403.41 -6.172525025904179,57.50778595916927,405.33 -6.172532988712192,57.50778302550316,408.22 -6.172532988712192,57.50778302550316,409.1800000000001 -6.172532988712192,57.50778302550316,405.8099999999999 -6.172483032569289,57.50773097388446,403.41 -6.172475991770625,57.50769602134824,400.0500000000001 -6.172470962628722,57.50764698721468,400.5299999999999 -6.172446990385652,57.50759803690016,405.8099999999999 -6.172461993992329,57.50754003413022,409.1800000000001 -6.172450007870793,57.50752897001803,412.54 -6.172450007870793,57.50752897001803,412.54 -6.172389993444085,57.5074200052768,408.7 -6.172433998435736,57.50736602582037,407.26 -6.17248403839767,57.50725002028048,406.77 -6.172500969842076,57.50721900723875,404.3699999999999 -6.172513961791992,57.50716201029718,403.89 -6.172519996762276,57.5071279797703,403.41 -6.172528965398669,57.50709403306246,405.8099999999999 -6.172539023682475,57.50706897117198,401.49 -6.172544974833727,57.50705799087882,402.45 -6.172555033117533,57.50703703612089,405.33 -6.172543969005346,57.50701499171555,404.85 -6.172543969005346,57.50701499171555,405.33 -6.172500969842076,57.50702396035194,404.3699999999999 -6.172407008707523,57.50700803473592,402.9299999999999 -6.172367027029395,57.50699998810887,401.49 -6.172329979017377,57.50697299838066,398.12 -6.172305000945926,57.50697501003742,399.08 -6.172305000945926,57.50697501003742,403.89 -6.172262001782656,57.50696796923876,401.01 -6.172199975699186,57.50696402974427,396.6799999999999 -6.172193018719554,57.50695598311722,394.2799999999999 -6.172169968485832,57.50689898617566,392.8399999999999 -6.172166028991342,57.50689496286213,393.8 -6.172131998464465,57.50686696730554,391.87 -6.172116994857788,57.50683402642608,388.51 -6.172116994857788,57.50683402642608,391.39 -6.172115989029408,57.50683100894094,391.39 -6.172092016786337,57.50680997036397,389.47 -6.172024961560965,57.50681097619236,388.99 -6.171979028731585,57.50681701116264,391.39 -6.171981040388346,57.50680703669786,392.8399999999999 -6.171979028731585,57.50678700394928,385.6299999999999 -6.171975005418062,57.50676102004945,385.15 -6.171947009861469,57.5067259836942,388.99 -6.171940974891186,57.50671299174428,383.22 -6.171946004033089,57.50669899396598,388.03 -6.171942986547947,57.50666496343911,386.11 -6.171909961849451,57.50663596205413,384.66 -6.171886995434761,57.50659497454762,383.22 -6.171894958242774,57.50654300674796,384.66 -6.171915996819735,57.50647502951324,381.3 -6.17186201736331,57.50645399093628,380.82 -6.171866962686181,57.50642901286483,375.05 -6.171860005706549,57.50642096623778,375.53 -6.171804014593363,57.50640001147985,375.05 -6.171782976016402,57.50639003701508,377.94 -6.171782976016402,57.50639003701508,376.97 -6.171782976016402,57.50639003701508,376.97 -6.171779958531261,57.50637302175164,376.01 -6.171779036521912,57.50633999705315,374.57 -6.171735031530261,57.50632097013295,373.13 -6.171727990731597,57.50631300732493,372.65 -6.171734025701881,57.50627595931292,371.21 -6.171678034588695,57.50617596320808,368.8 -6.171660013496876,57.50616397708654,368.8 -6.171639980748296,57.5061160326004,367.84 -6.171611985191703,57.50605501234531,368.3199999999999 -6.171577032655478,57.50603799708188,366.88 -6.171541996300221,57.50603799708188,368.8 -6.171538978815079,57.5060229934752,364 -6.171522969380021,57.50600103288889,363.04 -6.171515006572008,57.50596901401877,364.48 -6.171511989086866,57.50594797544181,364.96 -6.171464966610074,57.50588703900576,363.04 -6.171444011852145,57.50587496906519,361.59 -6.171466978266835,57.5058380048722,362.55 -6.171426996588707,57.50581696629524,363.04 -6.171417022123933,57.50580196268857,359.19 -6.171402018517256,57.50578201375902,358.71 -6.171381985768676,57.50577396713197,361.59 -6.171381985768676,57.50577396713197,360.15 -6.171263968572021,57.50572702847421,358.71 -6.171221975237131,57.50572602264583,357.75 -6.171135976910591,57.5056479871273,353.42 -6.171127008274198,57.50563600100577,354.38 -6.171070011332631,57.50561999157071,351.98 -6.171055007725954,57.50561898574233,356.31 -6.171055007725954,57.50561898574233,354.86 -6.171056013554335,57.50561303459108,352.46 -6.171040004119277,57.50560096465051,355.83 -6.171038998290896,57.50560297630727,355.83 -6.17104503326118,57.50560498796403,351.5 -6.17104503326118,57.50560498796403,352.46 -6.17104503326118,57.50560498796403,349.58 -6.17104503326118,57.50560498796403,352.94 -6.17104503326118,57.50560498796403,350.06 -6.17104503326118,57.50560498796403,356.31 -6.17104503326118,57.50560498796403,355.34 -6.171019971370697,57.5055879727006,351.5 -6.171011002734304,57.50557196326554,350.54 -6.170963980257511,57.50551697798073,348.13 -6.17091896943748,57.50548001378775,343.33 -6.170899020507932,57.50546802766621,344.29 -6.170879993587732,57.50545696355402,343.81 -6.170868007466197,57.50543097965419,347.65 -6.170870019122958,57.50542100518942,351.5 -6.170870019122958,57.50541103072464,348.13 -6.170872030779719,57.50540097244084,345.25 -6.170871024951339,57.50538798049092,349.1 -6.170845963060856,57.50537599436939,348.13 -6.170817967504263,57.50539200380445,350.06 -6.170773040503264,57.50539401546121,346.69 -6.170773040503264,57.50539401546121,351.02 -6.170773040503264,57.50539401546121,349.1 -6.170773040503264,57.50539401546121,344.77 -6.170773040503264,57.50539401546121,344.77 -6.170773040503264,57.50539401546121,345.25 -6.170779997482896,57.50537800602615,349.1 -6.170790977776051,57.50536903738976,347.65 -6.170807993039489,57.50536501407623,352.46 -6.170833976939321,57.5053530279547,350.54 -6.170845041051507,57.505300976336,345.25 -6.170750996097922,57.50522201880813,340.44 -6.170727023854852,57.50521003268659,348.13 -6.170715037733316,57.50519502907991,345.25 -6.170711014419794,57.50517801381648,333.23 -6.170702967792749,57.5051630102098,339.96 -6.170685030519962,57.50514800660312,345.25 -6.170685030519962,57.50514800660312,345.73 -6.170685030519962,57.50514800660312,343.33 -6.170641025528312,57.50512302853167,340.92 -6.170625016093254,57.50510903075337,338.04 -6.170610012486577,57.50509503297508,330.83 -6.170588973909617,57.50508396886289,335.16 -6.170571958646178,57.5050750002265,340.44 -6.170554021373391,57.50505396164954,339 -6.170540023595095,57.5050470046699,340.44 -6.170497024431825,57.50504298135638,338.04 -6.170462993904948,57.50502898357809,331.79 -6.170463999733329,57.50502102077007,328.91 -6.170459976419807,57.50501397997141,335.16 -6.17044597864151,57.50501004047692,336.6 -6.170400967821479,57.50497399829328,331.79 -6.170399961993098,57.50495203770697,331.31 -6.170399961993098,57.50495203770697,331.31 -6.170354029163718,57.50493803992867,335.16 -6.170321004465222,57.50491398386657,330.83 -6.170298038050532,57.50488196499646,326.5 -6.170287979766727,57.50485698692501,326.02 -6.170271970331669,57.50482304021716,324.58 -6.170264007523656,57.5048159994185,324.58 -6.170211033895612,57.50479797832668,322.18 -6.170150013640523,57.50473201274872,320.74 -6.170154958963394,57.50470602884889,321.22 -6.170068960636854,57.504664035514,319.3 -6.170040965080261,57.50465498305857,320.26 -6.170040965080261,57.50465498305857,318.81 -6.169930994510651,57.50462698750198,318.81 -6.169927977025509,57.5046170130372,319.3 -6.169899981468916,57.50457401387393,321.22 -6.16986402310431,57.5045290030539,316.89 -6.169855976477265,57.50451701693237,316.89 -6.169733013957739,57.50439698807895,318.33 -6.169650033116341,57.50434703193605,317.37 -6.169570991769433,57.50426799058914,317.37 -6.169553976505995,57.50426002778113,320.26 -6.16954199038446,57.50425499863923,320.26 -6.169530004262924,57.50425198115408,321.7 -6.169530004262924,57.50425198115408,321.22 -6.169536961242557,57.50426296144724,319.78 -6.169536961242557,57.50426296144724,320.26 -6.169487005099654,57.50422197394073,319.3 -6.169245019555092,57.50414301641285,322.66 -6.169168995693326,57.50409297645092,319.78 -6.169233033433557,57.50404201447964,320.26 -6.169215012341738,57.50404201447964,320.26 -6.169165978208184,57.50405902974308,319.78 -6.169036980718374,57.50400203280151,318.81 -6.168900020420551,57.50387999229133,319.78 -6.168784014880657,57.50381503254175,324.58 -6.168658034875989,57.50375803560019,325.54 -6.168535994365811,57.50369902700186,330.35 -6.168398028239608,57.50363901257515,328.91 -6.168358968570828,57.50362702645361,328.91 -6.168355029076338,57.50362501479685,327.47 -6.168341031298041,57.50361001119018,322.66 -6.168324016034603,57.50359701924026,324.1 -6.16827498190105,57.50356097705662,326.5 -6.168267019093037,57.50354798510671,325.06 -6.168127041310072,57.50341102480888,327.47 -6.168069038540125,57.50337003730237,321.7 -6.168049005791545,57.50335603952408,325.54 -6.168028973042965,57.5033410359174,333.23 -6.168013969436288,57.50332603231072,333.23 -6.168001983314753,57.50331102870405,329.87 -6.167991003021598,57.50329501926899,329.87 -6.167955966666341,57.50326400622725,328.43 -6.167910033836961,57.50323098152876,329.87 -6.167897041887045,57.50321798957884,325.54 -6.167891006916761,57.50320298597217,326.02 -6.167868040502071,57.50316702760756,324.58 -6.167812971398234,57.50315504148602,328.91 -6.167812971398234,57.50315504148602,329.87 -6.167797967791557,57.50314397737384,325.54 -6.167776007205248,57.5031319912523,327.47 -6.167752034962177,57.50312000513077,324.1 -6.167682968080044,57.5030820351094,328.43 -6.167670981958509,57.50306996516883,325.54 -6.167642986401916,57.50303903594613,321.22 -6.167623037472367,57.50302403233945,327.47 -6.167600993067026,57.50300902873278,322.66 -6.167534021660686,57.50294700264931,326.99 -6.167492028325796,57.50290702097118,322.18 -6.167473001405597,57.50289503484964,322.18 -6.16741499863565,57.50286703929305,314.97 -6.16739496588707,57.50285698100924,314.97 -6.167344003915787,57.50283602625132,322.66 -6.167321037501097,57.50282202847302,322.66 -6.167295975610614,57.5028040073812,316.89 -6.16726697422564,57.50276503153145,314.97 -6.167210983112454,57.50271297991276,316.89 -6.167207965627313,57.502710968256,318.33 -6.167207965627313,57.502710968256,316.41 -6.167189022526145,57.50267903320491,312.57 -6.167106963694096,57.5026330165565,314.01 -6.167024988681078,57.50258901156485,308.24 -6.166823990643024,57.50246998853981,307.28 -6.166808987036347,57.50245096161962,301.99 -6.166778979822993,57.50241299159825,306.8 -6.166762970387936,57.50239798799157,306.32 -6.166516039520502,57.50230603851378,309.2 -6.166479997336865,57.50230201520026,305.36 -6.166441021487117,57.50229497440159,305.84 -6.166398022323847,57.50225398689508,302.47 -6.16640699096024,57.50224300660193,298.63 -6.166421994566917,57.50223403796554,299.11 -6.166439009830356,57.5022170227021,299.59 -6.166446972638369,57.50221601687372,299.59 -6.166446972638369,57.50221601687372,301.03 -6.166440015658736,57.5021839980036,299.11 -6.166416965425015,57.50212197192013,297.18 -6.166353011503816,57.50202801078558,295.26 -6.166205992922187,57.5019199680537,292.86 -6.166200963780284,57.50182097777724,290.94 -6.166165005415678,57.50172701664269,292.86 -6.166142961010337,57.50170597806573,289.01 -6.166041037067771,57.50155099667609,290.46 -6.166024021804333,57.50152199529111,287.09 -6.165972976014018,57.50147799029946,285.17 -6.165960989892483,57.50146399252117,286.13 -6.165936011821032,57.50143499113619,288.05 -6.165916984900832,57.50140800140798,284.69 -6.165811959654093,57.50140003859997,284.69 -6.16580399684608,57.50143901444972,284.21 -6.16574197076261,57.50144697725773,277.96 -6.165636023506522,57.50138696283102,282.77 -6.165599981322885,57.50138604082167,282.28 -6.165565028786659,57.50139199197292,285.65 -6.165511971339583,57.50140900723636,281.8 -6.165462015196681,57.50143297947943,279.4 -6.165413986891508,57.50145703554153,275.07 -6.165394959971309,57.50147002749145,275.56 -6.165333017706871,57.5015039741993,272.67 -6.16518197581172,57.50157203525305,269.79 -6.165121039375663,57.50157698057592,271.71 -6.165067981928587,57.50154999084771,265.46 -6.165081979706883,57.50151302665472,268.35 -6.165113998576999,57.50146198086441,266.42 -6.165091032162309,57.50142501667142,261.62 -6.165064964443445,57.50141495838761,266.42 -6.164876036345959,57.50144798308611,264.5 -6.1647720169276,57.50145100057125,267.38 -6.164736980572343,57.50144798308611,265.94 -6.164671014994383,57.50144395977259,262.58 -6.164594991132617,57.50144203193486,264.02 -6.164531037211418,57.50142702832818,265.46 -6.164484014734626,57.50141898170114,262.58 -6.164359962567687,57.50140003859997,260.65 -6.1642159614712,57.50136902555823,256.33 -6.164191989228129,57.50135997310281,256.33 -6.164096016436815,57.50132300890982,259.69 -6.164071960374713,57.50131496228278,260.17 -6.164005994796753,57.50130197033286,257.77 -6.164005994796753,57.50130197033286,256.81 -6.163996020331979,57.50130197033286,258.25 -6.163795022293925,57.501304987818,263.54 -6.16376300342381,57.50130699947476,263.54 -6.163626965135336,57.50130297616124,260.17 -6.163510959595442,57.50129300169647,256.33 -6.163453040644527,57.50126701779664,249.12 -6.163432002067566,57.50125100836158,249.12 -6.163406018167734,57.50121898949146,245.75 -6.163395037874579,57.50118495896459,244.79 -6.163469972088933,57.50109502114356,244.79 -6.163403000682592,57.50104296952486,247.68 -6.163358995690942,57.50102000311017,244.79 -6.163151040673256,57.50093199312687,242.39 -6.163090020418167,57.50091196037829,240.95 -6.163050960749388,57.50089502893388,237.1 -6.16303101181984,57.50083199702203,236.14 -6.163022965192795,57.50081699341536,235.18 -6.16283998824656,57.50065597705543,235.66 -6.162734962999821,57.50065396539867,233.74 -6.162702022120357,57.50065295957029,233.26 -6.162659022957087,57.50062697567046,228.45 -6.162604037672281,57.50053402036428,227.01 -6.162493983283639,57.50048599205911,228.93 -6.16247202269733,57.50047400593758,225.57 -6.162459030747414,57.50046503730118,228.93 -6.162428017705679,57.50042698346078,223.16 -6.162370014935732,57.50036101788282,227.01 -6.162293991073966,57.50027602538466,222.2 -6.16226096637547,57.50023503787816,220.76 -6.162216039374471,57.50020100735128,222.2 -6.162175973877311,57.50017401762307,218.84 -6.162157030776143,57.50016203150153,218.84 -6.162081006914377,57.50011299736798,214.51 -6.162090981379151,57.50007997266948,214.03 -6.162059968337417,57.4999460298568,214.51 -6.161981010809541,57.49975701794028,213.55 -6.161938011646271,57.49961402267218,213.07 -6.16189300082624,57.4994779843837,213.55 -6.161832986399531,57.49943297356367,213.55 -6.161510031670332,57.49938502907753,212.59 -6.161257987841964,57.49938896857202,213.07 -6.161201996728778,57.4993950035423,212.59 -6.160950036719441,57.4993899744004,210.67 -6.16077502258122,57.49932300299406,207.78 -6.16075498983264,57.49931504018605,207.78 -6.16071299649775,57.49927799217403,203.94 -6.160698998719454,57.49925301410258,207.3 -6.160671003162861,57.49924102798104,208.74 -6.160654993727803,57.49923499301076,209.22 -6.160600008442998,57.49921998940408,208.26 -6.16060595959425,57.49921496026218,208.74 -6.16060595959425,57.49921496026218,208.74 -6.160436980426312,57.49916701577604,205.86 -6.160280993208289,57.49915603548288,204.42 -6.160225002095103,57.49911496415734,200.57 -6.160220978781581,57.49909602105618,201.05 -6.16017404012382,57.49896702356637,198.17 -6.16017404012382,57.49896702356637,199.13 -6.160187032073736,57.49891698360443,193.84 -6.160188959911466,57.49889996834099,193.84 -6.160202035680413,57.49882997944951,190 -6.160199018195272,57.49881397001445,193.36 -6.160177979618311,57.49874699860811,189.52 -6.160100027918816,57.49858397059143,190.96 -6.160055017098784,57.49851398169994,190.48 -6.159925013780594,57.49835799448192,192.88 -6.159738013520837,57.4983040150255,190.96 -6.159661989659071,57.49830300919712,190 -6.159661989659071,57.49830300919712,190.48 -6.159600969403982,57.49838297255337,186.63 -6.159601975232363,57.49840300530195,186.15 -6.159631982445717,57.49849596060812,185.67 -6.159631982445717,57.49849596060812,185.67 -6.159679004922509,57.49855396337807,185.19 -6.159664001315832,57.49869301915169,182.79 -6.159473983570933,57.4987250380218,180.38 -6.159416986629367,57.49868296086788,178.94 -6.159279020503163,57.49852797947824,175.58 -6.159226968884468,57.4984750058502,174.14 -6.159150023013353,57.49833502806723,170.29 -6.159120015799999,57.4982070364058,170.77 -6.159104006364942,57.49818499200046,170.77 -6.159138958901167,57.49810603447258,171.25 -6.159061007201672,57.4979340378195,170.29 -6.159063018858433,57.49792096205056,170.29 -6.159023959189653,57.49781199730933,167.89 -6.159097971394658,57.49767403118312,167.41 -6.159112975001335,57.49763497151434,171.25 -6.15912202745676,57.49763203784823,169.81 -6.159115992486477,57.49763295985758,169.33 -6.159112975001335,57.49762097373605,171.25 -6.159110041335225,57.49760999344289,170.29 -6.159090008586645,57.49760597012937,171.73 -6.159090008586645,57.49760597012937,170.29 -6.159094031900168,57.49760798178613,170.77 -6.159094031900168,57.49760798178613,169.33 -6.159094031900168,57.49760798178613,171.25 -6.159094031900168,57.49760798178613,171.73 -6.15912202745676,57.49762600287795,170.77 -6.159148011356592,57.49762197956443,171.73 -6.159148011356592,57.49762197956443,170.77 -6.159153962507844,57.49762399122119,168.85 -6.159182041883469,57.49761996790767,169.33 -6.159219006076455,57.49761301092803,168.85 -6.159231998026371,57.49742601066828,168.85 -6.159206014126539,57.49741695821285,168.85 
			</coordinates>
		</LineString>
	</MultiGeometry>
	<atom:link rel="app" href="https://www.google.com/earth/about/versions/#earth-pro" title="Google Earth Pro 7.3.7.1155"></atom:link>
</Placemark>
</kml>
