<?xml version="1.0" encoding="UTF-8"?>
<kml
  xsi:schemaLocation="http://earth.google.com/kml/2.1 http://earth.google.com/kml2.1.xsd"
  xmlns:xsi="http://www.w3.org/2001/XMLSchema-instance" xmlns="http://earth.google.com/kml/2.1">
  <Folder>
    <name>Hong Kong Wandern</name>
    <Placemark>
      <name>Track</name>
      <Style>
        <LineStyle>
          <color>FF0000FF</color>
          <width>3.0</width>
        </LineStyle>
      </Style>
      <LineString>
        <extrude>false</extrude>
        <tessellate>true</tessellate>
        <altitudeMode>clampToGround</altitudeMode>
        <coordinates>114.15041944943368,22.271047895774245 114.15047560818493,22.271007662639022 114.15054744109511,22.270983271300793 114.15059597231448,22.270938847213984 114.15071533061564,22.270922837778926 114.15071927011013,22.27090984582901 114.15082739666104,22.27091269567609 114.15083770640194,22.271008249372244 114.15082421153784,22.271000873297453 114.1508397180587,22.270980589091778 114.150843154639,22.271007830277085 114.15086830034852,22.270961981266737 114.15082731284201,22.270967345684767 114.15083049796522,22.270887717604637 114.15101012215018,22.270809765905142 114.15105152875185,22.27075888775289 114.15106393396854,22.270638020709157 114.15108145214617,22.270626202225685 114.1510955337435,22.27063961327076 114.15110969915986,22.27060977369547 114.15118245407939,22.27055411785841 114.15121220983565,22.270461414009333 114.15126694366336,22.270518075674772 114.1512805223465,22.270501982420683 114.15143609046936,22.270479183644056 114.1515046544373,22.27049209177494 114.1515083424747,22.270474322140217 114.15151915512979,22.27048471570015 114.15148478932679,22.270491337403655 114.1515168081969,22.270455211400986 114.15173524059355,22.27046954445541 114.15202005766332,22.270333087071776 114.15226782672107,22.270354544743896 114.15225391276181,22.27037038654089 114.15210857056081,22.270302660763264 114.1520366538316,22.27030341513455 114.15169886313379,22.27037633769214 114.15158310905099,22.27045537903905 114.1514581348747,22.270436184480786 114.15141153149307,22.270461581647396 114.15126107633114,22.270446410402656 114.15124297142029,22.2704700473696 114.15113476105034,22.270503910258412 114.15101548656821,22.27068261243403 114.1509451624006,22.270744889974594 114.1508793644607,22.27086106315255 114.150853715837,22.270885119214654 114.15071013383567,22.27094454690814 114.15072832256556,22.27096893824637 114.15075271390378,22.27096508257091 114.15073553100228,22.270942954346538 114.1506901010871,22.27093331515789 114.15055423043668,22.27097237482667 114.15050905197859,22.270963741466403 114.15033973753452,22.27100322023034 114.15028148330748,22.271040519699454 114.15019875392318,22.27105736732483 114.15001359768212,22.270994670689106 114.15000680834055,22.27096843533218 114.14999146945775,22.270966675132513 114.14999767206609,22.27090196684003 114.14989122189581,22.270853016525507 114.14983481168747,22.270786128938198 114.1497627273202,22.27074413560331 114.14946374483407,22.270599799230695 114.14939559996128,22.27057850919664 114.14936391636729,22.270598290488124 114.14941160939634,22.270673057064414 114.1494189016521,22.270753607153893 114.14944773539901,22.270834241062403 114.14943524636328,22.270981008186936 114.14949358440936,22.271171025931835 114.14946768432856,22.271217880770564 114.14939761161804,22.271269178017974 114.14940909482539,22.27127336896956 114.1493966896087,22.27126599289477 114.14947673678398,22.271261550486088 114.14945393800735,22.271350985392928 114.14940314367414,22.27141703478992 114.14943591691554,22.27152457460761 114.14935444481671,22.27164368145168 114.1493448894471,22.271734960377216 114.14936131797731,22.271779300644994 114.14939392358065,22.271791035309434 114.14941906929016,22.271839985623956 114.1494704503566,22.271867310628295 114.14950783364475,22.271940736100078 114.1495172213763,22.272028494626284 114.14955468848348,22.27212111465633 114.14951973594725,22.27222572080791 114.1495053190738,22.27234834805131 114.14945368655026,22.272401992231607 114.14941856637597,22.27251741103828 114.14934396743774,22.272545490413904 114.14928487502038,22.27258932776749 114.14928738959134,22.272608103230596 114.14906971156597,22.272732658311725 114.14904850535095,22.272761492058635 114.1489770077169,22.273064078763127 114.14891984313726,22.273188047111034 114.14886695332825,22.27352198213339 114.1488747484982,22.273625750094652 114.14884088560939,22.273678220808506 114.14883392862976,22.273767236620188 114.14884666912258,22.27384753525257 114.14883518591523,22.27393294684589 114.14889327250421,22.274021795019507 114.14896242320538,22.274177530780435 114.14897197857499,22.274240227416158 114.14902369491756,22.274282639846206 114.14904121309519,22.274342235177755 114.14896904490888,22.27452227845788 114.14902109652758,22.27481690235436 114.14918647147715,22.274926118552685 114.14929593913257,22.2750445548445 114.14931328967214,22.275166679173708 114.14936307817698,22.275260975584388 114.14936760440469,22.275298442691565 114.14939006790519,22.275286372750998 114.14935100823641,22.27547463029623 114.14930943399668,22.27553715929389 114.1491789277643,22.27564268745482 114.1491578053683,22.27563397027552 114.14893073961139,22.27577026002109 114.14885831996799,22.275776211172342 114.14881867356598,22.27576196193695 114.14874063804746,22.275675041601062 114.14873083122075,22.275681579485536 114.14867693558335,22.27560010738671 114.1486448328942,22.275599101558328 114.14858448319137,22.27561829611659 114.14851943962276,22.275617122650146 114.14838197641075,22.275700690224767 114.1483329422772,22.275753999128938 114.14823202416301,22.27599791251123 114.14813747629523,22.276119869202375 114.14806748740375,22.27616546675563 114.14801099337637,22.276341654360294 114.14794150739908,22.276430083438754 114.1479166969657,22.27649822831154 114.14791367948055,22.276676427572966 114.14798366837204,22.276811711490154 114.14799288846552,22.276965687051415 114.14802926592529,22.27706015110016 114.14809531532228,22.27715260349214 114.14812012575567,22.277245139703155 114.1480475384742,22.277350164949894 114.14790529757738,22.27749701589346 114.14774210192263,22.27757379412651 114.14762819185853,22.27758837863803 114.14753515273333,22.277654008939862 114.1474449634552,22.277759285643697 114.14730875752866,22.277793316170573 114.14717171341181,22.277791807428002 114.14695613086224,22.277849726378918 114.14691631682217,22.27788115851581 114.14686786942184,22.277955003082752 114.14686007425189,22.27809908799827 114.14682512171566,22.27813756093383 114.14682780392468,22.278159437701106 114.14681481197476,22.278153989464045 114.1466853953898,22.27823881432414 114.1465294919908,22.278383569791913 114.14640175178647,22.278444170951843 114.14636545814574,22.27847719565034 114.14628809317946,22.278481973335147 114.1461531445384,22.278406117111444 114.1459964029491,22.278363537043333 114.14586950093508,22.278396897017956 114.14575517177582,22.27837854065001 114.14569985121489,22.27838784456253 114.1455561015755,22.27843872271478 114.14562684483826,22.278414499014616 114.14563321508467,22.278380719944835 114.1456475481391,22.27838139049709 114.1456248331815,22.27841223590076 114.1456388309598,22.278432520106435 114.14562977850437,22.278419192880392 114.14563992060721,22.278417935594916 114.14555450901389,22.278445595875382 114.14554067887366,22.278436040505767 114.14553271606565,22.278482224792242 114.1455762181431,22.27847719565034 114.14553615264595,22.278460348024964 114.14555652067065,22.278448613360524 114.14561259560287,22.27848649956286 114.14567277766764,22.278462443500757 114.14591032080352,22.278500329703093 114.14603940211236,22.27846160531044 114.14626940153539,22.278536036610603 114.14635246619582,22.278516506776214 114.1463814675808,22.278486331924796 114.1464657895267,22.278445092961192 114.14655664935708,22.278274269774556 114.1466970462352,22.27819145657122 114.14674951694906,22.278179889544845 114.1468077711761,22.278049299493432 114.14681187830865,22.277938993647695 114.14684280753136,22.277911249548197 114.14700860157609,22.2778557613492 114.14719476364553,22.27786749601364 114.1473207436502,22.277830950915813 114.14738679304719,22.277788035571575 114.14744018577039,22.277656188234687 114.14763405919075,22.27760153822601 114.14768267422915,22.277574380859733 114.14790764451027,22.277358463034034 114.14797184988856,22.277282774448395 114.14800386875868,22.277198201045394 114.14801082573831,22.277163164690137 114.14797444827855,22.277126368135214 114.147978303954,22.276990246027708 114.1480147652328,22.276932997629046 114.14802524261177,22.2768818680197 114.1479661501944,22.276828307658434 114.14793136529624,22.2767661139369 114.14794611744583,22.276536198332906 114.14805851876736,22.276327572762966 114.14807695895433,22.276176866143942 114.14811937138438,22.276117019355297 114.14814191870391,22.27602096274495 114.14821953512728,22.27587671019137 114.14821651764214,22.275845361873507 114.1482499614358,22.275777803733945 114.14828474633396,22.275773445144296 114.14837812073529,22.27571259252727 114.14857643656433,22.27567981928587 114.1486815456301,22.275705048814416 114.14870635606349,22.27574922144413 114.14883719757199,22.275852989405394 114.14897256530821,22.275800853967667 114.14900575764477,22.275770511478186 114.14903635159135,22.27570530027151 114.149238942191,22.275624834001064 114.14931940846145,22.275536991655827 114.1493808478117,22.27539248764515 114.14939920417964,22.275269776582718 114.14939677342772,22.275165170431137 114.1493483260274,22.27498102001846 114.14914296939969,22.274804916232824 114.14909200742841,22.274790415540338 114.14902662858367,22.274707099422812 114.14902377873659,22.274587573483586 114.14905303157866,22.274340726435184 114.14901170879602,22.27426973171532 114.14897885173559,22.274176105856895 114.14897960610688,22.274110559374094 114.14892378263175,22.273977790027857 114.14892730303109,22.273743012920022 114.1489595733583,22.27363396435976 114.14894046261907,22.273608399555087 114.14892705157399,22.27348250336945 114.14895638823509,22.273395834490657 114.14895655587316,22.273312686011195 114.14893325418234,22.27325577288866 114.14896066300571,22.2730412799865 114.1490473318845,22.272815387696028 114.14918839931488,22.27269527502358 114.1492978669703,22.272641882300377 114.14945594966412,22.272393694147468 114.1495394334197,22.27210653014481 114.14947112090886,22.272011982277036 114.14951487444341,22.27194383740425 114.14947472512722,22.2718792129308 114.14941144175828,22.27184660732746 114.14938009344041,22.271750131621957 114.14940507151186,22.27166371420026 114.14948679506779,22.271567238494754 114.14949710480869,22.271491214632988 114.14954370819032,22.271421644836664 114.14956097491086,22.27131695486605 114.1495809238404,22.271305723115802 114.14957329630852,22.27127672173083 114.14961168542504,22.271245876327157 114.14962006732821,22.271163566038013 114.1496533434838,22.27111947722733 114.14972383528948,22.271090727299452 114.1498438641429,22.271095421165228 114.1499699279666,22.271060468629003 114.14995165541768,22.271060217171907 114.15017779916525,22.271095756441355 114.15016849525273,22.27110330015421 114.15012734010816,22.271060468629003 114.15015885606408,22.270963238552213 114.15014971978962,22.270999616011977</coordinates>
      </LineString>
    </Placemark>
    <Folder>
      <name>Laps</name>
      <description>Laps, start and end splits recorded in the activity.</description>
      <Placemark>
        <name>Start</name>
        <description>&lt;table width = "320"&gt;&lt;tr&gt;&lt;td colspan="2"&gt; &lt;/td&gt;&lt;/tr&gt;&lt;tr&gt;&lt;td colspan="2"&gt;Sun Feb 15 01:26:26 GMT 2026 by IngoScholtes&lt;/td&gt;&lt;/tr&gt;&lt;tr&gt;&lt;td colspan="2"&gt;&lt;/td&gt;&lt;/tr&gt;&lt;tr&gt;&lt;td&gt;Activity Type:&lt;/td&gt;&lt;td&gt;hiking&lt;/td&gt;&lt;/tr&gt;&lt;tr&gt;&lt;td&gt;Event type:&lt;/td&gt;&lt;td&gt;uncategorized&lt;/td&gt;&lt;/tr&gt;&lt;tr&gt;&lt;td&gt;Distance:&lt;/td&gt;&lt;td&gt;3.16 Kilometers &lt;/td&gt;&lt;/tr&gt;&lt;tr&gt;&lt;td&gt;Time :&lt;/td&gt;&lt;td&gt;0:53:39&lt;/td&gt;&lt;/tr&gt;&lt;tr&gt;&lt;td&gt;Elevation Gain :&lt;/td&gt;&lt;td&gt;34 Meters &lt;/td&gt;&lt;/tr&gt;&lt;tr&gt;&lt;td colspan="2"&gt;&lt;/td&gt;&lt;/tr&gt;&lt;tr&gt;&lt;td colspan="2" align="right"&gt;&lt;a href="View Details on Garmin Connect /activity/21871157708"&gt; &lt;/a&gt;&lt;/td&gt;&lt;/tr&gt;&lt;/table&gt;</description>
        <Style>
          <IconStyle>
            <scale>1.3</scale>
            <Icon>
              <href>explore\image\main\icons\kml\grn-play.png</href>
            </Icon>
            <hotSpot x="0.5" xunits="fraction" y="0.0" yunits="fraction"/>
          </IconStyle>
        </Style>
        <Point>
          <coordinates>114.15041944943368, 22.271047895774245</coordinates>
        </Point>
      </Placemark>
      <Placemark>
        <name>Lap 1</name>
        <description>&lt;table width = "320"&gt;&lt;tr&gt;&lt;td&gt;Time:&lt;/td&gt;&lt;td&gt;00:53:39&lt;/td&gt;&lt;/tr&gt;&lt;tr&gt;&lt;td&gt;Distance:&lt;/td&gt;&lt;td&gt;3.16 Kilometers &lt;/td&gt;&lt;/tr&gt;&lt;tr&gt;&lt;td&gt;Elevation Gain:&lt;/td&gt;&lt;td&gt;34 Meters &lt;/td&gt;&lt;/tr&gt;&lt;tr&gt;&lt;td&gt;Elevation Loss:&lt;/td&gt;&lt;td&gt;40 Meters &lt;/td&gt;&lt;/tr&gt;&lt;tr&gt;&lt;td&gt;Max Speed:&lt;/td&gt;&lt;td&gt;7.49 Kilometers per Hour&lt;/td&gt;&lt;/tr&gt;&lt;/table&gt;</description>
        <Style>
          <IconStyle>
            <scale>1.0</scale>
            <Icon>
              <href>http://maps.google.com/mapfiles/kml/shapes/flag.png</href>
            </Icon>
            <hotSpot x="0.45" xunits="fraction" y="0.0" yunits="fraction"/>
          </IconStyle>
        </Style>
        <Point>
          <coordinates>114.15014971978962,22.270999616011977</coordinates>
        </Point>
      </Placemark>
      <Placemark>
        <name>End</name>
        <description>&lt;table width = "320"&gt;&lt;tr&gt;&lt;td colspan="2"&gt; &lt;/td&gt;&lt;/tr&gt;&lt;tr&gt;&lt;td colspan="2"&gt;Sun Feb 15 01:26:26 GMT 2026 by IngoScholtes&lt;/td&gt;&lt;/tr&gt;&lt;tr&gt;&lt;td colspan="2"&gt;&lt;/td&gt;&lt;/tr&gt;&lt;tr&gt;&lt;td&gt;Activity Type:&lt;/td&gt;&lt;td&gt;hiking&lt;/td&gt;&lt;/tr&gt;&lt;tr&gt;&lt;td&gt;Event type:&lt;/td&gt;&lt;td&gt;uncategorized&lt;/td&gt;&lt;/tr&gt;&lt;tr&gt;&lt;td&gt;Distance:&lt;/td&gt;&lt;td&gt;3.16 Kilometers &lt;/td&gt;&lt;/tr&gt;&lt;tr&gt;&lt;td&gt;Time :&lt;/td&gt;&lt;td&gt;0:53:39&lt;/td&gt;&lt;/tr&gt;&lt;tr&gt;&lt;td&gt;Elevation Gain :&lt;/td&gt;&lt;td&gt;34 Meters &lt;/td&gt;&lt;/tr&gt;&lt;tr&gt;&lt;td colspan="2"&gt;&lt;/td&gt;&lt;/tr&gt;&lt;tr&gt;&lt;td colspan="2" align="right"&gt;&lt;a href="View Details on Garmin Connect /activity/21871157708"&gt; &lt;/a&gt;&lt;/td&gt;&lt;/tr&gt;&lt;/table&gt;</description>
        <Style>
          <IconStyle>
            <scale>1.0</scale>
            <Icon>
              <href>http://maps.google.com/mapfiles/kml/paddle/red-square.png</href>
            </Icon>
            <hotSpot x="0.45" xunits="fraction" y="0.0" yunits="fraction"/>
          </IconStyle>
        </Style>
        <Point>
          <coordinates>114.15014971978962, 22.270999616011977</coordinates>
        </Point>
      </Placemark>
    </Folder>
    <Folder>
      <name>Track Points</name>
      <description>Toggle to enable or disable animation of the activity.</description>
      <Style>
        <ListStyle>
          <listItemType>checkHideChildren</listItemType>
        </ListStyle>
      </Style>
      <Placemark>
        <TimeSpan>
          <begin>2026-02-15T09:26:26+08:00</begin>
          <end>2026-02-15T09:26:26+08:00</end>
        </TimeSpan>
        <Style>
          <IconStyle>
            <color>FF00FFFF</color>
            <scale>0.9</scale>
            <Icon>
              <href>http://maps.google.com/mapfiles/kml/shapes/placemark_circle.png</href>
            </Icon>
          </IconStyle>
        </Style>
        <Point>
          <altitudeMode>clampToGround</altitudeMode>
          <coordinates>114.15041944943368434906005859375,22.27104789577424526214599609375, 748.79998779296875</coordinates>
        </Point>
      </Placemark>
      <Placemark>
        <TimeSpan>
          <begin>2026-02-15T09:26:26+08:00</begin>
          <end>2026-02-15T09:26:27+08:00</end>
        </TimeSpan>
        <Style>
          <IconStyle>
            <color>FF00FFFF</color>
            <scale>0.9</scale>
            <Icon>
              <href>http://maps.google.com/mapfiles/kml/shapes/placemark_circle.png</href>
            </Icon>
          </IconStyle>
        </Style>
        <Point>
          <altitudeMode>clampToGround</altitudeMode>
          <coordinates>114.150426574051380157470703125,22.27103532291948795318603515625, 748.79998779296875</coordinates>
        </Point>
      </Placemark>
      <Placemark>
        <TimeSpan>
          <begin>2026-02-15T09:26:27+08:00</begin>
          <end>2026-02-15T09:26:31+08:00</end>
        </TimeSpan>
        <Style>
          <IconStyle>
            <color>FF00FFFF</color>
            <scale>0.9</scale>
            <Icon>
              <href>http://maps.google.com/mapfiles/kml/shapes/placemark_circle.png</href>
            </Icon>
          </IconStyle>
        </Style>
        <Point>
          <altitudeMode>clampToGround</altitudeMode>
          <coordinates>114.15047560818493366241455078125,22.27100766263902187347412109375, 749</coordinates>
        </Point>
      </Placemark>
      <Placemark>
        <TimeSpan>
          <begin>2026-02-15T09:26:31+08:00</begin>
          <end>2026-02-15T09:26:36+08:00</end>
        </TimeSpan>
        <Style>
          <IconStyle>
            <color>FF00FFFF</color>
            <scale>0.9</scale>
            <Icon>
              <href>http://maps.google.com/mapfiles/kml/shapes/placemark_circle.png</href>
            </Icon>
          </IconStyle>
        </Style>
        <Point>
          <altitudeMode>clampToGround</altitudeMode>
          <coordinates>114.1505474410951137542724609375,22.270983271300792694091796875, 749.5999755859375</coordinates>
        </Point>
      </Placemark>
      <Placemark>
        <TimeSpan>
          <begin>2026-02-15T09:26:36+08:00</begin>
          <end>2026-02-15T09:26:38+08:00</end>
        </TimeSpan>
        <Style>
          <IconStyle>
            <color>FF00FFFF</color>
            <scale>0.9</scale>
            <Icon>
              <href>http://maps.google.com/mapfiles/kml/shapes/placemark_circle.png</href>
            </Icon>
          </IconStyle>
        </Style>
        <Point>
          <altitudeMode>clampToGround</altitudeMode>
          <coordinates>114.1505657136440277099609375,22.27096407674252986907958984375, 750</coordinates>
        </Point>
      </Placemark>
      <Placemark>
        <TimeSpan>
          <begin>2026-02-15T09:26:38+08:00</begin>
          <end>2026-02-15T09:26:41+08:00</end>
        </TimeSpan>
        <Style>
          <IconStyle>
            <color>FF00FFFF</color>
            <scale>0.9</scale>
            <Icon>
              <href>http://maps.google.com/mapfiles/kml/shapes/placemark_circle.png</href>
            </Icon>
          </IconStyle>
        </Style>
        <Point>
          <altitudeMode>clampToGround</altitudeMode>
          <coordinates>114.15059597231447696685791015625,22.2709388472139835357666015625, 750</coordinates>
        </Point>
      </Placemark>
      <Placemark>
        <TimeSpan>
          <begin>2026-02-15T09:26:41+08:00</begin>
          <end>2026-02-15T09:26:42+08:00</end>
        </TimeSpan>
        <Style>
          <IconStyle>
            <color>FF00FFFF</color>
            <scale>0.9</scale>
            <Icon>
              <href>http://maps.google.com/mapfiles/kml/shapes/placemark_circle.png</href>
            </Icon>
          </IconStyle>
        </Style>
        <Point>
          <altitudeMode>clampToGround</altitudeMode>
          <coordinates>114.150607623159885406494140625,22.2709354944527149200439453125, 750</coordinates>
        </Point>
      </Placemark>
      <Placemark>
        <TimeSpan>
          <begin>2026-02-15T09:26:42+08:00</begin>
          <end>2026-02-15T09:26:47+08:00</end>
        </TimeSpan>
        <Style>
          <IconStyle>
            <color>FF00FFFF</color>
            <scale>0.9</scale>
            <Icon>
              <href>http://maps.google.com/mapfiles/kml/shapes/placemark_circle.png</href>
            </Icon>
          </IconStyle>
        </Style>
        <Point>
          <altitudeMode>clampToGround</altitudeMode>
          <coordinates>114.15066855959594249725341796875,22.27093088440597057342529296875, 750</coordinates>
        </Point>
      </Placemark>
      <Placemark>
        <TimeSpan>
          <begin>2026-02-15T09:26:47+08:00</begin>
          <end>2026-02-15T09:26:48+08:00</end>
        </TimeSpan>
        <Style>
          <IconStyle>
            <color>FF00FFFF</color>
            <scale>0.9</scale>
            <Icon>
              <href>http://maps.google.com/mapfiles/kml/shapes/placemark_circle.png</href>
            </Icon>
          </IconStyle>
        </Style>
        <Point>
          <altitudeMode>clampToGround</altitudeMode>
          <coordinates>114.150677025318145751953125,22.27092870511114597320556640625, 750</coordinates>
        </Point>
      </Placemark>
      <Placemark>
        <TimeSpan>
          <begin>2026-02-15T09:26:48+08:00</begin>
          <end>2026-02-15T09:26:50+08:00</end>
        </TimeSpan>
        <Style>
          <IconStyle>
            <color>FF00FFFF</color>
            <scale>0.9</scale>
            <Icon>
              <href>http://maps.google.com/mapfiles/kml/shapes/placemark_circle.png</href>
            </Icon>
          </IconStyle>
        </Style>
        <Point>
          <altitudeMode>clampToGround</altitudeMode>
          <coordinates>114.15069538168609142303466796875,22.2709254361689090728759765625, 750.4000244140625</coordinates>
        </Point>
      </Placemark>
      <Placemark>
        <TimeSpan>
          <begin>2026-02-15T09:26:50+08:00</begin>
          <end>2026-02-15T09:26:52+08:00</end>
        </TimeSpan>
        <Style>
          <IconStyle>
            <color>FF00FFFF</color>
            <scale>0.9</scale>
            <Icon>
              <href>http://maps.google.com/mapfiles/kml/shapes/placemark_circle.png</href>
            </Icon>
          </IconStyle>
        </Style>
        <Point>
          <altitudeMode>clampToGround</altitudeMode>
          <coordinates>114.15071533061563968658447265625,22.27092283777892589569091796875, 750.4000244140625</coordinates>
        </Point>
      </Placemark>
      <Placemark>
        <TimeSpan>
          <begin>2026-02-15T09:26:52+08:00</begin>
          <end>2026-02-15T09:26:53+08:00</end>
        </TimeSpan>
        <Style>
          <IconStyle>
            <color>FF00FFFF</color>
            <scale>0.9</scale>
            <Icon>
              <href>http://maps.google.com/mapfiles/kml/shapes/placemark_circle.png</href>
            </Icon>
          </IconStyle>
        </Style>
        <Point>
          <altitudeMode>clampToGround</altitudeMode>
          <coordinates>114.15071700699627399444580078125,22.27091831155121326446533203125, 750.5999755859375</coordinates>
        </Point>
      </Placemark>
      <Placemark>
        <TimeSpan>
          <begin>2026-02-15T09:26:53+08:00</begin>
          <end>2026-02-15T09:26:54+08:00</end>
        </TimeSpan>
        <Style>
          <IconStyle>
            <color>FF00FFFF</color>
            <scale>0.9</scale>
            <Icon>
              <href>http://maps.google.com/mapfiles/kml/shapes/placemark_circle.png</href>
            </Icon>
          </IconStyle>
        </Style>
        <Point>
          <altitudeMode>clampToGround</altitudeMode>
          <coordinates>114.1507170908153057098388671875,22.27091319859027862548828125, 750.5999755859375</coordinates>
        </Point>
      </Placemark>
      <Placemark>
        <TimeSpan>
          <begin>2026-02-15T09:26:54+08:00</begin>
          <end>2026-02-15T09:26:55+08:00</end>
        </TimeSpan>
        <Style>
          <IconStyle>
            <color>FF00FFFF</color>
            <scale>0.9</scale>
            <Icon>
              <href>http://maps.google.com/mapfiles/kml/shapes/placemark_circle.png</href>
            </Icon>
          </IconStyle>
        </Style>
        <Point>
          <altitudeMode>clampToGround</altitudeMode>
          <coordinates>114.15071927011013031005859375,22.270909845829010009765625, 750.79998779296875</coordinates>
        </Point>
      </Placemark>
      <Placemark>
        <TimeSpan>
          <begin>2026-02-15T09:26:55+08:00</begin>
          <end>2026-02-15T09:26:59+08:00</end>
        </TimeSpan>
        <Style>
          <IconStyle>
            <color>FF00FFFF</color>
            <scale>0.9</scale>
            <Icon>
              <href>http://maps.google.com/mapfiles/kml/shapes/placemark_circle.png</href>
            </Icon>
          </IconStyle>
        </Style>
        <Point>
          <altitudeMode>clampToGround</altitudeMode>
          <coordinates>114.150744415819644927978515625,22.27090783417224884033203125, 750.79998779296875</coordinates>
        </Point>
      </Placemark>
      <Placemark>
        <TimeSpan>
          <begin>2026-02-15T09:26:59+08:00</begin>
          <end>2026-02-15T09:27:00+08:00</end>
        </TimeSpan>
        <Style>
          <IconStyle>
            <color>FF00FFFF</color>
            <scale>0.9</scale>
            <Icon>
              <href>http://maps.google.com/mapfiles/kml/shapes/placemark_circle.png</href>
            </Icon>
          </IconStyle>
        </Style>
        <Point>
          <altitudeMode>clampToGround</altitudeMode>
          <coordinates>114.150757156312465667724609375,22.27091378532350063323974609375, 750.5999755859375</coordinates>
        </Point>
      </Placemark>
      <Placemark>
        <TimeSpan>
          <begin>2026-02-15T09:27:00+08:00</begin>
          <end>2026-02-15T09:27:02+08:00</end>
        </TimeSpan>
        <Style>
          <IconStyle>
            <color>FF00FFFF</color>
            <scale>0.9</scale>
            <Icon>
              <href>http://maps.google.com/mapfiles/kml/shapes/placemark_circle.png</href>
            </Icon>
          </IconStyle>
        </Style>
        <Point>
          <altitudeMode>clampToGround</altitudeMode>
          <coordinates>114.1507816314697265625,22.27091395296156406402587890625, 750.4000244140625</coordinates>
        </Point>
      </Placemark>
      <Placemark>
        <TimeSpan>
          <begin>2026-02-15T09:27:02+08:00</begin>
          <end>2026-02-15T09:27:05+08:00</end>
        </TimeSpan>
        <Style>
          <IconStyle>
            <color>FF00FFFF</color>
            <scale>0.9</scale>
            <Icon>
              <href>http://maps.google.com/mapfiles/kml/shapes/placemark_circle.png</href>
            </Icon>
          </IconStyle>
        </Style>
        <Point>
          <altitudeMode>clampToGround</altitudeMode>
          <coordinates>114.1508136503398418426513671875,22.27090976200997829437255859375, 750.5999755859375</coordinates>
        </Point>
      </Placemark>
      <Placemark>
        <TimeSpan>
          <begin>2026-02-15T09:27:05+08:00</begin>
          <end>2026-02-15T09:27:07+08:00</end>
        </TimeSpan>
        <Style>
          <IconStyle>
            <color>FF00FFFF</color>
            <scale>0.9</scale>
            <Icon>
              <href>http://maps.google.com/mapfiles/kml/shapes/placemark_circle.png</href>
            </Icon>
          </IconStyle>
        </Style>
        <Point>
          <altitudeMode>clampToGround</altitudeMode>
          <coordinates>114.1508273966610431671142578125,22.2709126956760883331298828125, 750.79998779296875</coordinates>
        </Point>
      </Placemark>
      <Placemark>
        <TimeSpan>
          <begin>2026-02-15T09:27:07+08:00</begin>
          <end>2026-02-15T09:27:09+08:00</end>
        </TimeSpan>
        <Style>
          <IconStyle>
            <color>FF00FFFF</color>
            <scale>0.9</scale>
            <Icon>
              <href>http://maps.google.com/mapfiles/kml/shapes/placemark_circle.png</href>
            </Icon>
          </IconStyle>
        </Style>
        <Point>
          <altitudeMode>clampToGround</altitudeMode>
          <coordinates>114.15083267726004123687744140625,22.2709194011986255645751953125, 750.79998779296875</coordinates>
        </Point>
      </Placemark>
      <Placemark>
        <TimeSpan>
          <begin>2026-02-15T09:27:09+08:00</begin>
          <end>2026-02-15T09:27:11+08:00</end>
        </TimeSpan>
        <Style>
          <IconStyle>
            <color>FF00FFFF</color>
            <scale>0.9</scale>
            <Icon>
              <href>http://maps.google.com/mapfiles/kml/shapes/placemark_circle.png</href>
            </Icon>
          </IconStyle>
        </Style>
        <Point>
          <altitudeMode>clampToGround</altitudeMode>
          <coordinates>114.15083904750645160675048828125,22.27092929184436798095703125, 750.79998779296875</coordinates>
        </Point>
      </Placemark>
      <Placemark>
        <TimeSpan>
          <begin>2026-02-15T09:27:11+08:00</begin>
          <end>2026-02-15T09:27:13+08:00</end>
        </TimeSpan>
        <Style>
          <IconStyle>
            <color>FF00FFFF</color>
            <scale>0.9</scale>
            <Icon>
              <href>http://maps.google.com/mapfiles/kml/shapes/placemark_circle.png</href>
            </Icon>
          </IconStyle>
        </Style>
        <Point>
          <altitudeMode>clampToGround</altitudeMode>
          <coordinates>114.15083636529743671417236328125,22.27093859575688838958740234375, 750.5999755859375</coordinates>
        </Point>
      </Placemark>
      <Placemark>
        <TimeSpan>
          <begin>2026-02-15T09:27:13+08:00</begin>
          <end>2026-02-15T09:27:16+08:00</end>
        </TimeSpan>
        <Style>
          <IconStyle>
            <color>FF00FFFF</color>
            <scale>0.9</scale>
            <Icon>
              <href>http://maps.google.com/mapfiles/kml/shapes/placemark_circle.png</href>
            </Icon>
          </IconStyle>
        </Style>
        <Point>
          <altitudeMode>clampToGround</altitudeMode>
          <coordinates>114.15082412771880626678466796875,22.27094580419361591339111328125, 750.5999755859375</coordinates>
        </Point>
      </Placemark>
      <Placemark>
        <TimeSpan>
          <begin>2026-02-15T09:27:16+08:00</begin>
          <end>2026-02-15T09:27:22+08:00</end>
        </TimeSpan>
        <Style>
          <IconStyle>
            <color>FF00FFFF</color>
            <scale>0.9</scale>
            <Icon>
              <href>http://maps.google.com/mapfiles/kml/shapes/placemark_circle.png</href>
            </Icon>
          </IconStyle>
        </Style>
        <Point>
          <altitudeMode>clampToGround</altitudeMode>
          <coordinates>114.15083720348775386810302734375,22.2710077464580535888671875, 750.20001220703125</coordinates>
        </Point>
      </Placemark>
      <Placemark>
        <TimeSpan>
          <begin>2026-02-15T09:27:22+08:00</begin>
          <end>2026-02-15T09:27:23+08:00</end>
        </TimeSpan>
        <Style>
          <IconStyle>
            <color>FF00FFFF</color>
            <scale>0.9</scale>
            <Icon>
              <href>http://maps.google.com/mapfiles/kml/shapes/placemark_circle.png</href>
            </Icon>
          </IconStyle>
        </Style>
        <Point>
          <altitudeMode>clampToGround</altitudeMode>
          <coordinates>114.15083770640194416046142578125,22.2710082493722438812255859375, 750.20001220703125</coordinates>
        </Point>
      </Placemark>
      <Placemark>
        <TimeSpan>
          <begin>2026-02-15T09:27:23+08:00</begin>
          <end>2026-02-15T09:27:26+08:00</end>
        </TimeSpan>
        <Style>
          <IconStyle>
            <color>FF00FFFF</color>
            <scale>0.9</scale>
            <Icon>
              <href>http://maps.google.com/mapfiles/kml/shapes/placemark_circle.png</href>
            </Icon>
          </IconStyle>
        </Style>
        <Point>
          <altitudeMode>clampToGround</altitudeMode>
          <coordinates>114.15083569474518299102783203125,22.27100372314453125, 749.79998779296875</coordinates>
        </Point>
      </Placemark>
      <Placemark>
        <TimeSpan>
          <begin>2026-02-15T09:27:26+08:00</begin>
          <end>2026-02-15T09:27:28+08:00</end>
        </TimeSpan>
        <Style>
          <IconStyle>
            <color>FF00FFFF</color>
            <scale>0.9</scale>
            <Icon>
              <href>http://maps.google.com/mapfiles/kml/shapes/placemark_circle.png</href>
            </Icon>
          </IconStyle>
        </Style>
        <Point>
          <altitudeMode>clampToGround</altitudeMode>
          <coordinates>114.15083586238324642181396484375,22.27100347168743610382080078125, 749.5999755859375</coordinates>
        </Point>
      </Placemark>
      <Placemark>
        <TimeSpan>
          <begin>2026-02-15T09:27:28+08:00</begin>
          <end>2026-02-15T09:27:34+08:00</end>
        </TimeSpan>
        <Style>
          <IconStyle>
            <color>FF00FFFF</color>
            <scale>0.9</scale>
            <Icon>
              <href>http://maps.google.com/mapfiles/kml/shapes/placemark_circle.png</href>
            </Icon>
          </IconStyle>
        </Style>
        <Point>
          <altitudeMode>clampToGround</altitudeMode>
          <coordinates>114.15082965977489948272705078125,22.27099944837391376495361328125, 749.5999755859375</coordinates>
        </Point>
      </Placemark>
      <Placemark>
        <TimeSpan>
          <begin>2026-02-15T09:27:34+08:00</begin>
          <end>2026-02-15T09:27:37+08:00</end>
        </TimeSpan>
        <Style>
          <IconStyle>
            <color>FF00FFFF</color>
            <scale>0.9</scale>
            <Icon>
              <href>http://maps.google.com/mapfiles/kml/shapes/placemark_circle.png</href>
            </Icon>
          </IconStyle>
        </Style>
        <Point>
          <altitudeMode>clampToGround</altitudeMode>
          <coordinates>114.150824211537837982177734375,22.2710008732974529266357421875, 749.5999755859375</coordinates>
        </Point>
      </Placemark>
      <Placemark>
        <TimeSpan>
          <begin>2026-02-15T09:27:37+08:00</begin>
          <end>2026-02-15T09:27:44+08:00</end>
        </TimeSpan>
        <Style>
          <IconStyle>
            <color>FF00FFFF</color>
            <scale>0.9</scale>
            <Icon>
              <href>http://maps.google.com/mapfiles/kml/shapes/placemark_circle.png</href>
            </Icon>
          </IconStyle>
        </Style>
        <Point>
          <altitudeMode>clampToGround</altitudeMode>
          <coordinates>114.1508371196687221527099609375,22.270994670689105987548828125, 749.5999755859375</coordinates>
        </Point>
      </Placemark>
      <Placemark>
        <TimeSpan>
          <begin>2026-02-15T09:27:44+08:00</begin>
          <end>2026-02-15T09:27:53+08:00</end>
        </TimeSpan>
        <Style>
          <IconStyle>
            <color>FF00FFFF</color>
            <scale>0.9</scale>
            <Icon>
              <href>http://maps.google.com/mapfiles/kml/shapes/placemark_circle.png</href>
            </Icon>
          </IconStyle>
        </Style>
        <Point>
          <altitudeMode>clampToGround</altitudeMode>
          <coordinates>114.1508418135344982147216796875,22.2709924913942813873291015625, 749.5999755859375</coordinates>
        </Point>
      </Placemark>
      <Placemark>
        <TimeSpan>
          <begin>2026-02-15T09:27:53+08:00</begin>
          <end>2026-02-15T09:28:00+08:00</end>
        </TimeSpan>
        <Style>
          <IconStyle>
            <color>FF00FFFF</color>
            <scale>0.9</scale>
            <Icon>
              <href>http://maps.google.com/mapfiles/kml/shapes/placemark_circle.png</href>
            </Icon>
          </IconStyle>
        </Style>
        <Point>
          <altitudeMode>clampToGround</altitudeMode>
          <coordinates>114.15083971805870532989501953125,22.270980589091777801513671875, 749.5999755859375</coordinates>
        </Point>
      </Placemark>
      <Placemark>
        <TimeSpan>
          <begin>2026-02-15T09:28:00+08:00</begin>
          <end>2026-02-15T09:28:05+08:00</end>
        </TimeSpan>
        <Style>
          <IconStyle>
            <color>FF00FFFF</color>
            <scale>0.9</scale>
            <Icon>
              <href>http://maps.google.com/mapfiles/kml/shapes/placemark_circle.png</href>
            </Icon>
          </IconStyle>
        </Style>
        <Point>
          <altitudeMode>clampToGround</altitudeMode>
          <coordinates>114.15084265172481536865234375,22.27099173702299594879150390625, 749.5999755859375</coordinates>
        </Point>
      </Placemark>
      <Placemark>
        <TimeSpan>
          <begin>2026-02-15T09:28:05+08:00</begin>
          <end>2026-02-15T09:28:08+08:00</end>
        </TimeSpan>
        <Style>
          <IconStyle>
            <color>FF00FFFF</color>
            <scale>0.9</scale>
            <Icon>
              <href>http://maps.google.com/mapfiles/kml/shapes/placemark_circle.png</href>
            </Icon>
          </IconStyle>
        </Style>
        <Point>
          <altitudeMode>clampToGround</altitudeMode>
          <coordinates>114.15084441192448139190673828125,22.27099425159394741058349609375, 749.5999755859375</coordinates>
        </Point>
      </Placemark>
      <Placemark>
        <TimeSpan>
          <begin>2026-02-15T09:28:08+08:00</begin>
          <end>2026-02-15T09:28:13+08:00</end>
        </TimeSpan>
        <Style>
          <IconStyle>
            <color>FF00FFFF</color>
            <scale>0.9</scale>
            <Icon>
              <href>http://maps.google.com/mapfiles/kml/shapes/placemark_circle.png</href>
            </Icon>
          </IconStyle>
        </Style>
        <Point>
          <altitudeMode>clampToGround</altitudeMode>
          <coordinates>114.15084558539092540740966796875,22.27099425159394741058349609375, 749.5999755859375</coordinates>
        </Point>
      </Placemark>
      <Placemark>
        <TimeSpan>
          <begin>2026-02-15T09:28:13+08:00</begin>
          <end>2026-02-15T09:28:14+08:00</end>
        </TimeSpan>
        <Style>
          <IconStyle>
            <color>FF00FFFF</color>
            <scale>0.9</scale>
            <Icon>
              <href>http://maps.google.com/mapfiles/kml/shapes/placemark_circle.png</href>
            </Icon>
          </IconStyle>
        </Style>
        <Point>
          <altitudeMode>clampToGround</altitudeMode>
          <coordinates>114.15084541775286197662353515625,22.27099425159394741058349609375, 749.5999755859375</coordinates>
        </Point>
      </Placemark>
      <Placemark>
        <TimeSpan>
          <begin>2026-02-15T09:28:14+08:00</begin>
          <end>2026-02-15T09:28:19+08:00</end>
        </TimeSpan>
        <Style>
          <IconStyle>
            <color>FF00FFFF</color>
            <scale>0.9</scale>
            <Icon>
              <href>http://maps.google.com/mapfiles/kml/shapes/placemark_circle.png</href>
            </Icon>
          </IconStyle>
        </Style>
        <Point>
          <altitudeMode>clampToGround</altitudeMode>
          <coordinates>114.150844328105449676513671875,22.27099358104169368743896484375, 749.5999755859375</coordinates>
        </Point>
      </Placemark>
      <Placemark>
        <TimeSpan>
          <begin>2026-02-15T09:28:19+08:00</begin>
          <end>2026-02-15T09:28:37+08:00</end>
        </TimeSpan>
        <Style>
          <IconStyle>
            <color>FF00FFFF</color>
            <scale>0.9</scale>
            <Icon>
              <href>http://maps.google.com/mapfiles/kml/shapes/placemark_circle.png</href>
            </Icon>
          </IconStyle>
        </Style>
        <Point>
          <altitudeMode>clampToGround</altitudeMode>
          <coordinates>114.15084399282932281494140625,22.27099324576556682586669921875, 749.5999755859375</coordinates>
        </Point>
      </Placemark>
      <Placemark>
        <TimeSpan>
          <begin>2026-02-15T09:28:37+08:00</begin>
          <end>2026-02-15T09:28:40+08:00</end>
        </TimeSpan>
        <Style>
          <IconStyle>
            <color>FF00FFFF</color>
            <scale>0.9</scale>
            <Icon>
              <href>http://maps.google.com/mapfiles/kml/shapes/placemark_circle.png</href>
            </Icon>
          </IconStyle>
        </Style>
        <Point>
          <altitudeMode>clampToGround</altitudeMode>
          <coordinates>114.15084357373416423797607421875,22.2709929943084716796875, 749.5999755859375</coordinates>
        </Point>
      </Placemark>
      <Placemark>
        <TimeSpan>
          <begin>2026-02-15T09:28:40+08:00</begin>
          <end>2026-02-15T09:28:49+08:00</end>
        </TimeSpan>
        <Style>
          <IconStyle>
            <color>FF00FFFF</color>
            <scale>0.9</scale>
            <Icon>
              <href>http://maps.google.com/mapfiles/kml/shapes/placemark_circle.png</href>
            </Icon>
          </IconStyle>
        </Style>
        <Point>
          <altitudeMode>clampToGround</altitudeMode>
          <coordinates>114.1508441604673862457275390625,22.27100078947842121124267578125, 749.5999755859375</coordinates>
        </Point>
      </Placemark>
      <Placemark>
        <TimeSpan>
          <begin>2026-02-15T09:28:49+08:00</begin>
          <end>2026-02-15T09:28:52+08:00</end>
        </TimeSpan>
        <Style>
          <IconStyle>
            <color>FF00FFFF</color>
            <scale>0.9</scale>
            <Icon>
              <href>http://maps.google.com/mapfiles/kml/shapes/placemark_circle.png</href>
            </Icon>
          </IconStyle>
        </Style>
        <Point>
          <altitudeMode>clampToGround</altitudeMode>
          <coordinates>114.1508431546390056610107421875,22.27100783027708530426025390625, 749.5999755859375</coordinates>
        </Point>
      </Placemark>
      <Placemark>
        <TimeSpan>
          <begin>2026-02-15T09:28:52+08:00</begin>
          <end>2026-02-15T09:28:58+08:00</end>
        </TimeSpan>
        <Style>
          <IconStyle>
            <color>FF00FFFF</color>
            <scale>0.9</scale>
            <Icon>
              <href>http://maps.google.com/mapfiles/kml/shapes/placemark_circle.png</href>
            </Icon>
          </IconStyle>
        </Style>
        <Point>
          <altitudeMode>clampToGround</altitudeMode>
          <coordinates>114.1508458368480205535888671875,22.27099760435521602630615234375, 749.5999755859375</coordinates>
        </Point>
      </Placemark>
      <Placemark>
        <TimeSpan>
          <begin>2026-02-15T09:28:58+08:00</begin>
          <end>2026-02-15T09:29:00+08:00</end>
        </TimeSpan>
        <Style>
          <IconStyle>
            <color>FF00FFFF</color>
            <scale>0.9</scale>
            <Icon>
              <href>http://maps.google.com/mapfiles/kml/shapes/placemark_circle.png</href>
            </Icon>
          </IconStyle>
        </Style>
        <Point>
          <altitudeMode>clampToGround</altitudeMode>
          <coordinates>114.150847680866718292236328125,22.27099768817424774169921875, 749.5999755859375</coordinates>
        </Point>
      </Placemark>
      <Placemark>
        <TimeSpan>
          <begin>2026-02-15T09:29:00+08:00</begin>
          <end>2026-02-15T09:29:08+08:00</end>
        </TimeSpan>
        <Style>
          <IconStyle>
            <color>FF00FFFF</color>
            <scale>0.9</scale>
            <Icon>
              <href>http://maps.google.com/mapfiles/kml/shapes/placemark_circle.png</href>
            </Icon>
          </IconStyle>
        </Style>
        <Point>
          <altitudeMode>clampToGround</altitudeMode>
          <coordinates>114.15084240026772022247314453125,22.27099626325070858001708984375, 749.5999755859375</coordinates>
        </Point>
      </Placemark>
      <Placemark>
        <TimeSpan>
          <begin>2026-02-15T09:29:08+08:00</begin>
          <end>2026-02-15T09:29:09+08:00</end>
        </TimeSpan>
        <Style>
          <IconStyle>
            <color>FF00FFFF</color>
            <scale>0.9</scale>
            <Icon>
              <href>http://maps.google.com/mapfiles/kml/shapes/placemark_circle.png</href>
            </Icon>
          </IconStyle>
        </Style>
        <Point>
          <altitudeMode>clampToGround</altitudeMode>
          <coordinates>114.1508421488106250762939453125,22.270996011793613433837890625, 749.5999755859375</coordinates>
        </Point>
      </Placemark>
      <Placemark>
        <TimeSpan>
          <begin>2026-02-15T09:29:09+08:00</begin>
          <end>2026-02-15T09:29:21+08:00</end>
        </TimeSpan>
        <Style>
          <IconStyle>
            <color>FF00FFFF</color>
            <scale>0.9</scale>
            <Icon>
              <href>http://maps.google.com/mapfiles/kml/shapes/placemark_circle.png</href>
            </Icon>
          </IconStyle>
        </Style>
        <Point>
          <altitudeMode>clampToGround</altitudeMode>
          <coordinates>114.15084273554384708404541015625,22.27099458687007427215576171875, 749.5999755859375</coordinates>
        </Point>
      </Placemark>
      <Placemark>
        <TimeSpan>
          <begin>2026-02-15T09:29:21+08:00</begin>
          <end>2026-02-15T09:29:28+08:00</end>
        </TimeSpan>
        <Style>
          <IconStyle>
            <color>FF00FFFF</color>
            <scale>0.9</scale>
            <Icon>
              <href>http://maps.google.com/mapfiles/kml/shapes/placemark_circle.png</href>
            </Icon>
          </IconStyle>
        </Style>
        <Point>
          <altitudeMode>clampToGround</altitudeMode>
          <coordinates>114.1508394666016101837158203125,22.27100984193384647369384765625, 749.5999755859375</coordinates>
        </Point>
      </Placemark>
      <Placemark>
        <TimeSpan>
          <begin>2026-02-15T09:29:28+08:00</begin>
          <end>2026-02-15T09:29:40+08:00</end>
        </TimeSpan>
        <Style>
          <IconStyle>
            <color>FF00FFFF</color>
            <scale>0.9</scale>
            <Icon>
              <href>http://maps.google.com/mapfiles/kml/shapes/placemark_circle.png</href>
            </Icon>
          </IconStyle>
        </Style>
        <Point>
          <altitudeMode>clampToGround</altitudeMode>
          <coordinates>114.15084960870444774627685546875,22.27100129239261150360107421875, 749.5999755859375</coordinates>
        </Point>
      </Placemark>
      <Placemark>
        <TimeSpan>
          <begin>2026-02-15T09:29:40+08:00</begin>
          <end>2026-02-15T09:29:48+08:00</end>
        </TimeSpan>
        <Style>
          <IconStyle>
            <color>FF00FFFF</color>
            <scale>0.9</scale>
            <Icon>
              <href>http://maps.google.com/mapfiles/kml/shapes/placemark_circle.png</href>
            </Icon>
          </IconStyle>
        </Style>
        <Point>
          <altitudeMode>clampToGround</altitudeMode>
          <coordinates>114.1508683003485202789306640625,22.2709619812667369842529296875, 749.5999755859375</coordinates>
        </Point>
      </Placemark>
      <Placemark>
        <TimeSpan>
          <begin>2026-02-15T09:29:48+08:00</begin>
          <end>2026-02-15T09:29:49+08:00</end>
        </TimeSpan>
        <Style>
          <IconStyle>
            <color>FF00FFFF</color>
            <scale>0.9</scale>
            <Icon>
              <href>http://maps.google.com/mapfiles/kml/shapes/placemark_circle.png</href>
            </Icon>
          </IconStyle>
        </Style>
        <Point>
          <altitudeMode>clampToGround</altitudeMode>
          <coordinates>114.15086637251079082489013671875,22.27096457965672016143798828125, 749.5999755859375</coordinates>
        </Point>
      </Placemark>
      <Placemark>
        <TimeSpan>
          <begin>2026-02-15T09:29:49+08:00</begin>
          <end>2026-02-15T09:29:51+08:00</end>
        </TimeSpan>
        <Style>
          <IconStyle>
            <color>FF00FFFF</color>
            <scale>0.9</scale>
            <Icon>
              <href>http://maps.google.com/mapfiles/kml/shapes/placemark_circle.png</href>
            </Icon>
          </IconStyle>
        </Style>
        <Point>
          <altitudeMode>clampToGround</altitudeMode>
          <coordinates>114.1508585773408412933349609375,22.27096977643668651580810546875, 749.5999755859375</coordinates>
        </Point>
      </Placemark>
      <Placemark>
        <TimeSpan>
          <begin>2026-02-15T09:29:51+08:00</begin>
          <end>2026-02-15T09:29:54+08:00</end>
        </TimeSpan>
        <Style>
          <IconStyle>
            <color>FF00FFFF</color>
            <scale>0.9</scale>
            <Icon>
              <href>http://maps.google.com/mapfiles/kml/shapes/placemark_circle.png</href>
            </Icon>
          </IconStyle>
        </Style>
        <Point>
          <altitudeMode>clampToGround</altitudeMode>
          <coordinates>114.1508364491164684295654296875,22.27097413502633571624755859375, 749.5999755859375</coordinates>
        </Point>
      </Placemark>
      <Placemark>
        <TimeSpan>
          <begin>2026-02-15T09:29:54+08:00</begin>
          <end>2026-02-15T09:29:56+08:00</end>
        </TimeSpan>
        <Style>
          <IconStyle>
            <color>FF00FFFF</color>
            <scale>0.9</scale>
            <Icon>
              <href>http://maps.google.com/mapfiles/kml/shapes/placemark_circle.png</href>
            </Icon>
          </IconStyle>
        </Style>
        <Point>
          <altitudeMode>clampToGround</altitudeMode>
          <coordinates>114.15082731284201145172119140625,22.2709673456847667694091796875, 749.5999755859375</coordinates>
        </Point>
      </Placemark>
      <Placemark>
        <TimeSpan>
          <begin>2026-02-15T09:29:56+08:00</begin>
          <end>2026-02-15T09:29:57+08:00</end>
        </TimeSpan>
        <Style>
          <IconStyle>
            <color>FF00FFFF</color>
            <scale>0.9</scale>
            <Icon>
              <href>http://maps.google.com/mapfiles/kml/shapes/placemark_circle.png</href>
            </Icon>
          </IconStyle>
        </Style>
        <Point>
          <altitudeMode>clampToGround</altitudeMode>
          <coordinates>114.1508267261087894439697265625,22.2709629870951175689697265625, 749.5999755859375</coordinates>
        </Point>
      </Placemark>
      <Placemark>
        <TimeSpan>
          <begin>2026-02-15T09:29:57+08:00</begin>
          <end>2026-02-15T09:30:02+08:00</end>
        </TimeSpan>
        <Style>
          <IconStyle>
            <color>FF00FFFF</color>
            <scale>0.9</scale>
            <Icon>
              <href>http://maps.google.com/mapfiles/kml/shapes/placemark_circle.png</href>
            </Icon>
          </IconStyle>
        </Style>
        <Point>
          <altitudeMode>clampToGround</altitudeMode>
          <coordinates>114.150825552642345428466796875,22.270915545523166656494140625, 749.5999755859375</coordinates>
        </Point>
      </Placemark>
      <Placemark>
        <TimeSpan>
          <begin>2026-02-15T09:30:02+08:00</begin>
          <end>2026-02-15T09:30:03+08:00</end>
        </TimeSpan>
        <Style>
          <IconStyle>
            <color>FF00FFFF</color>
            <scale>0.9</scale>
            <Icon>
              <href>http://maps.google.com/mapfiles/kml/shapes/placemark_circle.png</href>
            </Icon>
          </IconStyle>
        </Style>
        <Point>
          <altitudeMode>clampToGround</altitudeMode>
          <coordinates>114.15082253515720367431640625,22.27090741507709026336669921875, 750.5999755859375</coordinates>
        </Point>
      </Placemark>
      <Placemark>
        <TimeSpan>
          <begin>2026-02-15T09:30:03+08:00</begin>
          <end>2026-02-15T09:30:04+08:00</end>
        </TimeSpan>
        <Style>
          <IconStyle>
            <color>FF00FFFF</color>
            <scale>0.9</scale>
            <Icon>
              <href>http://maps.google.com/mapfiles/kml/shapes/placemark_circle.png</href>
            </Icon>
          </IconStyle>
        </Style>
        <Point>
          <altitudeMode>clampToGround</altitudeMode>
          <coordinates>114.15082479827105998992919921875,22.27089869789779186248779296875, 750.5999755859375</coordinates>
        </Point>
      </Placemark>
      <Placemark>
        <TimeSpan>
          <begin>2026-02-15T09:30:04+08:00</begin>
          <end>2026-02-15T09:30:05+08:00</end>
        </TimeSpan>
        <Style>
          <IconStyle>
            <color>FF00FFFF</color>
            <scale>0.9</scale>
            <Icon>
              <href>http://maps.google.com/mapfiles/kml/shapes/placemark_circle.png</href>
            </Icon>
          </IconStyle>
        </Style>
        <Point>
          <altitudeMode>clampToGround</altitudeMode>
          <coordinates>114.15083049796521663665771484375,22.27088771760463714599609375, 750.5999755859375</coordinates>
        </Point>
      </Placemark>
      <Placemark>
        <TimeSpan>
          <begin>2026-02-15T09:30:05+08:00</begin>
          <end>2026-02-15T09:30:07+08:00</end>
        </TimeSpan>
        <Style>
          <IconStyle>
            <color>FF00FFFF</color>
            <scale>0.9</scale>
            <Icon>
              <href>http://maps.google.com/mapfiles/kml/shapes/placemark_circle.png</href>
            </Icon>
          </IconStyle>
        </Style>
        <Point>
          <altitudeMode>clampToGround</altitudeMode>
          <coordinates>114.15085078217089176177978515625,22.27087506093084812164306640625, 750.4000244140625</coordinates>
        </Point>
      </Placemark>
      <Placemark>
        <TimeSpan>
          <begin>2026-02-15T09:30:07+08:00</begin>
          <end>2026-02-15T09:30:11+08:00</end>
        </TimeSpan>
        <Style>
          <IconStyle>
            <color>FF00FFFF</color>
            <scale>0.9</scale>
            <Icon>
              <href>http://maps.google.com/mapfiles/kml/shapes/placemark_circle.png</href>
            </Icon>
          </IconStyle>
        </Style>
        <Point>
          <altitudeMode>clampToGround</altitudeMode>
          <coordinates>114.15090627036988735198974609375,22.2708469815552234649658203125, 750.4000244140625</coordinates>
        </Point>
      </Placemark>
      <Placemark>
        <TimeSpan>
          <begin>2026-02-15T09:30:11+08:00</begin>
          <end>2026-02-15T09:30:14+08:00</end>
        </TimeSpan>
        <Style>
          <IconStyle>
            <color>FF00FFFF</color>
            <scale>0.9</scale>
            <Icon>
              <href>http://maps.google.com/mapfiles/kml/shapes/placemark_circle.png</href>
            </Icon>
          </IconStyle>
        </Style>
        <Point>
          <altitudeMode>clampToGround</altitudeMode>
          <coordinates>114.15094315074384212493896484375,22.27083901874721050262451171875, 750.5999755859375</coordinates>
        </Point>
      </Placemark>
      <Placemark>
        <TimeSpan>
          <begin>2026-02-15T09:30:14+08:00</begin>
          <end>2026-02-15T09:30:16+08:00</end>
        </TimeSpan>
        <Style>
          <IconStyle>
            <color>FF00FFFF</color>
            <scale>0.9</scale>
            <Icon>
              <href>http://maps.google.com/mapfiles/kml/shapes/placemark_circle.png</href>
            </Icon>
          </IconStyle>
        </Style>
        <Point>
          <altitudeMode>clampToGround</altitudeMode>
          <coordinates>114.15097231976687908172607421875,22.2708272002637386322021484375, 750.79998779296875</coordinates>
        </Point>
      </Placemark>
      <Placemark>
        <TimeSpan>
          <begin>2026-02-15T09:30:16+08:00</begin>
          <end>2026-02-15T09:30:20+08:00</end>
        </TimeSpan>
        <Style>
          <IconStyle>
            <color>FF00FFFF</color>
            <scale>0.9</scale>
            <Icon>
              <href>http://maps.google.com/mapfiles/kml/shapes/placemark_circle.png</href>
            </Icon>
          </IconStyle>
        </Style>
        <Point>
          <altitudeMode>clampToGround</altitudeMode>
          <coordinates>114.1510101221501827239990234375,22.2708097659051418304443359375, 751</coordinates>
        </Point>
      </Placemark>
      <Placemark>
        <TimeSpan>
          <begin>2026-02-15T09:30:20+08:00</begin>
          <end>2026-02-15T09:30:25+08:00</end>
        </TimeSpan>
        <Style>
          <IconStyle>
            <color>FF00FFFF</color>
            <scale>0.9</scale>
            <Icon>
              <href>http://maps.google.com/mapfiles/kml/shapes/placemark_circle.png</href>
            </Icon>
          </IconStyle>
        </Style>
        <Point>
          <altitudeMode>clampToGround</altitudeMode>
          <coordinates>114.151051528751850128173828125,22.27075888775289058685302734375, 751</coordinates>
        </Point>
      </Placemark>
      <Placemark>
        <TimeSpan>
          <begin>2026-02-15T09:30:25+08:00</begin>
          <end>2026-02-15T09:30:32+08:00</end>
        </TimeSpan>
        <Style>
          <IconStyle>
            <color>FF00FFFF</color>
            <scale>0.9</scale>
            <Icon>
              <href>http://maps.google.com/mapfiles/kml/shapes/placemark_circle.png</href>
            </Icon>
          </IconStyle>
        </Style>
        <Point>
          <altitudeMode>clampToGround</altitudeMode>
          <coordinates>114.1510560549795627593994140625,22.27066241204738616943359375, 750.79998779296875</coordinates>
        </Point>
      </Placemark>
      <Placemark>
        <TimeSpan>
          <begin>2026-02-15T09:30:32+08:00</begin>
          <end>2026-02-15T09:30:34+08:00</end>
        </TimeSpan>
        <Style>
          <IconStyle>
            <color>FF00FFFF</color>
            <scale>0.9</scale>
            <Icon>
              <href>http://maps.google.com/mapfiles/kml/shapes/placemark_circle.png</href>
            </Icon>
          </IconStyle>
        </Style>
        <Point>
          <altitudeMode>clampToGround</altitudeMode>
          <coordinates>114.15106393396854400634765625,22.27063802070915699005126953125, 750.79998779296875</coordinates>
        </Point>
      </Placemark>
      <Placemark>
        <TimeSpan>
          <begin>2026-02-15T09:30:34+08:00</begin>
          <end>2026-02-15T09:30:36+08:00</end>
        </TimeSpan>
        <Style>
          <IconStyle>
            <color>FF00FFFF</color>
            <scale>0.9</scale>
            <Icon>
              <href>http://maps.google.com/mapfiles/kml/shapes/placemark_circle.png</href>
            </Icon>
          </IconStyle>
        </Style>
        <Point>
          <altitudeMode>clampToGround</altitudeMode>
          <coordinates>114.151078350841999053955078125,22.270627208054065704345703125, 750.79998779296875</coordinates>
        </Point>
      </Placemark>
      <Placemark>
        <TimeSpan>
          <begin>2026-02-15T09:30:36+08:00</begin>
          <end>2026-02-15T09:30:37+08:00</end>
        </TimeSpan>
        <Style>
          <IconStyle>
            <color>FF00FFFF</color>
            <scale>0.9</scale>
            <Icon>
              <href>http://maps.google.com/mapfiles/kml/shapes/placemark_circle.png</href>
            </Icon>
          </IconStyle>
        </Style>
        <Point>
          <altitudeMode>clampToGround</altitudeMode>
          <coordinates>114.15108145214617252349853515625,22.27062620222568511962890625, 750.79998779296875</coordinates>
        </Point>
      </Placemark>
      <Placemark>
        <TimeSpan>
          <begin>2026-02-15T09:30:37+08:00</begin>
          <end>2026-02-15T09:30:38+08:00</end>
        </TimeSpan>
        <Style>
          <IconStyle>
            <color>FF00FFFF</color>
            <scale>0.9</scale>
            <Icon>
              <href>http://maps.google.com/mapfiles/kml/shapes/placemark_circle.png</href>
            </Icon>
          </IconStyle>
        </Style>
        <Point>
          <altitudeMode>clampToGround</altitudeMode>
          <coordinates>114.1510860621929168701171875,22.2706290520727634429931640625, 750.79998779296875</coordinates>
        </Point>
      </Placemark>
      <Placemark>
        <TimeSpan>
          <begin>2026-02-15T09:30:38+08:00</begin>
          <end>2026-02-15T09:30:40+08:00</end>
        </TimeSpan>
        <Style>
          <IconStyle>
            <color>FF00FFFF</color>
            <scale>0.9</scale>
            <Icon>
              <href>http://maps.google.com/mapfiles/kml/shapes/placemark_circle.png</href>
            </Icon>
          </IconStyle>
        </Style>
        <Point>
          <altitudeMode>clampToGround</altitudeMode>
          <coordinates>114.1510882414877414703369140625,22.27063282392919063568115234375, 750.79998779296875</coordinates>
        </Point>
      </Placemark>
      <Placemark>
        <TimeSpan>
          <begin>2026-02-15T09:30:40+08:00</begin>
          <end>2026-02-15T09:30:45+08:00</end>
        </TimeSpan>
        <Style>
          <IconStyle>
            <color>FF00FFFF</color>
            <scale>0.9</scale>
            <Icon>
              <href>http://maps.google.com/mapfiles/kml/shapes/placemark_circle.png</href>
            </Icon>
          </IconStyle>
        </Style>
        <Point>
          <altitudeMode>clampToGround</altitudeMode>
          <coordinates>114.15108765475451946258544921875,22.2706374339759349822998046875, 751</coordinates>
        </Point>
      </Placemark>
      <Placemark>
        <TimeSpan>
          <begin>2026-02-15T09:30:45+08:00</begin>
          <end>2026-02-15T09:30:50+08:00</end>
        </TimeSpan>
        <Style>
          <IconStyle>
            <color>FF00FFFF</color>
            <scale>0.9</scale>
            <Icon>
              <href>http://maps.google.com/mapfiles/kml/shapes/placemark_circle.png</href>
            </Icon>
          </IconStyle>
        </Style>
        <Point>
          <altitudeMode>clampToGround</altitudeMode>
          <coordinates>114.15109553374350070953369140625,22.27063961327075958251953125, 751</coordinates>
        </Point>
      </Placemark>
      <Placemark>
        <TimeSpan>
          <begin>2026-02-15T09:30:50+08:00</begin>
          <end>2026-02-15T09:30:52+08:00</end>
        </TimeSpan>
        <Style>
          <IconStyle>
            <color>FF00FFFF</color>
            <scale>0.9</scale>
            <Icon>
              <href>http://maps.google.com/mapfiles/kml/shapes/placemark_circle.png</href>
            </Icon>
          </IconStyle>
        </Style>
        <Point>
          <altitudeMode>clampToGround</altitudeMode>
          <coordinates>114.1510949470102787017822265625,22.27063064463436603546142578125, 751</coordinates>
        </Point>
      </Placemark>
      <Placemark>
        <TimeSpan>
          <begin>2026-02-15T09:30:52+08:00</begin>
          <end>2026-02-15T09:30:53+08:00</end>
        </TimeSpan>
        <Style>
          <IconStyle>
            <color>FF00FFFF</color>
            <scale>0.9</scale>
            <Icon>
              <href>http://maps.google.com/mapfiles/kml/shapes/placemark_circle.png</href>
            </Icon>
          </IconStyle>
        </Style>
        <Point>
          <altitudeMode>clampToGround</altitudeMode>
          <coordinates>114.15109746158123016357421875,22.2706250287592411041259765625, 751</coordinates>
        </Point>
      </Placemark>
      <Placemark>
        <TimeSpan>
          <begin>2026-02-15T09:30:53+08:00</begin>
          <end>2026-02-15T09:30:56+08:00</end>
        </TimeSpan>
        <Style>
          <IconStyle>
            <color>FF00FFFF</color>
            <scale>0.9</scale>
            <Icon>
              <href>http://maps.google.com/mapfiles/kml/shapes/placemark_circle.png</href>
            </Icon>
          </IconStyle>
        </Style>
        <Point>
          <altitudeMode>clampToGround</altitudeMode>
          <coordinates>114.15111078880727291107177734375,22.27061304263770580291748046875, 751</coordinates>
        </Point>
      </Placemark>
      <Placemark>
        <TimeSpan>
          <begin>2026-02-15T09:30:56+08:00</begin>
          <end>2026-02-15T09:30:57+08:00</end>
        </TimeSpan>
        <Style>
          <IconStyle>
            <color>FF00FFFF</color>
            <scale>0.9</scale>
            <Icon>
              <href>http://maps.google.com/mapfiles/kml/shapes/placemark_circle.png</href>
            </Icon>
          </IconStyle>
        </Style>
        <Point>
          <altitudeMode>clampToGround</altitudeMode>
          <coordinates>114.15110953152179718017578125,22.2706116177141666412353515625, 751</coordinates>
        </Point>
      </Placemark>
      <Placemark>
        <TimeSpan>
          <begin>2026-02-15T09:30:57+08:00</begin>
          <end>2026-02-15T09:30:58+08:00</end>
        </TimeSpan>
        <Style>
          <IconStyle>
            <color>FF00FFFF</color>
            <scale>0.9</scale>
            <Icon>
              <href>http://maps.google.com/mapfiles/kml/shapes/placemark_circle.png</href>
            </Icon>
          </IconStyle>
        </Style>
        <Point>
          <altitudeMode>clampToGround</altitudeMode>
          <coordinates>114.1511096991598606109619140625,22.270609773695468902587890625, 751</coordinates>
        </Point>
      </Placemark>
      <Placemark>
        <TimeSpan>
          <begin>2026-02-15T09:30:58+08:00</begin>
          <end>2026-02-15T09:31:04+08:00</end>
        </TimeSpan>
        <Style>
          <IconStyle>
            <color>FF00FFFF</color>
            <scale>0.9</scale>
            <Icon>
              <href>http://maps.google.com/mapfiles/kml/shapes/placemark_circle.png</href>
            </Icon>
          </IconStyle>
        </Style>
        <Point>
          <altitudeMode>clampToGround</altitudeMode>
          <coordinates>114.1511452384293079376220703125,22.27059066295623779296875, 750.79998779296875</coordinates>
        </Point>
      </Placemark>
      <Placemark>
        <TimeSpan>
          <begin>2026-02-15T09:31:04+08:00</begin>
          <end>2026-02-15T09:31:11+08:00</end>
        </TimeSpan>
        <Style>
          <IconStyle>
            <color>FF00FFFF</color>
            <scale>0.9</scale>
            <Icon>
              <href>http://maps.google.com/mapfiles/kml/shapes/placemark_circle.png</href>
            </Icon>
          </IconStyle>
        </Style>
        <Point>
          <altitudeMode>clampToGround</altitudeMode>
          <coordinates>114.1511824540793895721435546875,22.270554117858409881591796875, 751</coordinates>
        </Point>
      </Placemark>
      <Placemark>
        <TimeSpan>
          <begin>2026-02-15T09:31:11+08:00</begin>
          <end>2026-02-15T09:31:15+08:00</end>
        </TimeSpan>
        <Style>
          <IconStyle>
            <color>FF00FFFF</color>
            <scale>0.9</scale>
            <Icon>
              <href>http://maps.google.com/mapfiles/kml/shapes/placemark_circle.png</href>
            </Icon>
          </IconStyle>
        </Style>
        <Point>
          <altitudeMode>clampToGround</altitudeMode>
          <coordinates>114.1512000560760498046875,22.270529307425022125244140625, 751</coordinates>
        </Point>
      </Placemark>
      <Placemark>
        <TimeSpan>
          <begin>2026-02-15T09:31:15+08:00</begin>
          <end>2026-02-15T09:31:17+08:00</end>
        </TimeSpan>
        <Style>
          <IconStyle>
            <color>FF00FFFF</color>
            <scale>0.9</scale>
            <Icon>
              <href>http://maps.google.com/mapfiles/kml/shapes/placemark_circle.png</href>
            </Icon>
          </IconStyle>
        </Style>
        <Point>
          <altitudeMode>clampToGround</altitudeMode>
          <coordinates>114.15119578130543231964111328125,22.270529307425022125244140625, 750.79998779296875</coordinates>
        </Point>
      </Placemark>
      <Placemark>
        <TimeSpan>
          <begin>2026-02-15T09:31:17+08:00</begin>
          <end>2026-02-15T09:31:24+08:00</end>
        </TimeSpan>
        <Style>
          <IconStyle>
            <color>FF00FFFF</color>
            <scale>0.9</scale>
            <Icon>
              <href>http://maps.google.com/mapfiles/kml/shapes/placemark_circle.png</href>
            </Icon>
          </IconStyle>
        </Style>
        <Point>
          <altitudeMode>clampToGround</altitudeMode>
          <coordinates>114.15119678713381290435791015625,22.27047775872051715850830078125, 750.79998779296875</coordinates>
        </Point>
      </Placemark>
      <Placemark>
        <TimeSpan>
          <begin>2026-02-15T09:31:24+08:00</begin>
          <end>2026-02-15T09:31:27+08:00</end>
        </TimeSpan>
        <Style>
          <IconStyle>
            <color>FF00FFFF</color>
            <scale>0.9</scale>
            <Icon>
              <href>http://maps.google.com/mapfiles/kml/shapes/placemark_circle.png</href>
            </Icon>
          </IconStyle>
        </Style>
        <Point>
          <altitudeMode>clampToGround</altitudeMode>
          <coordinates>114.15121220983564853668212890625,22.2704614140093326568603515625, 750.79998779296875</coordinates>
        </Point>
      </Placemark>
      <Placemark>
        <TimeSpan>
          <begin>2026-02-15T09:31:27+08:00</begin>
          <end>2026-02-15T09:31:31+08:00</end>
        </TimeSpan>
        <Style>
          <IconStyle>
            <color>FF00FFFF</color>
            <scale>0.9</scale>
            <Icon>
              <href>http://maps.google.com/mapfiles/kml/shapes/placemark_circle.png</href>
            </Icon>
          </IconStyle>
        </Style>
        <Point>
          <altitudeMode>clampToGround</altitudeMode>
          <coordinates>114.15122947655618190765380859375,22.2704919241368770599365234375, 750.79998779296875</coordinates>
        </Point>
      </Placemark>
      <Placemark>
        <TimeSpan>
          <begin>2026-02-15T09:31:31+08:00</begin>
          <end>2026-02-15T09:31:38+08:00</end>
        </TimeSpan>
        <Style>
          <IconStyle>
            <color>FF00FFFF</color>
            <scale>0.9</scale>
            <Icon>
              <href>http://maps.google.com/mapfiles/kml/shapes/placemark_circle.png</href>
            </Icon>
          </IconStyle>
        </Style>
        <Point>
          <altitudeMode>clampToGround</altitudeMode>
          <coordinates>114.15125437080860137939453125,22.2704979591071605682373046875, 750.5999755859375</coordinates>
        </Point>
      </Placemark>
      <Placemark>
        <TimeSpan>
          <begin>2026-02-15T09:31:38+08:00</begin>
          <end>2026-02-15T09:31:46+08:00</end>
        </TimeSpan>
        <Style>
          <IconStyle>
            <color>FF00FFFF</color>
            <scale>0.9</scale>
            <Icon>
              <href>http://maps.google.com/mapfiles/kml/shapes/placemark_circle.png</href>
            </Icon>
          </IconStyle>
        </Style>
        <Point>
          <altitudeMode>clampToGround</altitudeMode>
          <coordinates>114.1512669436633586883544921875,22.2705180756747722625732421875, 750.4000244140625</coordinates>
        </Point>
      </Placemark>
      <Placemark>
        <TimeSpan>
          <begin>2026-02-15T09:31:46+08:00</begin>
          <end>2026-02-15T09:31:51+08:00</end>
        </TimeSpan>
        <Style>
          <IconStyle>
            <color>FF00FFFF</color>
            <scale>0.9</scale>
            <Icon>
              <href>http://maps.google.com/mapfiles/kml/shapes/placemark_circle.png</href>
            </Icon>
          </IconStyle>
        </Style>
        <Point>
          <altitudeMode>clampToGround</altitudeMode>
          <coordinates>114.15126820094883441925048828125,22.27051111869513988494873046875, 750.4000244140625</coordinates>
        </Point>
      </Placemark>
      <Placemark>
        <TimeSpan>
          <begin>2026-02-15T09:31:51+08:00</begin>
          <end>2026-02-15T09:31:52+08:00</end>
        </TimeSpan>
        <Style>
          <IconStyle>
            <color>FF00FFFF</color>
            <scale>0.9</scale>
            <Icon>
              <href>http://maps.google.com/mapfiles/kml/shapes/placemark_circle.png</href>
            </Icon>
          </IconStyle>
        </Style>
        <Point>
          <altitudeMode>clampToGround</altitudeMode>
          <coordinates>114.151269458234310150146484375,22.2705093584954738616943359375, 750.4000244140625</coordinates>
        </Point>
      </Placemark>
      <Placemark>
        <TimeSpan>
          <begin>2026-02-15T09:31:52+08:00</begin>
          <end>2026-02-15T09:31:54+08:00</end>
        </TimeSpan>
        <Style>
          <IconStyle>
            <color>FF00FFFF</color>
            <scale>0.9</scale>
            <Icon>
              <href>http://maps.google.com/mapfiles/kml/shapes/placemark_circle.png</href>
            </Icon>
          </IconStyle>
        </Style>
        <Point>
          <altitudeMode>clampToGround</altitudeMode>
          <coordinates>114.15128052234649658203125,22.2705019824206829071044921875, 750.4000244140625</coordinates>
        </Point>
      </Placemark>
      <Placemark>
        <TimeSpan>
          <begin>2026-02-15T09:31:54+08:00</begin>
          <end>2026-02-15T09:31:59+08:00</end>
        </TimeSpan>
        <Style>
          <IconStyle>
            <color>FF00FFFF</color>
            <scale>0.9</scale>
            <Icon>
              <href>http://maps.google.com/mapfiles/kml/shapes/placemark_circle.png</href>
            </Icon>
          </IconStyle>
        </Style>
        <Point>
          <altitudeMode>clampToGround</altitudeMode>
          <coordinates>114.15133953094482421875,22.2704989649355411529541015625, 751</coordinates>
        </Point>
      </Placemark>
      <Placemark>
        <TimeSpan>
          <begin>2026-02-15T09:31:59+08:00</begin>
          <end>2026-02-15T09:32:06+08:00</end>
        </TimeSpan>
        <Style>
          <IconStyle>
            <color>FF00FFFF</color>
            <scale>0.9</scale>
            <Icon>
              <href>http://maps.google.com/mapfiles/kml/shapes/placemark_circle.png</href>
            </Icon>
          </IconStyle>
        </Style>
        <Point>
          <altitudeMode>clampToGround</altitudeMode>
          <coordinates>114.1514360904693603515625,22.2704791836440563201904296875, 751.20001220703125</coordinates>
        </Point>
      </Placemark>
      <Placemark>
        <TimeSpan>
          <begin>2026-02-15T09:32:06+08:00</begin>
          <end>2026-02-15T09:32:11+08:00</end>
        </TimeSpan>
        <Style>
          <IconStyle>
            <color>FF00FFFF</color>
            <scale>0.9</scale>
            <Icon>
              <href>http://maps.google.com/mapfiles/kml/shapes/placemark_circle.png</href>
            </Icon>
          </IconStyle>
        </Style>
        <Point>
          <altitudeMode>clampToGround</altitudeMode>
          <coordinates>114.1514915786683559417724609375,22.2704872302711009979248046875, 751.20001220703125</coordinates>
        </Point>
      </Placemark>
      <Placemark>
        <TimeSpan>
          <begin>2026-02-15T09:32:11+08:00</begin>
          <end>2026-02-15T09:32:16+08:00</end>
        </TimeSpan>
        <Style>
          <IconStyle>
            <color>FF00FFFF</color>
            <scale>0.9</scale>
            <Icon>
              <href>http://maps.google.com/mapfiles/kml/shapes/placemark_circle.png</href>
            </Icon>
          </IconStyle>
        </Style>
        <Point>
          <altitudeMode>clampToGround</altitudeMode>
          <coordinates>114.1515046544373035430908203125,22.27049209177494049072265625, 750.79998779296875</coordinates>
        </Point>
      </Placemark>
      <Placemark>
        <TimeSpan>
          <begin>2026-02-15T09:32:16+08:00</begin>
          <end>2026-02-15T09:32:19+08:00</end>
        </TimeSpan>
        <Style>
          <IconStyle>
            <color>FF00FFFF</color>
            <scale>0.9</scale>
            <Icon>
              <href>http://maps.google.com/mapfiles/kml/shapes/placemark_circle.png</href>
            </Icon>
          </IconStyle>
        </Style>
        <Point>
          <altitudeMode>clampToGround</altitudeMode>
          <coordinates>114.15150649845600128173828125,22.27048161439597606658935546875, 750.79998779296875</coordinates>
        </Point>
      </Placemark>
      <Placemark>
        <TimeSpan>
          <begin>2026-02-15T09:32:19+08:00</begin>
          <end>2026-02-15T09:32:26+08:00</end>
        </TimeSpan>
        <Style>
          <IconStyle>
            <color>FF00FFFF</color>
            <scale>0.9</scale>
            <Icon>
              <href>http://maps.google.com/mapfiles/kml/shapes/placemark_circle.png</href>
            </Icon>
          </IconStyle>
        </Style>
        <Point>
          <altitudeMode>clampToGround</altitudeMode>
          <coordinates>114.1515023075044155120849609375,22.27048161439597606658935546875, 750.79998779296875</coordinates>
        </Point>
      </Placemark>
      <Placemark>
        <TimeSpan>
          <begin>2026-02-15T09:32:26+08:00</begin>
          <end>2026-02-15T09:32:28+08:00</end>
        </TimeSpan>
        <Style>
          <IconStyle>
            <color>FF00FFFF</color>
            <scale>0.9</scale>
            <Icon>
              <href>http://maps.google.com/mapfiles/kml/shapes/placemark_circle.png</href>
            </Icon>
          </IconStyle>
        </Style>
        <Point>
          <altitudeMode>clampToGround</altitudeMode>
          <coordinates>114.1515083424746990203857421875,22.270474322140216827392578125, 750.79998779296875</coordinates>
        </Point>
      </Placemark>
      <Placemark>
        <TimeSpan>
          <begin>2026-02-15T09:32:28+08:00</begin>
          <end>2026-02-15T09:32:34+08:00</end>
        </TimeSpan>
        <Style>
          <IconStyle>
            <color>FF00FFFF</color>
            <scale>0.9</scale>
            <Icon>
              <href>http://maps.google.com/mapfiles/kml/shapes/placemark_circle.png</href>
            </Icon>
          </IconStyle>
        </Style>
        <Point>
          <altitudeMode>clampToGround</altitudeMode>
          <coordinates>114.15151915512979030609130859375,22.2704847157001495361328125, 750.79998779296875</coordinates>
        </Point>
      </Placemark>
      <Placemark>
        <TimeSpan>
          <begin>2026-02-15T09:32:34+08:00</begin>
          <end>2026-02-15T09:32:40+08:00</end>
        </TimeSpan>
        <Style>
          <IconStyle>
            <color>FF00FFFF</color>
            <scale>0.9</scale>
            <Icon>
              <href>http://maps.google.com/mapfiles/kml/shapes/placemark_circle.png</href>
            </Icon>
          </IconStyle>
        </Style>
        <Point>
          <altitudeMode>clampToGround</altitudeMode>
          <coordinates>114.1515063308179378509521484375,22.27048781700432300567626953125, 750.79998779296875</coordinates>
        </Point>
      </Placemark>
      <Placemark>
        <TimeSpan>
          <begin>2026-02-15T09:32:40+08:00</begin>
          <end>2026-02-15T09:32:50+08:00</end>
        </TimeSpan>
        <Style>
          <IconStyle>
            <color>FF00FFFF</color>
            <scale>0.9</scale>
            <Icon>
              <href>http://maps.google.com/mapfiles/kml/shapes/placemark_circle.png</href>
            </Icon>
          </IconStyle>
        </Style>
        <Point>
          <altitudeMode>clampToGround</altitudeMode>
          <coordinates>114.15148478932678699493408203125,22.27049133740365505218505859375, 751.5999755859375</coordinates>
        </Point>
      </Placemark>
      <Placemark>
        <TimeSpan>
          <begin>2026-02-15T09:32:50+08:00</begin>
          <end>2026-02-15T09:32:55+08:00</end>
        </TimeSpan>
        <Style>
          <IconStyle>
            <color>FF00FFFF</color>
            <scale>0.9</scale>
            <Icon>
              <href>http://maps.google.com/mapfiles/kml/shapes/placemark_circle.png</href>
            </Icon>
          </IconStyle>
        </Style>
        <Point>
          <altitudeMode>clampToGround</altitudeMode>
          <coordinates>114.15151680819690227508544921875,22.2704552114009857177734375, 751.79998779296875</coordinates>
        </Point>
      </Placemark>
      <Placemark>
        <TimeSpan>
          <begin>2026-02-15T09:32:55+08:00</begin>
          <end>2026-02-15T09:33:01+08:00</end>
        </TimeSpan>
        <Style>
          <IconStyle>
            <color>FF00FFFF</color>
            <scale>0.9</scale>
            <Icon>
              <href>http://maps.google.com/mapfiles/kml/shapes/placemark_circle.png</href>
            </Icon>
          </IconStyle>
        </Style>
        <Point>
          <altitudeMode>clampToGround</altitudeMode>
          <coordinates>114.1516132839024066925048828125,22.2704684548079967498779296875, 750.5999755859375</coordinates>
        </Point>
      </Placemark>
      <Placemark>
        <TimeSpan>
          <begin>2026-02-15T09:33:01+08:00</begin>
          <end>2026-02-15T09:33:07+08:00</end>
        </TimeSpan>
        <Style>
          <IconStyle>
            <color>FF00FFFF</color>
            <scale>0.9</scale>
            <Icon>
              <href>http://maps.google.com/mapfiles/kml/shapes/placemark_circle.png</href>
            </Icon>
          </IconStyle>
        </Style>
        <Point>
          <altitudeMode>clampToGround</altitudeMode>
          <coordinates>114.15170456282794475555419921875,22.27046552114188671112060546875, 750.79998779296875</coordinates>
        </Point>
      </Placemark>
      <Placemark>
        <TimeSpan>
          <begin>2026-02-15T09:33:07+08:00</begin>
          <end>2026-02-15T09:33:09+08:00</end>
        </TimeSpan>
        <Style>
          <IconStyle>
            <color>FF00FFFF</color>
            <scale>0.9</scale>
            <Icon>
              <href>http://maps.google.com/mapfiles/kml/shapes/placemark_circle.png</href>
            </Icon>
          </IconStyle>
        </Style>
        <Point>
          <altitudeMode>clampToGround</altitudeMode>
          <coordinates>114.15173524059355258941650390625,22.27046954445540904998779296875, 750.79998779296875</coordinates>
        </Point>
      </Placemark>
      <Placemark>
        <TimeSpan>
          <begin>2026-02-15T09:33:09+08:00</begin>
          <end>2026-02-15T09:33:16+08:00</end>
        </TimeSpan>
        <Style>
          <IconStyle>
            <color>FF00FFFF</color>
            <scale>0.9</scale>
            <Icon>
              <href>http://maps.google.com/mapfiles/kml/shapes/placemark_circle.png</href>
            </Icon>
          </IconStyle>
        </Style>
        <Point>
          <altitudeMode>clampToGround</altitudeMode>
          <coordinates>114.151822663843631744384765625,22.2704335860908031463623046875, 750.4000244140625</coordinates>
        </Point>
      </Placemark>
      <Placemark>
        <TimeSpan>
          <begin>2026-02-15T09:33:16+08:00</begin>
          <end>2026-02-15T09:33:23+08:00</end>
        </TimeSpan>
        <Style>
          <IconStyle>
            <color>FF00FFFF</color>
            <scale>0.9</scale>
            <Icon>
              <href>http://maps.google.com/mapfiles/kml/shapes/placemark_circle.png</href>
            </Icon>
          </IconStyle>
        </Style>
        <Point>
          <altitudeMode>clampToGround</altitudeMode>
          <coordinates>114.1518979333341121673583984375,22.27038589306175708770751953125, 750</coordinates>
        </Point>
      </Placemark>
      <Placemark>
        <TimeSpan>
          <begin>2026-02-15T09:33:23+08:00</begin>
          <end>2026-02-15T09:33:24+08:00</end>
        </TimeSpan>
        <Style>
          <IconStyle>
            <color>FF00FFFF</color>
            <scale>0.9</scale>
            <Icon>
              <href>http://maps.google.com/mapfiles/kml/shapes/placemark_circle.png</href>
            </Icon>
          </IconStyle>
        </Style>
        <Point>
          <altitudeMode>clampToGround</altitudeMode>
          <coordinates>114.15190882980823516845703125,22.2703799419105052947998046875, 750</coordinates>
        </Point>
      </Placemark>
      <Placemark>
        <TimeSpan>
          <begin>2026-02-15T09:33:24+08:00</begin>
          <end>2026-02-15T09:33:31+08:00</end>
        </TimeSpan>
        <Style>
          <IconStyle>
            <color>FF00FFFF</color>
            <scale>0.9</scale>
            <Icon>
              <href>http://maps.google.com/mapfiles/kml/shapes/placemark_circle.png</href>
            </Icon>
          </IconStyle>
        </Style>
        <Point>
          <altitudeMode>clampToGround</altitudeMode>
          <coordinates>114.15198384784162044525146484375,22.27034230716526508331298828125, 749.79998779296875</coordinates>
        </Point>
      </Placemark>
      <Placemark>
        <TimeSpan>
          <begin>2026-02-15T09:33:31+08:00</begin>
          <end>2026-02-15T09:33:34+08:00</end>
        </TimeSpan>
        <Style>
          <IconStyle>
            <color>FF00FFFF</color>
            <scale>0.9</scale>
            <Icon>
              <href>http://maps.google.com/mapfiles/kml/shapes/placemark_circle.png</href>
            </Icon>
          </IconStyle>
        </Style>
        <Point>
          <altitudeMode>clampToGround</altitudeMode>
          <coordinates>114.15202005766332149505615234375,22.27033308707177639007568359375, 749.79998779296875</coordinates>
        </Point>
      </Placemark>
      <Placemark>
        <TimeSpan>
          <begin>2026-02-15T09:33:34+08:00</begin>
          <end>2026-02-15T09:33:36+08:00</end>
        </TimeSpan>
        <Style>
          <IconStyle>
            <color>FF00FFFF</color>
            <scale>0.9</scale>
            <Icon>
              <href>http://maps.google.com/mapfiles/kml/shapes/placemark_circle.png</href>
            </Icon>
          </IconStyle>
        </Style>
        <Point>
          <altitudeMode>clampToGround</altitudeMode>
          <coordinates>114.152047969400882720947265625,22.2703330032527446746826171875, 749.79998779296875</coordinates>
        </Point>
      </Placemark>
      <Placemark>
        <TimeSpan>
          <begin>2026-02-15T09:33:36+08:00</begin>
          <end>2026-02-15T09:33:37+08:00</end>
        </TimeSpan>
        <Style>
          <IconStyle>
            <color>FF00FFFF</color>
            <scale>0.9</scale>
            <Icon>
              <href>http://maps.google.com/mapfiles/kml/shapes/placemark_circle.png</href>
            </Icon>
          </IconStyle>
        </Style>
        <Point>
          <altitudeMode>clampToGround</altitudeMode>
          <coordinates>114.1520655713975429534912109375,22.2703333385288715362548828125, 749.5999755859375</coordinates>
        </Point>
      </Placemark>
      <Placemark>
        <TimeSpan>
          <begin>2026-02-15T09:33:37+08:00</begin>
          <end>2026-02-15T09:33:39+08:00</end>
        </TimeSpan>
        <Style>
          <IconStyle>
            <color>FF00FFFF</color>
            <scale>0.9</scale>
            <Icon>
              <href>http://maps.google.com/mapfiles/kml/shapes/placemark_circle.png</href>
            </Icon>
          </IconStyle>
        </Style>
        <Point>
          <altitudeMode>clampToGround</altitudeMode>
          <coordinates>114.15209348313510417938232421875,22.27033023722469806671142578125, 749.4000244140625</coordinates>
        </Point>
      </Placemark>
      <Placemark>
        <TimeSpan>
          <begin>2026-02-15T09:33:39+08:00</begin>
          <end>2026-02-15T09:33:41+08:00</end>
        </TimeSpan>
        <Style>
          <IconStyle>
            <color>FF00FFFF</color>
            <scale>0.9</scale>
            <Icon>
              <href>http://maps.google.com/mapfiles/kml/shapes/placemark_circle.png</href>
            </Icon>
          </IconStyle>
        </Style>
        <Point>
          <altitudeMode>clampToGround</altitudeMode>
          <coordinates>114.15212131105363368988037109375,22.270332165062427520751953125, 749.4000244140625</coordinates>
        </Point>
      </Placemark>
      <Placemark>
        <TimeSpan>
          <begin>2026-02-15T09:33:41+08:00</begin>
          <end>2026-02-15T09:33:43+08:00</end>
        </TimeSpan>
        <Style>
          <IconStyle>
            <color>FF00FFFF</color>
            <scale>0.9</scale>
            <Icon>
              <href>http://maps.google.com/mapfiles/kml/shapes/placemark_circle.png</href>
            </Icon>
          </IconStyle>
        </Style>
        <Point>
          <altitudeMode>clampToGround</altitudeMode>
          <coordinates>114.1521550901234149932861328125,22.2703356854617595672607421875, 749.4000244140625</coordinates>
        </Point>
      </Placemark>
      <Placemark>
        <TimeSpan>
          <begin>2026-02-15T09:33:43+08:00</begin>
          <end>2026-02-15T09:33:45+08:00</end>
        </TimeSpan>
        <Style>
          <IconStyle>
            <color>FF00FFFF</color>
            <scale>0.9</scale>
            <Icon>
              <href>http://maps.google.com/mapfiles/kml/shapes/placemark_circle.png</href>
            </Icon>
          </IconStyle>
        </Style>
        <Point>
          <altitudeMode>clampToGround</altitudeMode>
          <coordinates>114.1521785594522953033447265625,22.2703407146036624908447265625, 749.4000244140625</coordinates>
        </Point>
      </Placemark>
      <Placemark>
        <TimeSpan>
          <begin>2026-02-15T09:33:45+08:00</begin>
          <end>2026-02-15T09:33:50+08:00</end>
        </TimeSpan>
        <Style>
          <IconStyle>
            <color>FF00FFFF</color>
            <scale>0.9</scale>
            <Icon>
              <href>http://maps.google.com/mapfiles/kml/shapes/placemark_circle.png</href>
            </Icon>
          </IconStyle>
        </Style>
        <Point>
          <altitudeMode>clampToGround</altitudeMode>
          <coordinates>114.15222826413810253143310546875,22.2703501023352146148681640625, 749.4000244140625</coordinates>
        </Point>
      </Placemark>
      <Placemark>
        <TimeSpan>
          <begin>2026-02-15T09:33:50+08:00</begin>
          <end>2026-02-15T09:33:56+08:00</end>
        </TimeSpan>
        <Style>
          <IconStyle>
            <color>FF00FFFF</color>
            <scale>0.9</scale>
            <Icon>
              <href>http://maps.google.com/mapfiles/kml/shapes/placemark_circle.png</href>
            </Icon>
          </IconStyle>
        </Style>
        <Point>
          <altitudeMode>clampToGround</altitudeMode>
          <coordinates>114.15226782672107219696044921875,22.27035454474389553070068359375, 749.5999755859375</coordinates>
        </Point>
      </Placemark>
      <Placemark>
        <TimeSpan>
          <begin>2026-02-15T09:33:56+08:00</begin>
          <end>2026-02-15T09:33:59+08:00</end>
        </TimeSpan>
        <Style>
          <IconStyle>
            <color>FF00FFFF</color>
            <scale>0.9</scale>
            <Icon>
              <href>http://maps.google.com/mapfiles/kml/shapes/placemark_circle.png</href>
            </Icon>
          </IconStyle>
        </Style>
        <Point>
          <altitudeMode>clampToGround</altitudeMode>
          <coordinates>114.1522560082376003265380859375,22.27036602795124053955078125, 749.79998779296875</coordinates>
        </Point>
      </Placemark>
      <Placemark>
        <TimeSpan>
          <begin>2026-02-15T09:33:59+08:00</begin>
          <end>2026-02-15T09:34:00+08:00</end>
        </TimeSpan>
        <Style>
          <IconStyle>
            <color>FF00FFFF</color>
            <scale>0.9</scale>
            <Icon>
              <href>http://maps.google.com/mapfiles/kml/shapes/placemark_circle.png</href>
            </Icon>
          </IconStyle>
        </Style>
        <Point>
          <altitudeMode>clampToGround</altitudeMode>
          <coordinates>114.15225391276180744171142578125,22.270370386540889739990234375, 749.79998779296875</coordinates>
        </Point>
      </Placemark>
      <Placemark>
        <TimeSpan>
          <begin>2026-02-15T09:34:00+08:00</begin>
          <end>2026-02-15T09:34:02+08:00</end>
        </TimeSpan>
        <Style>
          <IconStyle>
            <color>FF00FFFF</color>
            <scale>0.9</scale>
            <Icon>
              <href>http://maps.google.com/mapfiles/kml/shapes/placemark_circle.png</href>
            </Icon>
          </IconStyle>
        </Style>
        <Point>
          <altitudeMode>clampToGround</altitudeMode>
          <coordinates>114.1522420942783355712890625,22.2703666985034942626953125, 749.79998779296875</coordinates>
        </Point>
      </Placemark>
      <Placemark>
        <TimeSpan>
          <begin>2026-02-15T09:34:02+08:00</begin>
          <end>2026-02-15T09:34:05+08:00</end>
        </TimeSpan>
        <Style>
          <IconStyle>
            <color>FF00FFFF</color>
            <scale>0.9</scale>
            <Icon>
              <href>http://maps.google.com/mapfiles/kml/shapes/placemark_circle.png</href>
            </Icon>
          </IconStyle>
        </Style>
        <Point>
          <altitudeMode>clampToGround</altitudeMode>
          <coordinates>114.1522070579230785369873046875,22.27035571821033954620361328125, 749.4000244140625</coordinates>
        </Point>
      </Placemark>
      <Placemark>
        <TimeSpan>
          <begin>2026-02-15T09:34:05+08:00</begin>
          <end>2026-02-15T09:34:06+08:00</end>
        </TimeSpan>
        <Style>
          <IconStyle>
            <color>FF00FFFF</color>
            <scale>0.9</scale>
            <Icon>
              <href>http://maps.google.com/mapfiles/kml/shapes/placemark_circle.png</href>
            </Icon>
          </IconStyle>
        </Style>
        <Point>
          <altitudeMode>clampToGround</altitudeMode>
          <coordinates>114.1521911323070526123046875,22.27034817449748516082763671875, 749.5999755859375</coordinates>
        </Point>
      </Placemark>
      <Placemark>
        <TimeSpan>
          <begin>2026-02-15T09:34:06+08:00</begin>
          <end>2026-02-15T09:34:12+08:00</end>
        </TimeSpan>
        <Style>
          <IconStyle>
            <color>FF00FFFF</color>
            <scale>0.9</scale>
            <Icon>
              <href>http://maps.google.com/mapfiles/kml/shapes/placemark_circle.png</href>
            </Icon>
          </IconStyle>
        </Style>
        <Point>
          <altitudeMode>clampToGround</altitudeMode>
          <coordinates>114.15212340652942657470703125,22.27031196467578411102294921875, 749.4000244140625</coordinates>
        </Point>
      </Placemark>
      <Placemark>
        <TimeSpan>
          <begin>2026-02-15T09:34:12+08:00</begin>
          <end>2026-02-15T09:34:13+08:00</end>
        </TimeSpan>
        <Style>
          <IconStyle>
            <color>FF00FFFF</color>
            <scale>0.9</scale>
            <Icon>
              <href>http://maps.google.com/mapfiles/kml/shapes/placemark_circle.png</href>
            </Icon>
          </IconStyle>
        </Style>
        <Point>
          <altitudeMode>clampToGround</altitudeMode>
          <coordinates>114.15210857056081295013427734375,22.270302660763263702392578125, 749.4000244140625</coordinates>
        </Point>
      </Placemark>
      <Placemark>
        <TimeSpan>
          <begin>2026-02-15T09:34:13+08:00</begin>
          <end>2026-02-15T09:34:17+08:00</end>
        </TimeSpan>
        <Style>
          <IconStyle>
            <color>FF00FFFF</color>
            <scale>0.9</scale>
            <Icon>
              <href>http://maps.google.com/mapfiles/kml/shapes/placemark_circle.png</href>
            </Icon>
          </IconStyle>
        </Style>
        <Point>
          <altitudeMode>clampToGround</altitudeMode>
          <coordinates>114.152061045169830322265625,22.270301319658756256103515625, 749.4000244140625</coordinates>
        </Point>
      </Placemark>
      <Placemark>
        <TimeSpan>
          <begin>2026-02-15T09:34:17+08:00</begin>
          <end>2026-02-15T09:34:19+08:00</end>
        </TimeSpan>
        <Style>
          <IconStyle>
            <color>FF00FFFF</color>
            <scale>0.9</scale>
            <Icon>
              <href>http://maps.google.com/mapfiles/kml/shapes/placemark_circle.png</href>
            </Icon>
          </IconStyle>
        </Style>
        <Point>
          <altitudeMode>clampToGround</altitudeMode>
          <coordinates>114.15203665383160114288330078125,22.27030341513454914093017578125, 749.4000244140625</coordinates>
        </Point>
      </Placemark>
      <Placemark>
        <TimeSpan>
          <begin>2026-02-15T09:34:19+08:00</begin>
          <end>2026-02-15T09:34:23+08:00</end>
        </TimeSpan>
        <Style>
          <IconStyle>
            <color>FF00FFFF</color>
            <scale>0.9</scale>
            <Icon>
              <href>http://maps.google.com/mapfiles/kml/shapes/placemark_circle.png</href>
            </Icon>
          </IconStyle>
        </Style>
        <Point>
          <altitudeMode>clampToGround</altitudeMode>
          <coordinates>114.1519864462316036224365234375,22.27031934075057506561279296875, 749.79998779296875</coordinates>
        </Point>
      </Placemark>
      <Placemark>
        <TimeSpan>
          <begin>2026-02-15T09:34:23+08:00</begin>
          <end>2026-02-15T09:34:25+08:00</end>
        </TimeSpan>
        <Style>
          <IconStyle>
            <color>FF00FFFF</color>
            <scale>0.9</scale>
            <Icon>
              <href>http://maps.google.com/mapfiles/kml/shapes/placemark_circle.png</href>
            </Icon>
          </IconStyle>
        </Style>
        <Point>
          <altitudeMode>clampToGround</altitudeMode>
          <coordinates>114.15196389891207218170166015625,22.27032101713120937347412109375, 749.79998779296875</coordinates>
        </Point>
      </Placemark>
      <Placemark>
        <TimeSpan>
          <begin>2026-02-15T09:34:25+08:00</begin>
          <end>2026-02-15T09:34:31+08:00</end>
        </TimeSpan>
        <Style>
          <IconStyle>
            <color>FF00FFFF</color>
            <scale>0.9</scale>
            <Icon>
              <href>http://maps.google.com/mapfiles/kml/shapes/placemark_circle.png</href>
            </Icon>
          </IconStyle>
        </Style>
        <Point>
          <altitudeMode>clampToGround</altitudeMode>
          <coordinates>114.151860885322093963623046875,22.27033627219498157501220703125, 749.20001220703125</coordinates>
        </Point>
      </Placemark>
      <Placemark>
        <TimeSpan>
          <begin>2026-02-15T09:34:31+08:00</begin>
          <end>2026-02-15T09:34:37+08:00</end>
        </TimeSpan>
        <Style>
          <IconStyle>
            <color>FF00FFFF</color>
            <scale>0.9</scale>
            <Icon>
              <href>http://maps.google.com/mapfiles/kml/shapes/placemark_circle.png</href>
            </Icon>
          </IconStyle>
        </Style>
        <Point>
          <altitudeMode>clampToGround</altitudeMode>
          <coordinates>114.15176155976951122283935546875,22.27036275900900363922119140625, 749.20001220703125</coordinates>
        </Point>
      </Placemark>
      <Placemark>
        <TimeSpan>
          <begin>2026-02-15T09:34:37+08:00</begin>
          <end>2026-02-15T09:34:38+08:00</end>
        </TimeSpan>
        <Style>
          <IconStyle>
            <color>FF00FFFF</color>
            <scale>0.9</scale>
            <Icon>
              <href>http://maps.google.com/mapfiles/kml/shapes/placemark_circle.png</href>
            </Icon>
          </IconStyle>
        </Style>
        <Point>
          <altitudeMode>clampToGround</altitudeMode>
          <coordinates>114.151745550334453582763671875,22.27036577649414539337158203125, 749.20001220703125</coordinates>
        </Point>
      </Placemark>
      <Placemark>
        <TimeSpan>
          <begin>2026-02-15T09:34:38+08:00</begin>
          <end>2026-02-15T09:34:40+08:00</end>
        </TimeSpan>
        <Style>
          <IconStyle>
            <color>FF00FFFF</color>
            <scale>0.9</scale>
            <Icon>
              <href>http://maps.google.com/mapfiles/kml/shapes/placemark_circle.png</href>
            </Icon>
          </IconStyle>
        </Style>
        <Point>
          <altitudeMode>clampToGround</altitudeMode>
          <coordinates>114.15172082372009754180908203125,22.27037139236927032470703125, 749.4000244140625</coordinates>
        </Point>
      </Placemark>
      <Placemark>
        <TimeSpan>
          <begin>2026-02-15T09:34:40+08:00</begin>
          <end>2026-02-15T09:34:42+08:00</end>
        </TimeSpan>
        <Style>
          <IconStyle>
            <color>FF00FFFF</color>
            <scale>0.9</scale>
            <Icon>
              <href>http://maps.google.com/mapfiles/kml/shapes/placemark_circle.png</href>
            </Icon>
          </IconStyle>
        </Style>
        <Point>
          <altitudeMode>clampToGround</altitudeMode>
          <coordinates>114.15169886313378810882568359375,22.27037633769214153289794921875, 749.4000244140625</coordinates>
        </Point>
      </Placemark>
      <Placemark>
        <TimeSpan>
          <begin>2026-02-15T09:34:42+08:00</begin>
          <end>2026-02-15T09:34:47+08:00</end>
        </TimeSpan>
        <Style>
          <IconStyle>
            <color>FF00FFFF</color>
            <scale>0.9</scale>
            <Icon>
              <href>http://maps.google.com/mapfiles/kml/shapes/placemark_circle.png</href>
            </Icon>
          </IconStyle>
        </Style>
        <Point>
          <altitudeMode>clampToGround</altitudeMode>
          <coordinates>114.1516541875898838043212890625,22.27040626108646392822265625, 749</coordinates>
        </Point>
      </Placemark>
      <Placemark>
        <TimeSpan>
          <begin>2026-02-15T09:34:47+08:00</begin>
          <end>2026-02-15T09:34:48+08:00</end>
        </TimeSpan>
        <Style>
          <IconStyle>
            <color>FF00FFFF</color>
            <scale>0.9</scale>
            <Icon>
              <href>http://maps.google.com/mapfiles/kml/shapes/placemark_circle.png</href>
            </Icon>
          </IconStyle>
        </Style>
        <Point>
          <altitudeMode>clampToGround</altitudeMode>
          <coordinates>114.15164806880056858062744140625,22.270407266914844512939453125, 749</coordinates>
        </Point>
      </Placemark>
      <Placemark>
        <TimeSpan>
          <begin>2026-02-15T09:34:48+08:00</begin>
          <end>2026-02-15T09:34:52+08:00</end>
        </TimeSpan>
        <Style>
          <IconStyle>
            <color>FF00FFFF</color>
            <scale>0.9</scale>
            <Icon>
              <href>http://maps.google.com/mapfiles/kml/shapes/placemark_circle.png</href>
            </Icon>
          </IconStyle>
        </Style>
        <Point>
          <altitudeMode>clampToGround</altitudeMode>
          <coordinates>114.1516251862049102783203125,22.27042243815958499908447265625, 749</coordinates>
        </Point>
      </Placemark>
      <Placemark>
        <TimeSpan>
          <begin>2026-02-15T09:34:52+08:00</begin>
          <end>2026-02-15T09:34:53+08:00</end>
        </TimeSpan>
        <Style>
          <IconStyle>
            <color>FF00FFFF</color>
            <scale>0.9</scale>
            <Icon>
              <href>http://maps.google.com/mapfiles/kml/shapes/placemark_circle.png</href>
            </Icon>
          </IconStyle>
        </Style>
        <Point>
          <altitudeMode>clampToGround</altitudeMode>
          <coordinates>114.1516142897307872772216796875,22.2704292275011539459228515625, 749</coordinates>
        </Point>
      </Placemark>
      <Placemark>
        <TimeSpan>
          <begin>2026-02-15T09:34:53+08:00</begin>
          <end>2026-02-15T09:34:54+08:00</end>
        </TimeSpan>
        <Style>
          <IconStyle>
            <color>FF00FFFF</color>
            <scale>0.9</scale>
            <Icon>
              <href>http://maps.google.com/mapfiles/kml/shapes/placemark_circle.png</href>
            </Icon>
          </IconStyle>
        </Style>
        <Point>
          <altitudeMode>clampToGround</altitudeMode>
          <coordinates>114.15160163305699825286865234375,22.27043719030916690826416015625, 748.79998779296875</coordinates>
        </Point>
      </Placemark>
      <Placemark>
        <TimeSpan>
          <begin>2026-02-15T09:34:54+08:00</begin>
          <end>2026-02-15T09:34:55+08:00</end>
        </TimeSpan>
        <Style>
          <IconStyle>
            <color>FF00FFFF</color>
            <scale>0.9</scale>
            <Icon>
              <href>http://maps.google.com/mapfiles/kml/shapes/placemark_circle.png</href>
            </Icon>
          </IconStyle>
        </Style>
        <Point>
          <altitudeMode>clampToGround</altitudeMode>
          <coordinates>114.1515941731631755828857421875,22.2704493440687656402587890625, 750.79998779296875</coordinates>
        </Point>
      </Placemark>
      <Placemark>
        <TimeSpan>
          <begin>2026-02-15T09:34:55+08:00</begin>
          <end>2026-02-15T09:34:56+08:00</end>
        </TimeSpan>
        <Style>
          <IconStyle>
            <color>FF00FFFF</color>
            <scale>0.9</scale>
            <Icon>
              <href>http://maps.google.com/mapfiles/kml/shapes/placemark_circle.png</href>
            </Icon>
          </IconStyle>
        </Style>
        <Point>
          <altitudeMode>clampToGround</altitudeMode>
          <coordinates>114.1515831090509891510009765625,22.2704553790390491485595703125, 750.79998779296875</coordinates>
        </Point>
      </Placemark>
      <Placemark>
        <TimeSpan>
          <begin>2026-02-15T09:34:56+08:00</begin>
          <end>2026-02-15T09:34:58+08:00</end>
        </TimeSpan>
        <Style>
          <IconStyle>
            <color>FF00FFFF</color>
            <scale>0.9</scale>
            <Icon>
              <href>http://maps.google.com/mapfiles/kml/shapes/placemark_circle.png</href>
            </Icon>
          </IconStyle>
        </Style>
        <Point>
          <altitudeMode>clampToGround</altitudeMode>
          <coordinates>114.151555784046649932861328125,22.27045076899230480194091796875, 750.79998779296875</coordinates>
        </Point>
      </Placemark>
      <Placemark>
        <TimeSpan>
          <begin>2026-02-15T09:34:58+08:00</begin>
          <end>2026-02-15T09:34:59+08:00</end>
        </TimeSpan>
        <Style>
          <IconStyle>
            <color>FF00FFFF</color>
            <scale>0.9</scale>
            <Icon>
              <href>http://maps.google.com/mapfiles/kml/shapes/placemark_circle.png</href>
            </Icon>
          </IconStyle>
        </Style>
        <Point>
          <altitudeMode>clampToGround</altitudeMode>
          <coordinates>114.15154010988771915435791015625,22.2704490087926387786865234375, 750.79998779296875</coordinates>
        </Point>
      </Placemark>
      <Placemark>
        <TimeSpan>
          <begin>2026-02-15T09:34:59+08:00</begin>
          <end>2026-02-15T09:35:00+08:00</end>
        </TimeSpan>
        <Style>
          <IconStyle>
            <color>FF00FFFF</color>
            <scale>0.9</scale>
            <Icon>
              <href>http://maps.google.com/mapfiles/kml/shapes/placemark_circle.png</href>
            </Icon>
          </IconStyle>
        </Style>
        <Point>
          <altitudeMode>clampToGround</altitudeMode>
          <coordinates>114.1515214182436466217041015625,22.27044523693621158599853515625, 750.79998779296875</coordinates>
        </Point>
      </Placemark>
      <Placemark>
        <TimeSpan>
          <begin>2026-02-15T09:35:00+08:00</begin>
          <end>2026-02-15T09:35:02+08:00</end>
        </TimeSpan>
        <Style>
          <IconStyle>
            <color>FF00FFFF</color>
            <scale>0.9</scale>
            <Icon>
              <href>http://maps.google.com/mapfiles/kml/shapes/placemark_circle.png</href>
            </Icon>
          </IconStyle>
        </Style>
        <Point>
          <altitudeMode>clampToGround</altitudeMode>
          <coordinates>114.15148981846868991851806640625,22.2704426385462284088134765625, 751.79998779296875</coordinates>
        </Point>
      </Placemark>
      <Placemark>
        <TimeSpan>
          <begin>2026-02-15T09:35:02+08:00</begin>
          <end>2026-02-15T09:35:04+08:00</end>
        </TimeSpan>
        <Style>
          <IconStyle>
            <color>FF00FFFF</color>
            <scale>0.9</scale>
            <Icon>
              <href>http://maps.google.com/mapfiles/kml/shapes/placemark_circle.png</href>
            </Icon>
          </IconStyle>
        </Style>
        <Point>
          <altitudeMode>clampToGround</altitudeMode>
          <coordinates>114.15145813487470149993896484375,22.27043618448078632354736328125, 751.79998779296875</coordinates>
        </Point>
      </Placemark>
      <Placemark>
        <TimeSpan>
          <begin>2026-02-15T09:35:04+08:00</begin>
          <end>2026-02-15T09:35:05+08:00</end>
        </TimeSpan>
        <Style>
          <IconStyle>
            <color>FF00FFFF</color>
            <scale>0.9</scale>
            <Icon>
              <href>http://maps.google.com/mapfiles/kml/shapes/placemark_circle.png</href>
            </Icon>
          </IconStyle>
        </Style>
        <Point>
          <altitudeMode>clampToGround</altitudeMode>
          <coordinates>114.15144690312445163726806640625,22.27043710649013519287109375, 751.79998779296875</coordinates>
        </Point>
      </Placemark>
      <Placemark>
        <TimeSpan>
          <begin>2026-02-15T09:35:05+08:00</begin>
          <end>2026-02-15T09:35:08+08:00</end>
        </TimeSpan>
        <Style>
          <IconStyle>
            <color>FF00FFFF</color>
            <scale>0.9</scale>
            <Icon>
              <href>http://maps.google.com/mapfiles/kml/shapes/placemark_circle.png</href>
            </Icon>
          </IconStyle>
        </Style>
        <Point>
          <altitudeMode>clampToGround</altitudeMode>
          <coordinates>114.15143181569874286651611328125,22.27044808678328990936279296875, 751.79998779296875</coordinates>
        </Point>
      </Placemark>
      <Placemark>
        <TimeSpan>
          <begin>2026-02-15T09:35:08+08:00</begin>
          <end>2026-02-15T09:35:16+08:00</end>
        </TimeSpan>
        <Style>
          <IconStyle>
            <color>FF00FFFF</color>
            <scale>0.9</scale>
            <Icon>
              <href>http://maps.google.com/mapfiles/kml/shapes/placemark_circle.png</href>
            </Icon>
          </IconStyle>
        </Style>
        <Point>
          <altitudeMode>clampToGround</altitudeMode>
          <coordinates>114.15141153149306774139404296875,22.270461581647396087646484375, 752</coordinates>
        </Point>
      </Placemark>
      <Placemark>
        <TimeSpan>
          <begin>2026-02-15T09:35:16+08:00</begin>
          <end>2026-02-15T09:35:22+08:00</end>
        </TimeSpan>
        <Style>
          <IconStyle>
            <color>FF00FFFF</color>
            <scale>0.9</scale>
            <Icon>
              <href>http://maps.google.com/mapfiles/kml/shapes/placemark_circle.png</href>
            </Icon>
          </IconStyle>
        </Style>
        <Point>
          <altitudeMode>clampToGround</altitudeMode>
          <coordinates>114.1513256169855594635009765625,22.27044523693621158599853515625, 752</coordinates>
        </Point>
      </Placemark>
      <Placemark>
        <TimeSpan>
          <begin>2026-02-15T09:35:22+08:00</begin>
          <end>2026-02-15T09:35:25+08:00</end>
        </TimeSpan>
        <Style>
          <IconStyle>
            <color>FF00FFFF</color>
            <scale>0.9</scale>
            <Icon>
              <href>http://maps.google.com/mapfiles/kml/shapes/placemark_circle.png</href>
            </Icon>
          </IconStyle>
        </Style>
        <Point>
          <altitudeMode>clampToGround</altitudeMode>
          <coordinates>114.1512925922870635986328125,22.27044842205941677093505859375, 752</coordinates>
        </Point>
      </Placemark>
      <Placemark>
        <TimeSpan>
          <begin>2026-02-15T09:35:25+08:00</begin>
          <end>2026-02-15T09:35:28+08:00</end>
        </TimeSpan>
        <Style>
          <IconStyle>
            <color>FF00FFFF</color>
            <scale>0.9</scale>
            <Icon>
              <href>http://maps.google.com/mapfiles/kml/shapes/placemark_circle.png</href>
            </Icon>
          </IconStyle>
        </Style>
        <Point>
          <altitudeMode>clampToGround</altitudeMode>
          <coordinates>114.15126107633113861083984375,22.27044641040265560150146484375, 751.5999755859375</coordinates>
        </Point>
      </Placemark>
      <Placemark>
        <TimeSpan>
          <begin>2026-02-15T09:35:28+08:00</begin>
          <end>2026-02-15T09:35:29+08:00</end>
        </TimeSpan>
        <Style>
          <IconStyle>
            <color>FF00FFFF</color>
            <scale>0.9</scale>
            <Icon>
              <href>http://maps.google.com/mapfiles/kml/shapes/placemark_circle.png</href>
            </Icon>
          </IconStyle>
        </Style>
        <Point>
          <altitudeMode>clampToGround</altitudeMode>
          <coordinates>114.15126032195985317230224609375,22.2704565525054931640625, 751.4000244140625</coordinates>
        </Point>
      </Placemark>
      <Placemark>
        <TimeSpan>
          <begin>2026-02-15T09:35:29+08:00</begin>
          <end>2026-02-15T09:35:31+08:00</end>
        </TimeSpan>
        <Style>
          <IconStyle>
            <color>FF00FFFF</color>
            <scale>0.9</scale>
            <Icon>
              <href>http://maps.google.com/mapfiles/kml/shapes/placemark_circle.png</href>
            </Icon>
          </IconStyle>
        </Style>
        <Point>
          <altitudeMode>clampToGround</altitudeMode>
          <coordinates>114.1512429714202880859375,22.27047004736959934234619140625, 751.20001220703125</coordinates>
        </Point>
      </Placemark>
      <Placemark>
        <TimeSpan>
          <begin>2026-02-15T09:35:31+08:00</begin>
          <end>2026-02-15T09:35:34+08:00</end>
        </TimeSpan>
        <Style>
          <IconStyle>
            <color>FF00FFFF</color>
            <scale>0.9</scale>
            <Icon>
              <href>http://maps.google.com/mapfiles/kml/shapes/placemark_circle.png</href>
            </Icon>
          </IconStyle>
        </Style>
        <Point>
          <altitudeMode>clampToGround</altitudeMode>
          <coordinates>114.151205085217952728271484375,22.2704801894724369049072265625, 751.5999755859375</coordinates>
        </Point>
      </Placemark>
      <Placemark>
        <TimeSpan>
          <begin>2026-02-15T09:35:34+08:00</begin>
          <end>2026-02-15T09:35:35+08:00</end>
        </TimeSpan>
        <Style>
          <IconStyle>
            <color>FF00FFFF</color>
            <scale>0.9</scale>
            <Icon>
              <href>http://maps.google.com/mapfiles/kml/shapes/placemark_circle.png</href>
            </Icon>
          </IconStyle>
        </Style>
        <Point>
          <altitudeMode>clampToGround</altitudeMode>
          <coordinates>114.15119309909641742706298828125,22.2704858891665935516357421875, 751</coordinates>
        </Point>
      </Placemark>
      <Placemark>
        <TimeSpan>
          <begin>2026-02-15T09:35:35+08:00</begin>
          <end>2026-02-15T09:35:37+08:00</end>
        </TimeSpan>
        <Style>
          <IconStyle>
            <color>FF00FFFF</color>
            <scale>0.9</scale>
            <Icon>
              <href>http://maps.google.com/mapfiles/kml/shapes/placemark_circle.png</href>
            </Icon>
          </IconStyle>
        </Style>
        <Point>
          <altitudeMode>clampToGround</altitudeMode>
          <coordinates>114.15116988122463226318359375,22.27049552835524082183837890625, 751</coordinates>
        </Point>
      </Placemark>
      <Placemark>
        <TimeSpan>
          <begin>2026-02-15T09:35:37+08:00</begin>
          <end>2026-02-15T09:35:40+08:00</end>
        </TimeSpan>
        <Style>
          <IconStyle>
            <color>FF00FFFF</color>
            <scale>0.9</scale>
            <Icon>
              <href>http://maps.google.com/mapfiles/kml/shapes/placemark_circle.png</href>
            </Icon>
          </IconStyle>
        </Style>
        <Point>
          <altitudeMode>clampToGround</altitudeMode>
          <coordinates>114.15113476105034351348876953125,22.27050391025841236114501953125, 751</coordinates>
        </Point>
      </Placemark>
      <Placemark>
        <TimeSpan>
          <begin>2026-02-15T09:35:40+08:00</begin>
          <end>2026-02-15T09:35:44+08:00</end>
        </TimeSpan>
        <Style>
          <IconStyle>
            <color>FF00FFFF</color>
            <scale>0.9</scale>
            <Icon>
              <href>http://maps.google.com/mapfiles/kml/shapes/placemark_circle.png</href>
            </Icon>
          </IconStyle>
        </Style>
        <Point>
          <altitudeMode>clampToGround</altitudeMode>
          <coordinates>114.15109955705702304840087890625,22.27054263465106487274169921875, 751.20001220703125</coordinates>
        </Point>
      </Placemark>
      <Placemark>
        <TimeSpan>
          <begin>2026-02-15T09:35:44+08:00</begin>
          <end>2026-02-15T09:35:47+08:00</end>
        </TimeSpan>
        <Style>
          <IconStyle>
            <color>FF00FFFF</color>
            <scale>0.9</scale>
            <Icon>
              <href>http://maps.google.com/mapfiles/kml/shapes/placemark_circle.png</href>
            </Icon>
          </IconStyle>
        </Style>
        <Point>
          <altitudeMode>clampToGround</altitudeMode>
          <coordinates>114.1510718129575252532958984375,22.27058622054755687713623046875, 751</coordinates>
        </Point>
      </Placemark>
      <Placemark>
        <TimeSpan>
          <begin>2026-02-15T09:35:47+08:00</begin>
          <end>2026-02-15T09:35:54+08:00</end>
        </TimeSpan>
        <Style>
          <IconStyle>
            <color>FF00FFFF</color>
            <scale>0.9</scale>
            <Icon>
              <href>http://maps.google.com/mapfiles/kml/shapes/placemark_circle.png</href>
            </Icon>
          </IconStyle>
        </Style>
        <Point>
          <altitudeMode>clampToGround</altitudeMode>
          <coordinates>114.1510154865682125091552734375,22.27068261243402957916259765625, 750.79998779296875</coordinates>
        </Point>
      </Placemark>
      <Placemark>
        <TimeSpan>
          <begin>2026-02-15T09:35:54+08:00</begin>
          <end>2026-02-15T09:35:57+08:00</end>
        </TimeSpan>
        <Style>
          <IconStyle>
            <color>FF00FFFF</color>
            <scale>0.9</scale>
            <Icon>
              <href>http://maps.google.com/mapfiles/kml/shapes/placemark_circle.png</href>
            </Icon>
          </IconStyle>
        </Style>
        <Point>
          <altitudeMode>clampToGround</altitudeMode>
          <coordinates>114.15098556317389011383056640625,22.2707111947238445281982421875, 750.79998779296875</coordinates>
        </Point>
      </Placemark>
      <Placemark>
        <TimeSpan>
          <begin>2026-02-15T09:35:57+08:00</begin>
          <end>2026-02-15T09:35:58+08:00</end>
        </TimeSpan>
        <Style>
          <IconStyle>
            <color>FF00FFFF</color>
            <scale>0.9</scale>
            <Icon>
              <href>http://maps.google.com/mapfiles/kml/shapes/placemark_circle.png</href>
            </Icon>
          </IconStyle>
        </Style>
        <Point>
          <altitudeMode>clampToGround</altitudeMode>
          <coordinates>114.15097366087138652801513671875,22.270721755921840667724609375, 750.79998779296875</coordinates>
        </Point>
      </Placemark>
      <Placemark>
        <TimeSpan>
          <begin>2026-02-15T09:35:58+08:00</begin>
          <end>2026-02-15T09:36:00+08:00</end>
        </TimeSpan>
        <Style>
          <IconStyle>
            <color>FF00FFFF</color>
            <scale>0.9</scale>
            <Icon>
              <href>http://maps.google.com/mapfiles/kml/shapes/placemark_circle.png</href>
            </Icon>
          </IconStyle>
        </Style>
        <Point>
          <altitudeMode>clampToGround</altitudeMode>
          <coordinates>114.15095421485602855682373046875,22.27073960937559604644775390625, 750.79998779296875</coordinates>
        </Point>
      </Placemark>
      <Placemark>
        <TimeSpan>
          <begin>2026-02-15T09:36:00+08:00</begin>
          <end>2026-02-15T09:36:01+08:00</end>
        </TimeSpan>
        <Style>
          <IconStyle>
            <color>FF00FFFF</color>
            <scale>0.9</scale>
            <Icon>
              <href>http://maps.google.com/mapfiles/kml/shapes/placemark_circle.png</href>
            </Icon>
          </IconStyle>
        </Style>
        <Point>
          <altitudeMode>clampToGround</altitudeMode>
          <coordinates>114.15094516240060329437255859375,22.2707448899745941162109375, 750.5999755859375</coordinates>
        </Point>
      </Placemark>
      <Placemark>
        <TimeSpan>
          <begin>2026-02-15T09:36:01+08:00</begin>
          <end>2026-02-15T09:36:04+08:00</end>
        </TimeSpan>
        <Style>
          <IconStyle>
            <color>FF00FFFF</color>
            <scale>0.9</scale>
            <Icon>
              <href>http://maps.google.com/mapfiles/kml/shapes/placemark_circle.png</href>
            </Icon>
          </IconStyle>
        </Style>
        <Point>
          <altitudeMode>clampToGround</altitudeMode>
          <coordinates>114.15092487819492816925048828125,22.2707909904420375823974609375, 750.4000244140625</coordinates>
        </Point>
      </Placemark>
      <Placemark>
        <TimeSpan>
          <begin>2026-02-15T09:36:04+08:00</begin>
          <end>2026-02-15T09:36:07+08:00</end>
        </TimeSpan>
        <Style>
          <IconStyle>
            <color>FF00FFFF</color>
            <scale>0.9</scale>
            <Icon>
              <href>http://maps.google.com/mapfiles/kml/shapes/placemark_circle.png</href>
            </Icon>
          </IconStyle>
        </Style>
        <Point>
          <altitudeMode>clampToGround</altitudeMode>
          <coordinates>114.150905348360538482666015625,22.270818315446376800537109375, 750.4000244140625</coordinates>
        </Point>
      </Placemark>
      <Placemark>
        <TimeSpan>
          <begin>2026-02-15T09:36:07+08:00</begin>
          <end>2026-02-15T09:36:08+08:00</end>
        </TimeSpan>
        <Style>
          <IconStyle>
            <color>FF00FFFF</color>
            <scale>0.9</scale>
            <Icon>
              <href>http://maps.google.com/mapfiles/kml/shapes/placemark_circle.png</href>
            </Icon>
          </IconStyle>
        </Style>
        <Point>
          <altitudeMode>clampToGround</altitudeMode>
          <coordinates>114.1508951224386692047119140625,22.2708253562450408935546875, 750.20001220703125</coordinates>
        </Point>
      </Placemark>
      <Placemark>
        <TimeSpan>
          <begin>2026-02-15T09:36:08+08:00</begin>
          <end>2026-02-15T09:36:11+08:00</end>
        </TimeSpan>
        <Style>
          <IconStyle>
            <color>FF00FFFF</color>
            <scale>0.9</scale>
            <Icon>
              <href>http://maps.google.com/mapfiles/kml/shapes/placemark_circle.png</href>
            </Icon>
          </IconStyle>
        </Style>
        <Point>
          <altitudeMode>clampToGround</altitudeMode>
          <coordinates>114.15088062174618244171142578125,22.27085427381098270416259765625, 750.4000244140625</coordinates>
        </Point>
      </Placemark>
      <Placemark>
        <TimeSpan>
          <begin>2026-02-15T09:36:11+08:00</begin>
          <end>2026-02-15T09:36:13+08:00</end>
        </TimeSpan>
        <Style>
          <IconStyle>
            <color>FF00FFFF</color>
            <scale>0.9</scale>
            <Icon>
              <href>http://maps.google.com/mapfiles/kml/shapes/placemark_circle.png</href>
            </Icon>
          </IconStyle>
        </Style>
        <Point>
          <altitudeMode>clampToGround</altitudeMode>
          <coordinates>114.1508793644607067108154296875,22.2708610631525516510009765625, 750.4000244140625</coordinates>
        </Point>
      </Placemark>
      <Placemark>
        <TimeSpan>
          <begin>2026-02-15T09:36:13+08:00</begin>
          <end>2026-02-15T09:36:20+08:00</end>
        </TimeSpan>
        <Style>
          <IconStyle>
            <color>FF00FFFF</color>
            <scale>0.9</scale>
            <Icon>
              <href>http://maps.google.com/mapfiles/kml/shapes/placemark_circle.png</href>
            </Icon>
          </IconStyle>
        </Style>
        <Point>
          <altitudeMode>clampToGround</altitudeMode>
          <coordinates>114.150853715837001800537109375,22.27088511921465396881103515625, 750.79998779296875</coordinates>
        </Point>
      </Placemark>
      <Placemark>
        <TimeSpan>
          <begin>2026-02-15T09:36:20+08:00</begin>
          <end>2026-02-15T09:36:26+08:00</end>
        </TimeSpan>
        <Style>
          <IconStyle>
            <color>FF00FFFF</color>
            <scale>0.9</scale>
            <Icon>
              <href>http://maps.google.com/mapfiles/kml/shapes/placemark_circle.png</href>
            </Icon>
          </IconStyle>
        </Style>
        <Point>
          <altitudeMode>clampToGround</altitudeMode>
          <coordinates>114.15078138001263141632080078125,22.2709207423031330108642578125, 750.4000244140625</coordinates>
        </Point>
      </Placemark>
      <Placemark>
        <TimeSpan>
          <begin>2026-02-15T09:36:26+08:00</begin>
          <end>2026-02-15T09:36:30+08:00</end>
        </TimeSpan>
        <Style>
          <IconStyle>
            <color>FF00FFFF</color>
            <scale>0.9</scale>
            <Icon>
              <href>http://maps.google.com/mapfiles/kml/shapes/placemark_circle.png</href>
            </Icon>
          </IconStyle>
        </Style>
        <Point>
          <altitudeMode>clampToGround</altitudeMode>
          <coordinates>114.15073930285871028900146484375,22.2709361650049686431884765625, 750.20001220703125</coordinates>
        </Point>
      </Placemark>
      <Placemark>
        <TimeSpan>
          <begin>2026-02-15T09:36:30+08:00</begin>
          <end>2026-02-15T09:36:32+08:00</end>
        </TimeSpan>
        <Style>
          <IconStyle>
            <color>FF00FFFF</color>
            <scale>0.9</scale>
            <Icon>
              <href>http://maps.google.com/mapfiles/kml/shapes/placemark_circle.png</href>
            </Icon>
          </IconStyle>
        </Style>
        <Point>
          <altitudeMode>clampToGround</altitudeMode>
          <coordinates>114.15073276497423648834228515625,22.27094404399394989013671875, 750.20001220703125</coordinates>
        </Point>
      </Placemark>
      <Placemark>
        <TimeSpan>
          <begin>2026-02-15T09:36:32+08:00</begin>
          <end>2026-02-15T09:36:35+08:00</end>
        </TimeSpan>
        <Style>
          <IconStyle>
            <color>FF00FFFF</color>
            <scale>0.9</scale>
            <Icon>
              <href>http://maps.google.com/mapfiles/kml/shapes/placemark_circle.png</href>
            </Icon>
          </IconStyle>
        </Style>
        <Point>
          <altitudeMode>clampToGround</altitudeMode>
          <coordinates>114.1507244668900966644287109375,22.2709472291171550750732421875, 750</coordinates>
        </Point>
      </Placemark>
      <Placemark>
        <TimeSpan>
          <begin>2026-02-15T09:36:35+08:00</begin>
          <end>2026-02-15T09:36:40+08:00</end>
        </TimeSpan>
        <Style>
          <IconStyle>
            <color>FF00FFFF</color>
            <scale>0.9</scale>
            <Icon>
              <href>http://maps.google.com/mapfiles/kml/shapes/placemark_circle.png</href>
            </Icon>
          </IconStyle>
        </Style>
        <Point>
          <altitudeMode>clampToGround</altitudeMode>
          <coordinates>114.15071013383567333221435546875,22.2709445469081401824951171875, 750</coordinates>
        </Point>
      </Placemark>
      <Placemark>
        <TimeSpan>
          <begin>2026-02-15T09:36:40+08:00</begin>
          <end>2026-02-15T09:36:47+08:00</end>
        </TimeSpan>
        <Style>
          <IconStyle>
            <color>FF00FFFF</color>
            <scale>0.9</scale>
            <Icon>
              <href>http://maps.google.com/mapfiles/kml/shapes/placemark_circle.png</href>
            </Icon>
          </IconStyle>
        </Style>
        <Point>
          <altitudeMode>clampToGround</altitudeMode>
          <coordinates>114.15072203613817691802978515625,22.270950414240360260009765625, 750</coordinates>
        </Point>
      </Placemark>
      <Placemark>
        <TimeSpan>
          <begin>2026-02-15T09:36:47+08:00</begin>
          <end>2026-02-15T09:36:54+08:00</end>
        </TimeSpan>
        <Style>
          <IconStyle>
            <color>FF00FFFF</color>
            <scale>0.9</scale>
            <Icon>
              <href>http://maps.google.com/mapfiles/kml/shapes/placemark_circle.png</href>
            </Icon>
          </IconStyle>
        </Style>
        <Point>
          <altitudeMode>clampToGround</altitudeMode>
          <coordinates>114.150728322565555572509765625,22.270968854427337646484375, 749.79998779296875</coordinates>
        </Point>
      </Placemark>
      <Placemark>
        <TimeSpan>
          <begin>2026-02-15T09:36:54+08:00</begin>
          <end>2026-02-15T09:36:55+08:00</end>
        </TimeSpan>
        <Style>
          <IconStyle>
            <color>FF00FFFF</color>
            <scale>0.9</scale>
            <Icon>
              <href>http://maps.google.com/mapfiles/kml/shapes/placemark_circle.png</href>
            </Icon>
          </IconStyle>
        </Style>
        <Point>
          <altitudeMode>clampToGround</altitudeMode>
          <coordinates>114.150728322565555572509765625,22.27096893824636936187744140625, 749.79998779296875</coordinates>
        </Point>
      </Placemark>
      <Placemark>
        <TimeSpan>
          <begin>2026-02-15T09:36:55+08:00</begin>
          <end>2026-02-15T09:37:01+08:00</end>
        </TimeSpan>
        <Style>
          <IconStyle>
            <color>FF00FFFF</color>
            <scale>0.9</scale>
            <Icon>
              <href>http://maps.google.com/mapfiles/kml/shapes/placemark_circle.png</href>
            </Icon>
          </IconStyle>
        </Style>
        <Point>
          <altitudeMode>clampToGround</altitudeMode>
          <coordinates>114.1507268138229846954345703125,22.2709666751325130462646484375, 749.5999755859375</coordinates>
        </Point>
      </Placemark>
      <Placemark>
        <TimeSpan>
          <begin>2026-02-15T09:37:01+08:00</begin>
          <end>2026-02-15T09:37:03+08:00</end>
        </TimeSpan>
        <Style>
          <IconStyle>
            <color>FF00FFFF</color>
            <scale>0.9</scale>
            <Icon>
              <href>http://maps.google.com/mapfiles/kml/shapes/placemark_circle.png</href>
            </Icon>
          </IconStyle>
        </Style>
        <Point>
          <altitudeMode>clampToGround</altitudeMode>
          <coordinates>114.1507271490991115570068359375,22.2709653340280055999755859375, 749.5999755859375</coordinates>
        </Point>
      </Placemark>
      <Placemark>
        <TimeSpan>
          <begin>2026-02-15T09:37:03+08:00</begin>
          <end>2026-02-15T09:37:08+08:00</end>
        </TimeSpan>
        <Style>
          <IconStyle>
            <color>FF00FFFF</color>
            <scale>0.9</scale>
            <Icon>
              <href>http://maps.google.com/mapfiles/kml/shapes/placemark_circle.png</href>
            </Icon>
          </IconStyle>
        </Style>
        <Point>
          <altitudeMode>clampToGround</altitudeMode>
          <coordinates>114.15075271390378475189208984375,22.27096508257091045379638671875, 749.5999755859375</coordinates>
        </Point>
      </Placemark>
      <Placemark>
        <TimeSpan>
          <begin>2026-02-15T09:37:08+08:00</begin>
          <end>2026-02-15T09:37:11+08:00</end>
        </TimeSpan>
        <Style>
          <IconStyle>
            <color>FF00FFFF</color>
            <scale>0.9</scale>
            <Icon>
              <href>http://maps.google.com/mapfiles/kml/shapes/placemark_circle.png</href>
            </Icon>
          </IconStyle>
        </Style>
        <Point>
          <altitudeMode>clampToGround</altitudeMode>
          <coordinates>114.15075154043734073638916015625,22.27096256799995899200439453125, 750</coordinates>
        </Point>
      </Placemark>
      <Placemark>
        <TimeSpan>
          <begin>2026-02-15T09:37:11+08:00</begin>
          <end>2026-02-15T09:37:14+08:00</end>
        </TimeSpan>
        <Style>
          <IconStyle>
            <color>FF00FFFF</color>
            <scale>0.9</scale>
            <Icon>
              <href>http://maps.google.com/mapfiles/kml/shapes/placemark_circle.png</href>
            </Icon>
          </IconStyle>
        </Style>
        <Point>
          <altitudeMode>clampToGround</altitudeMode>
          <coordinates>114.1507355310022830963134765625,22.27094295434653759002685546875, 750.4000244140625</coordinates>
        </Point>
      </Placemark>
      <Placemark>
        <TimeSpan>
          <begin>2026-02-15T09:37:14+08:00</begin>
          <end>2026-02-15T09:37:15+08:00</end>
        </TimeSpan>
        <Style>
          <IconStyle>
            <color>FF00FFFF</color>
            <scale>0.9</scale>
            <Icon>
              <href>http://maps.google.com/mapfiles/kml/shapes/placemark_circle.png</href>
            </Icon>
          </IconStyle>
        </Style>
        <Point>
          <altitudeMode>clampToGround</altitudeMode>
          <coordinates>114.15072455070912837982177734375,22.27093842811882495880126953125, 750.4000244140625</coordinates>
        </Point>
      </Placemark>
      <Placemark>
        <TimeSpan>
          <begin>2026-02-15T09:37:15+08:00</begin>
          <end>2026-02-15T09:37:18+08:00</end>
        </TimeSpan>
        <Style>
          <IconStyle>
            <color>FF00FFFF</color>
            <scale>0.9</scale>
            <Icon>
              <href>http://maps.google.com/mapfiles/kml/shapes/placemark_circle.png</href>
            </Icon>
          </IconStyle>
        </Style>
        <Point>
          <altitudeMode>clampToGround</altitudeMode>
          <coordinates>114.150690101087093353271484375,22.27093331515789031982421875, 750</coordinates>
        </Point>
      </Placemark>
      <Placemark>
        <TimeSpan>
          <begin>2026-02-15T09:37:18+08:00</begin>
          <end>2026-02-15T09:37:19+08:00</end>
        </TimeSpan>
        <Style>
          <IconStyle>
            <color>FF00FFFF</color>
            <scale>0.9</scale>
            <Icon>
              <href>http://maps.google.com/mapfiles/kml/shapes/placemark_circle.png</href>
            </Icon>
          </IconStyle>
        </Style>
        <Point>
          <altitudeMode>clampToGround</altitudeMode>
          <coordinates>114.15068197064101696014404296875,22.27093733847141265869140625, 750</coordinates>
        </Point>
      </Placemark>
      <Placemark>
        <TimeSpan>
          <begin>2026-02-15T09:37:19+08:00</begin>
          <end>2026-02-15T09:37:20+08:00</end>
        </TimeSpan>
        <Style>
          <IconStyle>
            <color>FF00FFFF</color>
            <scale>0.9</scale>
            <Icon>
              <href>http://maps.google.com/mapfiles/kml/shapes/placemark_circle.png</href>
            </Icon>
          </IconStyle>
        </Style>
        <Point>
          <altitudeMode>clampToGround</altitudeMode>
          <coordinates>114.15067325346171855926513671875,22.27094043977558612823486328125, 750</coordinates>
        </Point>
      </Placemark>
      <Placemark>
        <TimeSpan>
          <begin>2026-02-15T09:37:20+08:00</begin>
          <end>2026-02-15T09:37:27+08:00</end>
        </TimeSpan>
        <Style>
          <IconStyle>
            <color>FF00FFFF</color>
            <scale>0.9</scale>
            <Icon>
              <href>http://maps.google.com/mapfiles/kml/shapes/placemark_circle.png</href>
            </Icon>
          </IconStyle>
        </Style>
        <Point>
          <altitudeMode>clampToGround</altitudeMode>
          <coordinates>114.15057753212749958038330078125,22.27095770649611949920654296875, 749.20001220703125</coordinates>
        </Point>
      </Placemark>
      <Placemark>
        <TimeSpan>
          <begin>2026-02-15T09:37:27+08:00</begin>
          <end>2026-02-15T09:37:28+08:00</end>
        </TimeSpan>
        <Style>
          <IconStyle>
            <color>FF00FFFF</color>
            <scale>0.9</scale>
            <Icon>
              <href>http://maps.google.com/mapfiles/kml/shapes/placemark_circle.png</href>
            </Icon>
          </IconStyle>
        </Style>
        <Point>
          <altitudeMode>clampToGround</altitudeMode>
          <coordinates>114.15056906640529632568359375,22.27096038870513439178466796875, 748.79998779296875</coordinates>
        </Point>
      </Placemark>
      <Placemark>
        <TimeSpan>
          <begin>2026-02-15T09:37:28+08:00</begin>
          <end>2026-02-15T09:37:29+08:00</end>
        </TimeSpan>
        <Style>
          <IconStyle>
            <color>FF00FFFF</color>
            <scale>0.9</scale>
            <Icon>
              <href>http://maps.google.com/mapfiles/kml/shapes/placemark_circle.png</href>
            </Icon>
          </IconStyle>
        </Style>
        <Point>
          <altitudeMode>clampToGround</altitudeMode>
          <coordinates>114.1505611874163150787353515625,22.27096474729478359222412109375, 748.5999755859375</coordinates>
        </Point>
      </Placemark>
      <Placemark>
        <TimeSpan>
          <begin>2026-02-15T09:37:29+08:00</begin>
          <end>2026-02-15T09:37:30+08:00</end>
        </TimeSpan>
        <Style>
          <IconStyle>
            <color>FF00FFFF</color>
            <scale>0.9</scale>
            <Icon>
              <href>http://maps.google.com/mapfiles/kml/shapes/placemark_circle.png</href>
            </Icon>
          </IconStyle>
        </Style>
        <Point>
          <altitudeMode>clampToGround</altitudeMode>
          <coordinates>114.15055423043668270111083984375,22.2709723748266696929931640625, 748.5999755859375</coordinates>
        </Point>
      </Placemark>
      <Placemark>
        <TimeSpan>
          <begin>2026-02-15T09:37:30+08:00</begin>
          <end>2026-02-15T09:37:32+08:00</end>
        </TimeSpan>
        <Style>
          <IconStyle>
            <color>FF00FFFF</color>
            <scale>0.9</scale>
            <Icon>
              <href>http://maps.google.com/mapfiles/kml/shapes/placemark_circle.png</href>
            </Icon>
          </IconStyle>
        </Style>
        <Point>
          <altitudeMode>clampToGround</altitudeMode>
          <coordinates>114.15052774362266063690185546875,22.27096742950379848480224609375, 748.4000244140625</coordinates>
        </Point>
      </Placemark>
      <Placemark>
        <TimeSpan>
          <begin>2026-02-15T09:37:32+08:00</begin>
          <end>2026-02-15T09:37:33+08:00</end>
        </TimeSpan>
        <Style>
          <IconStyle>
            <color>FF00FFFF</color>
            <scale>0.9</scale>
            <Icon>
              <href>http://maps.google.com/mapfiles/kml/shapes/placemark_circle.png</href>
            </Icon>
          </IconStyle>
        </Style>
        <Point>
          <altitudeMode>clampToGround</altitudeMode>
          <coordinates>114.150509051978588104248046875,22.27096374146640300750732421875, 748.4000244140625</coordinates>
        </Point>
      </Placemark>
      <Placemark>
        <TimeSpan>
          <begin>2026-02-15T09:37:33+08:00</begin>
          <end>2026-02-15T09:37:39+08:00</end>
        </TimeSpan>
        <Style>
          <IconStyle>
            <color>FF00FFFF</color>
            <scale>0.9</scale>
            <Icon>
              <href>http://maps.google.com/mapfiles/kml/shapes/placemark_circle.png</href>
            </Icon>
          </IconStyle>
        </Style>
        <Point>
          <altitudeMode>clampToGround</altitudeMode>
          <coordinates>114.15043252520263195037841796875,22.2709861211478710174560546875, 748</coordinates>
        </Point>
      </Placemark>
      <Placemark>
        <TimeSpan>
          <begin>2026-02-15T09:37:39+08:00</begin>
          <end>2026-02-15T09:37:45+08:00</end>
        </TimeSpan>
        <Style>
          <IconStyle>
            <color>FF00FFFF</color>
            <scale>0.9</scale>
            <Icon>
              <href>http://maps.google.com/mapfiles/kml/shapes/placemark_circle.png</href>
            </Icon>
          </IconStyle>
        </Style>
        <Point>
          <altitudeMode>clampToGround</altitudeMode>
          <coordinates>114.15033973753452301025390625,22.2710032202303409576416015625, 748</coordinates>
        </Point>
      </Placemark>
      <Placemark>
        <TimeSpan>
          <begin>2026-02-15T09:37:45+08:00</begin>
          <end>2026-02-15T09:37:50+08:00</end>
        </TimeSpan>
        <Style>
          <IconStyle>
            <color>FF00FFFF</color>
            <scale>0.9</scale>
            <Icon>
              <href>http://maps.google.com/mapfiles/kml/shapes/placemark_circle.png</href>
            </Icon>
          </IconStyle>
        </Style>
        <Point>
          <altitudeMode>clampToGround</altitudeMode>
          <coordinates>114.15028148330748081207275390625,22.27104051969945430755615234375, 747.5999755859375</coordinates>
        </Point>
      </Placemark>
      <Placemark>
        <TimeSpan>
          <begin>2026-02-15T09:37:50+08:00</begin>
          <end>2026-02-15T09:37:51+08:00</end>
        </TimeSpan>
        <Style>
          <IconStyle>
            <color>FF00FFFF</color>
            <scale>0.9</scale>
            <Icon>
              <href>http://maps.google.com/mapfiles/kml/shapes/placemark_circle.png</href>
            </Icon>
          </IconStyle>
        </Style>
        <Point>
          <altitudeMode>clampToGround</altitudeMode>
          <coordinates>114.15027108974754810333251953125,22.271040938794612884521484375, 747.5999755859375</coordinates>
        </Point>
      </Placemark>
      <Placemark>
        <TimeSpan>
          <begin>2026-02-15T09:37:51+08:00</begin>
          <end>2026-02-15T09:37:53+08:00</end>
        </TimeSpan>
        <Style>
          <IconStyle>
            <color>FF00FFFF</color>
            <scale>0.9</scale>
            <Icon>
              <href>http://maps.google.com/mapfiles/kml/shapes/placemark_circle.png</href>
            </Icon>
          </IconStyle>
        </Style>
        <Point>
          <altitudeMode>clampToGround</altitudeMode>
          <coordinates>114.1502523981034755706787109375,22.27104068733751773834228515625, 747.4000244140625</coordinates>
        </Point>
      </Placemark>
      <Placemark>
        <TimeSpan>
          <begin>2026-02-15T09:37:53+08:00</begin>
          <end>2026-02-15T09:37:56+08:00</end>
        </TimeSpan>
        <Style>
          <IconStyle>
            <color>FF00FFFF</color>
            <scale>0.9</scale>
            <Icon>
              <href>http://maps.google.com/mapfiles/kml/shapes/placemark_circle.png</href>
            </Icon>
          </IconStyle>
        </Style>
        <Point>
          <altitudeMode>clampToGround</altitudeMode>
          <coordinates>114.1501987539231777191162109375,22.2710573673248291015625, 747.4000244140625</coordinates>
        </Point>
      </Placemark>
      <Placemark>
        <TimeSpan>
          <begin>2026-02-15T09:37:56+08:00</begin>
          <end>2026-02-15T09:37:58+08:00</end>
        </TimeSpan>
        <Style>
          <IconStyle>
            <color>FF00FFFF</color>
            <scale>0.9</scale>
            <Icon>
              <href>http://maps.google.com/mapfiles/kml/shapes/placemark_circle.png</href>
            </Icon>
          </IconStyle>
        </Style>
        <Point>
          <altitudeMode>clampToGround</altitudeMode>
          <coordinates>114.15016832761466503143310546875,22.27104588411748409271240234375, 747.4000244140625</coordinates>
        </Point>
      </Placemark>
      <Placemark>
        <TimeSpan>
          <begin>2026-02-15T09:37:58+08:00</begin>
          <end>2026-02-15T09:38:01+08:00</end>
        </TimeSpan>
        <Style>
          <IconStyle>
            <color>FF00FFFF</color>
            <scale>0.9</scale>
            <Icon>
              <href>http://maps.google.com/mapfiles/kml/shapes/placemark_circle.png</href>
            </Icon>
          </IconStyle>
        </Style>
        <Point>
          <altitudeMode>clampToGround</altitudeMode>
          <coordinates>114.1501350514590740203857421875,22.271032892167568206787109375, 747.20001220703125</coordinates>
        </Point>
      </Placemark>
      <Placemark>
        <TimeSpan>
          <begin>2026-02-15T09:38:01+08:00</begin>
          <end>2026-02-15T09:38:02+08:00</end>
        </TimeSpan>
        <Style>
          <IconStyle>
            <color>FF00FFFF</color>
            <scale>0.9</scale>
            <Icon>
              <href>http://maps.google.com/mapfiles/kml/shapes/placemark_circle.png</href>
            </Icon>
          </IconStyle>
        </Style>
        <Point>
          <altitudeMode>clampToGround</altitudeMode>
          <coordinates>114.150118120014667510986328125,22.27102585136890411376953125, 747.4000244140625</coordinates>
        </Point>
      </Placemark>
      <Placemark>
        <TimeSpan>
          <begin>2026-02-15T09:38:02+08:00</begin>
          <end>2026-02-15T09:38:07+08:00</end>
        </TimeSpan>
        <Style>
          <IconStyle>
            <color>FF00FFFF</color>
            <scale>0.9</scale>
            <Icon>
              <href>http://maps.google.com/mapfiles/kml/shapes/placemark_circle.png</href>
            </Icon>
          </IconStyle>
        </Style>
        <Point>
          <altitudeMode>clampToGround</altitudeMode>
          <coordinates>114.15005450136959552764892578125,22.27100833319127559661865234375, 747.5999755859375</coordinates>
        </Point>
      </Placemark>
      <Placemark>
        <TimeSpan>
          <begin>2026-02-15T09:38:07+08:00</begin>
          <end>2026-02-15T09:38:10+08:00</end>
        </TimeSpan>
        <Style>
          <IconStyle>
            <color>FF00FFFF</color>
            <scale>0.9</scale>
            <Icon>
              <href>http://maps.google.com/mapfiles/kml/shapes/placemark_circle.png</href>
            </Icon>
          </IconStyle>
        </Style>
        <Point>
          <altitudeMode>clampToGround</altitudeMode>
          <coordinates>114.15002030320465564727783203125,22.2709961794316768646240234375, 747.5999755859375</coordinates>
        </Point>
      </Placemark>
      <Placemark>
        <TimeSpan>
          <begin>2026-02-15T09:38:10+08:00</begin>
          <end>2026-02-15T09:38:11+08:00</end>
        </TimeSpan>
        <Style>
          <IconStyle>
            <color>FF00FFFF</color>
            <scale>0.9</scale>
            <Icon>
              <href>http://maps.google.com/mapfiles/kml/shapes/placemark_circle.png</href>
            </Icon>
          </IconStyle>
        </Style>
        <Point>
          <altitudeMode>clampToGround</altitudeMode>
          <coordinates>114.15001359768211841583251953125,22.270994670689105987548828125, 747.5999755859375</coordinates>
        </Point>
      </Placemark>
      <Placemark>
        <TimeSpan>
          <begin>2026-02-15T09:38:11+08:00</begin>
          <end>2026-02-15T09:38:12+08:00</end>
        </TimeSpan>
        <Style>
          <IconStyle>
            <color>FF00FFFF</color>
            <scale>0.9</scale>
            <Icon>
              <href>http://maps.google.com/mapfiles/kml/shapes/placemark_circle.png</href>
            </Icon>
          </IconStyle>
        </Style>
        <Point>
          <altitudeMode>clampToGround</altitudeMode>
          <coordinates>114.1500109992921352386474609375,22.27098201401531696319580078125, 747.5999755859375</coordinates>
        </Point>
      </Placemark>
      <Placemark>
        <TimeSpan>
          <begin>2026-02-15T09:38:12+08:00</begin>
          <end>2026-02-15T09:38:13+08:00</end>
        </TimeSpan>
        <Style>
          <IconStyle>
            <color>FF00FFFF</color>
            <scale>0.9</scale>
            <Icon>
              <href>http://maps.google.com/mapfiles/kml/shapes/placemark_circle.png</href>
            </Icon>
          </IconStyle>
        </Style>
        <Point>
          <altitudeMode>clampToGround</altitudeMode>
          <coordinates>114.150006808340549468994140625,22.27096843533217906951904296875, 747.5999755859375</coordinates>
        </Point>
      </Placemark>
      <Placemark>
        <TimeSpan>
          <begin>2026-02-15T09:38:13+08:00</begin>
          <end>2026-02-15T09:38:15+08:00</end>
        </TimeSpan>
        <Style>
          <IconStyle>
            <color>FF00FFFF</color>
            <scale>0.9</scale>
            <Icon>
              <href>http://maps.google.com/mapfiles/kml/shapes/placemark_circle.png</href>
            </Icon>
          </IconStyle>
        </Style>
        <Point>
          <altitudeMode>clampToGround</altitudeMode>
          <coordinates>114.14999146945774555206298828125,22.2709666751325130462646484375, 747.4000244140625</coordinates>
        </Point>
      </Placemark>
      <Placemark>
        <TimeSpan>
          <begin>2026-02-15T09:38:15+08:00</begin>
          <end>2026-02-15T09:38:16+08:00</end>
        </TimeSpan>
        <Style>
          <IconStyle>
            <color>FF00FFFF</color>
            <scale>0.9</scale>
            <Icon>
              <href>http://maps.google.com/mapfiles/kml/shapes/placemark_circle.png</href>
            </Icon>
          </IconStyle>
        </Style>
        <Point>
          <altitudeMode>clampToGround</altitudeMode>
          <coordinates>114.1499985940754413604736328125,22.27095074951648712158203125, 747.4000244140625</coordinates>
        </Point>
      </Placemark>
      <Placemark>
        <TimeSpan>
          <begin>2026-02-15T09:38:16+08:00</begin>
          <end>2026-02-15T09:38:19+08:00</end>
        </TimeSpan>
        <Style>
          <IconStyle>
            <color>FF00FFFF</color>
            <scale>0.9</scale>
            <Icon>
              <href>http://maps.google.com/mapfiles/kml/shapes/placemark_circle.png</href>
            </Icon>
          </IconStyle>
        </Style>
        <Point>
          <altitudeMode>clampToGround</altitudeMode>
          <coordinates>114.14999767206609249114990234375,22.2709019668400287628173828125, 747.4000244140625</coordinates>
        </Point>
      </Placemark>
      <Placemark>
        <TimeSpan>
          <begin>2026-02-15T09:38:19+08:00</begin>
          <end>2026-02-15T09:38:21+08:00</end>
        </TimeSpan>
        <Style>
          <IconStyle>
            <color>FF00FFFF</color>
            <scale>0.9</scale>
            <Icon>
              <href>http://maps.google.com/mapfiles/kml/shapes/placemark_circle.png</href>
            </Icon>
          </IconStyle>
        </Style>
        <Point>
          <altitudeMode>clampToGround</altitudeMode>
          <coordinates>114.149974286556243896484375,22.27088947780430316925048828125, 747.5999755859375</coordinates>
        </Point>
      </Placemark>
      <Placemark>
        <TimeSpan>
          <begin>2026-02-15T09:38:21+08:00</begin>
          <end>2026-02-15T09:38:26+08:00</end>
        </TimeSpan>
        <Style>
          <IconStyle>
            <color>FF00FFFF</color>
            <scale>0.9</scale>
            <Icon>
              <href>http://maps.google.com/mapfiles/kml/shapes/placemark_circle.png</href>
            </Icon>
          </IconStyle>
        </Style>
        <Point>
          <altitudeMode>clampToGround</altitudeMode>
          <coordinates>114.14989122189581394195556640625,22.2708530165255069732666015625, 748</coordinates>
        </Point>
      </Placemark>
      <Placemark>
        <TimeSpan>
          <begin>2026-02-15T09:38:26+08:00</begin>
          <end>2026-02-15T09:38:31+08:00</end>
        </TimeSpan>
        <Style>
          <IconStyle>
            <color>FF00FFFF</color>
            <scale>0.9</scale>
            <Icon>
              <href>http://maps.google.com/mapfiles/kml/shapes/placemark_circle.png</href>
            </Icon>
          </IconStyle>
        </Style>
        <Point>
          <altitudeMode>clampToGround</altitudeMode>
          <coordinates>114.14986590854823589324951171875,22.27083063684403896331787109375, 747.79998779296875</coordinates>
        </Point>
      </Placemark>
      <Placemark>
        <TimeSpan>
          <begin>2026-02-15T09:38:31+08:00</begin>
          <end>2026-02-15T09:38:32+08:00</end>
        </TimeSpan>
        <Style>
          <IconStyle>
            <color>FF00FFFF</color>
            <scale>0.9</scale>
            <Icon>
              <href>http://maps.google.com/mapfiles/kml/shapes/placemark_circle.png</href>
            </Icon>
          </IconStyle>
        </Style>
        <Point>
          <altitudeMode>clampToGround</altitudeMode>
          <coordinates>114.1498611308634281158447265625,22.27082275785505771636962890625, 747.79998779296875</coordinates>
        </Point>
      </Placemark>
      <Placemark>
        <TimeSpan>
          <begin>2026-02-15T09:38:32+08:00</begin>
          <end>2026-02-15T09:38:35+08:00</end>
        </TimeSpan>
        <Style>
          <IconStyle>
            <color>FF00FFFF</color>
            <scale>0.9</scale>
            <Icon>
              <href>http://maps.google.com/mapfiles/kml/shapes/placemark_circle.png</href>
            </Icon>
          </IconStyle>
        </Style>
        <Point>
          <altitudeMode>clampToGround</altitudeMode>
          <coordinates>114.1498416848480701446533203125,22.270797193050384521484375, 747.79998779296875</coordinates>
        </Point>
      </Placemark>
      <Placemark>
        <TimeSpan>
          <begin>2026-02-15T09:38:35+08:00</begin>
          <end>2026-02-15T09:38:37+08:00</end>
        </TimeSpan>
        <Style>
          <IconStyle>
            <color>FF00FFFF</color>
            <scale>0.9</scale>
            <Icon>
              <href>http://maps.google.com/mapfiles/kml/shapes/placemark_circle.png</href>
            </Icon>
          </IconStyle>
        </Style>
        <Point>
          <altitudeMode>clampToGround</altitudeMode>
          <coordinates>114.149834811687469482421875,22.270786128938198089599609375, 747.79998779296875</coordinates>
        </Point>
      </Placemark>
      <Placemark>
        <TimeSpan>
          <begin>2026-02-15T09:38:37+08:00</begin>
          <end>2026-02-15T09:38:38+08:00</end>
        </TimeSpan>
        <Style>
          <IconStyle>
            <color>FF00FFFF</color>
            <scale>0.9</scale>
            <Icon>
              <href>http://maps.google.com/mapfiles/kml/shapes/placemark_circle.png</href>
            </Icon>
          </IconStyle>
        </Style>
        <Point>
          <altitudeMode>clampToGround</altitudeMode>
          <coordinates>114.14982718415558338165283203125,22.27078118361532688140869140625, 747.79998779296875</coordinates>
        </Point>
      </Placemark>
      <Placemark>
        <TimeSpan>
          <begin>2026-02-15T09:38:38+08:00</begin>
          <end>2026-02-15T09:38:40+08:00</end>
        </TimeSpan>
        <Style>
          <IconStyle>
            <color>FF00FFFF</color>
            <scale>0.9</scale>
            <Icon>
              <href>http://maps.google.com/mapfiles/kml/shapes/placemark_circle.png</href>
            </Icon>
          </IconStyle>
        </Style>
        <Point>
          <altitudeMode>clampToGround</altitudeMode>
          <coordinates>114.14981067180633544921875,22.270771376788616180419921875, 748</coordinates>
        </Point>
      </Placemark>
      <Placemark>
        <TimeSpan>
          <begin>2026-02-15T09:38:40+08:00</begin>
          <end>2026-02-15T09:38:45+08:00</end>
        </TimeSpan>
        <Style>
          <IconStyle>
            <color>FF00FFFF</color>
            <scale>0.9</scale>
            <Icon>
              <href>http://maps.google.com/mapfiles/kml/shapes/placemark_circle.png</href>
            </Icon>
          </IconStyle>
        </Style>
        <Point>
          <altitudeMode>clampToGround</altitudeMode>
          <coordinates>114.149762727320194244384765625,22.27074413560330867767333984375, 747.79998779296875</coordinates>
        </Point>
      </Placemark>
      <Placemark>
        <TimeSpan>
          <begin>2026-02-15T09:38:45+08:00</begin>
          <end>2026-02-15T09:38:52+08:00</end>
        </TimeSpan>
        <Style>
          <IconStyle>
            <color>FF00FFFF</color>
            <scale>0.9</scale>
            <Icon>
              <href>http://maps.google.com/mapfiles/kml/shapes/placemark_circle.png</href>
            </Icon>
          </IconStyle>
        </Style>
        <Point>
          <altitudeMode>clampToGround</altitudeMode>
          <coordinates>114.14969759993255138397216796875,22.27071496658027172088623046875, 747.79998779296875</coordinates>
        </Point>
      </Placemark>
      <Placemark>
        <TimeSpan>
          <begin>2026-02-15T09:38:52+08:00</begin>
          <end>2026-02-15T09:38:54+08:00</end>
        </TimeSpan>
        <Style>
          <IconStyle>
            <color>FF00FFFF</color>
            <scale>0.9</scale>
            <Icon>
              <href>http://maps.google.com/mapfiles/kml/shapes/placemark_circle.png</href>
            </Icon>
          </IconStyle>
        </Style>
        <Point>
          <altitudeMode>clampToGround</altitudeMode>
          <coordinates>114.149681590497493743896484375,22.27070398628711700439453125, 747.79998779296875</coordinates>
        </Point>
      </Placemark>
      <Placemark>
        <TimeSpan>
          <begin>2026-02-15T09:38:54+08:00</begin>
          <end>2026-02-15T09:38:57+08:00</end>
        </TimeSpan>
        <Style>
          <IconStyle>
            <color>FF00FFFF</color>
            <scale>0.9</scale>
            <Icon>
              <href>http://maps.google.com/mapfiles/kml/shapes/placemark_circle.png</href>
            </Icon>
          </IconStyle>
        </Style>
        <Point>
          <altitudeMode>clampToGround</altitudeMode>
          <coordinates>114.149656109511852264404296875,22.27069191634654998779296875, 747.5999755859375</coordinates>
        </Point>
      </Placemark>
      <Placemark>
        <TimeSpan>
          <begin>2026-02-15T09:38:57+08:00</begin>
          <end>2026-02-15T09:38:59+08:00</end>
        </TimeSpan>
        <Style>
          <IconStyle>
            <color>FF00FFFF</color>
            <scale>0.9</scale>
            <Icon>
              <href>http://maps.google.com/mapfiles/kml/shapes/placemark_circle.png</href>
            </Icon>
          </IconStyle>
        </Style>
        <Point>
          <altitudeMode>clampToGround</altitudeMode>
          <coordinates>114.14964638650417327880859375,22.27068529464304447174072265625, 747.5999755859375</coordinates>
        </Point>
      </Placemark>
      <Placemark>
        <TimeSpan>
          <begin>2026-02-15T09:38:59+08:00</begin>
          <end>2026-02-15T09:39:04+08:00</end>
        </TimeSpan>
        <Style>
          <IconStyle>
            <color>FF00FFFF</color>
            <scale>0.9</scale>
            <Icon>
              <href>http://maps.google.com/mapfiles/kml/shapes/placemark_circle.png</href>
            </Icon>
          </IconStyle>
        </Style>
        <Point>
          <altitudeMode>clampToGround</altitudeMode>
          <coordinates>114.14962082169950008392333984375,22.27066869847476482391357421875, 747</coordinates>
        </Point>
      </Placemark>
      <Placemark>
        <TimeSpan>
          <begin>2026-02-15T09:39:04+08:00</begin>
          <end>2026-02-15T09:39:07+08:00</end>
        </TimeSpan>
        <Style>
          <IconStyle>
            <color>FF00FFFF</color>
            <scale>0.9</scale>
            <Icon>
              <href>http://maps.google.com/mapfiles/kml/shapes/placemark_circle.png</href>
            </Icon>
          </IconStyle>
        </Style>
        <Point>
          <altitudeMode>clampToGround</altitudeMode>
          <coordinates>114.149605818092823028564453125,22.27066149003803730010986328125, 746.5999755859375</coordinates>
        </Point>
      </Placemark>
      <Placemark>
        <TimeSpan>
          <begin>2026-02-15T09:39:07+08:00</begin>
          <end>2026-02-15T09:39:08+08:00</end>
        </TimeSpan>
        <Style>
          <IconStyle>
            <color>FF00FFFF</color>
            <scale>0.9</scale>
            <Icon>
              <href>http://maps.google.com/mapfiles/kml/shapes/placemark_circle.png</href>
            </Icon>
          </IconStyle>
        </Style>
        <Point>
          <altitudeMode>clampToGround</altitudeMode>
          <coordinates>114.14960003457963466644287109375,22.27065864019095897674560546875, 746.5999755859375</coordinates>
        </Point>
      </Placemark>
      <Placemark>
        <TimeSpan>
          <begin>2026-02-15T09:39:08+08:00</begin>
          <end>2026-02-15T09:39:10+08:00</end>
        </TimeSpan>
        <Style>
          <IconStyle>
            <color>FF00FFFF</color>
            <scale>0.9</scale>
            <Icon>
              <href>http://maps.google.com/mapfiles/kml/shapes/placemark_circle.png</href>
            </Icon>
          </IconStyle>
        </Style>
        <Point>
          <altitudeMode>clampToGround</altitudeMode>
          <coordinates>114.14958444423973560333251953125,22.27065503597259521484375, 746.20001220703125</coordinates>
        </Point>
      </Placemark>
      <Placemark>
        <TimeSpan>
          <begin>2026-02-15T09:39:10+08:00</begin>
          <end>2026-02-15T09:39:12+08:00</end>
        </TimeSpan>
        <Style>
          <IconStyle>
            <color>FF00FFFF</color>
            <scale>0.9</scale>
            <Icon>
              <href>http://maps.google.com/mapfiles/kml/shapes/placemark_circle.png</href>
            </Icon>
          </IconStyle>
        </Style>
        <Point>
          <altitudeMode>clampToGround</altitudeMode>
          <coordinates>114.149564914405345916748046875,22.2706424631178379058837890625, 745.20001220703125</coordinates>
        </Point>
      </Placemark>
      <Placemark>
        <TimeSpan>
          <begin>2026-02-15T09:39:12+08:00</begin>
          <end>2026-02-15T09:39:14+08:00</end>
        </TimeSpan>
        <Style>
          <IconStyle>
            <color>FF00FFFF</color>
            <scale>0.9</scale>
            <Icon>
              <href>http://maps.google.com/mapfiles/kml/shapes/placemark_circle.png</href>
            </Icon>
          </IconStyle>
        </Style>
        <Point>
          <altitudeMode>clampToGround</altitudeMode>
          <coordinates>114.1495379246771335601806640625,22.270629890263080596923828125, 744.79998779296875</coordinates>
        </Point>
      </Placemark>
      <Placemark>
        <TimeSpan>
          <begin>2026-02-15T09:39:14+08:00</begin>
          <end>2026-02-15T09:39:15+08:00</end>
        </TimeSpan>
        <Style>
          <IconStyle>
            <color>FF00FFFF</color>
            <scale>0.9</scale>
            <Icon>
              <href>http://maps.google.com/mapfiles/kml/shapes/placemark_circle.png</href>
            </Icon>
          </IconStyle>
        </Style>
        <Point>
          <altitudeMode>clampToGround</altitudeMode>
          <coordinates>114.14952593855559825897216796875,22.27062896825373172760009765625, 744.5999755859375</coordinates>
        </Point>
      </Placemark>
      <Placemark>
        <TimeSpan>
          <begin>2026-02-15T09:39:15+08:00</begin>
          <end>2026-02-15T09:39:16+08:00</end>
        </TimeSpan>
        <Style>
          <IconStyle>
            <color>FF00FFFF</color>
            <scale>0.9</scale>
            <Icon>
              <href>http://maps.google.com/mapfiles/kml/shapes/placemark_circle.png</href>
            </Icon>
          </IconStyle>
        </Style>
        <Point>
          <altitudeMode>clampToGround</altitudeMode>
          <coordinates>114.1495116055011749267578125,22.2706268727779388427734375, 744.4000244140625</coordinates>
        </Point>
      </Placemark>
      <Placemark>
        <TimeSpan>
          <begin>2026-02-15T09:39:16+08:00</begin>
          <end>2026-02-15T09:39:18+08:00</end>
        </TimeSpan>
        <Style>
          <IconStyle>
            <color>FF00FFFF</color>
            <scale>0.9</scale>
            <Icon>
              <href>http://maps.google.com/mapfiles/kml/shapes/placemark_circle.png</href>
            </Icon>
          </IconStyle>
        </Style>
        <Point>
          <altitudeMode>clampToGround</altitudeMode>
          <coordinates>114.14948386140167713165283203125,22.270614467561244964599609375, 744.20001220703125</coordinates>
        </Point>
      </Placemark>
      <Placemark>
        <TimeSpan>
          <begin>2026-02-15T09:39:18+08:00</begin>
          <end>2026-02-15T09:39:20+08:00</end>
        </TimeSpan>
        <Style>
          <IconStyle>
            <color>FF00FFFF</color>
            <scale>0.9</scale>
            <Icon>
              <href>http://maps.google.com/mapfiles/kml/shapes/placemark_circle.png</href>
            </Icon>
          </IconStyle>
        </Style>
        <Point>
          <altitudeMode>clampToGround</altitudeMode>
          <coordinates>114.14946374483406543731689453125,22.27059979923069477081298828125, 744</coordinates>
        </Point>
      </Placemark>
      <Placemark>
        <TimeSpan>
          <begin>2026-02-15T09:39:20+08:00</begin>
          <end>2026-02-15T09:39:22+08:00</end>
        </TimeSpan>
        <Style>
          <IconStyle>
            <color>FF00FFFF</color>
            <scale>0.9</scale>
            <Icon>
              <href>http://maps.google.com/mapfiles/kml/shapes/placemark_circle.png</href>
            </Icon>
          </IconStyle>
        </Style>
        <Point>
          <altitudeMode>clampToGround</altitudeMode>
          <coordinates>114.14943943731486797332763671875,22.2705915011465549468994140625, 743.79998779296875</coordinates>
        </Point>
      </Placemark>
      <Placemark>
        <TimeSpan>
          <begin>2026-02-15T09:39:22+08:00</begin>
          <end>2026-02-15T09:39:26+08:00</end>
        </TimeSpan>
        <Style>
          <IconStyle>
            <color>FF00FFFF</color>
            <scale>0.9</scale>
            <Icon>
              <href>http://maps.google.com/mapfiles/kml/shapes/placemark_circle.png</href>
            </Icon>
          </IconStyle>
        </Style>
        <Point>
          <altitudeMode>clampToGround</altitudeMode>
          <coordinates>114.14939559996128082275390625,22.27057850919663906097412109375, 743.79998779296875</coordinates>
        </Point>
      </Placemark>
      <Placemark>
        <TimeSpan>
          <begin>2026-02-15T09:39:26+08:00</begin>
          <end>2026-02-15T09:39:27+08:00</end>
        </TimeSpan>
        <Style>
          <IconStyle>
            <color>FF00FFFF</color>
            <scale>0.9</scale>
            <Icon>
              <href>http://maps.google.com/mapfiles/kml/shapes/placemark_circle.png</href>
            </Icon>
          </IconStyle>
        </Style>
        <Point>
          <altitudeMode>clampToGround</altitudeMode>
          <coordinates>114.1493909060955047607421875,22.27058152668178081512451171875, 743.79998779296875</coordinates>
        </Point>
      </Placemark>
      <Placemark>
        <TimeSpan>
          <begin>2026-02-15T09:39:27+08:00</begin>
          <end>2026-02-15T09:39:29+08:00</end>
        </TimeSpan>
        <Style>
          <IconStyle>
            <color>FF00FFFF</color>
            <scale>0.9</scale>
            <Icon>
              <href>http://maps.google.com/mapfiles/kml/shapes/placemark_circle.png</href>
            </Icon>
          </IconStyle>
        </Style>
        <Point>
          <altitudeMode>clampToGround</altitudeMode>
          <coordinates>114.149381183087825775146484375,22.270588316023349761962890625, 743.79998779296875</coordinates>
        </Point>
      </Placemark>
      <Placemark>
        <TimeSpan>
          <begin>2026-02-15T09:39:29+08:00</begin>
          <end>2026-02-15T09:39:34+08:00</end>
        </TimeSpan>
        <Style>
          <IconStyle>
            <color>FF00FFFF</color>
            <scale>0.9</scale>
            <Icon>
              <href>http://maps.google.com/mapfiles/kml/shapes/placemark_circle.png</href>
            </Icon>
          </IconStyle>
        </Style>
        <Point>
          <altitudeMode>clampToGround</altitudeMode>
          <coordinates>114.1493702866137027740478515625,22.2705961950123310089111328125, 743.5999755859375</coordinates>
        </Point>
      </Placemark>
      <Placemark>
        <TimeSpan>
          <begin>2026-02-15T09:39:34+08:00</begin>
          <end>2026-02-15T09:39:36+08:00</end>
        </TimeSpan>
        <Style>
          <IconStyle>
            <color>FF00FFFF</color>
            <scale>0.9</scale>
            <Icon>
              <href>http://maps.google.com/mapfiles/kml/shapes/placemark_circle.png</href>
            </Icon>
          </IconStyle>
        </Style>
        <Point>
          <altitudeMode>clampToGround</altitudeMode>
          <coordinates>114.14936835877597332000732421875,22.27059644646942615509033203125, 743.5999755859375</coordinates>
        </Point>
      </Placemark>
      <Placemark>
        <TimeSpan>
          <begin>2026-02-15T09:39:36+08:00</begin>
          <end>2026-02-15T09:39:40+08:00</end>
        </TimeSpan>
        <Style>
          <IconStyle>
            <color>FF00FFFF</color>
            <scale>0.9</scale>
            <Icon>
              <href>http://maps.google.com/mapfiles/kml/shapes/placemark_circle.png</href>
            </Icon>
          </IconStyle>
        </Style>
        <Point>
          <altitudeMode>clampToGround</altitudeMode>
          <coordinates>114.149365089833736419677734375,22.270597033202648162841796875, 743.5999755859375</coordinates>
        </Point>
      </Placemark>
      <Placemark>
        <TimeSpan>
          <begin>2026-02-15T09:39:40+08:00</begin>
          <end>2026-02-15T09:39:46+08:00</end>
        </TimeSpan>
        <Style>
          <IconStyle>
            <color>FF00FFFF</color>
            <scale>0.9</scale>
            <Icon>
              <href>http://maps.google.com/mapfiles/kml/shapes/placemark_circle.png</href>
            </Icon>
          </IconStyle>
        </Style>
        <Point>
          <altitudeMode>clampToGround</altitudeMode>
          <coordinates>114.1493639163672924041748046875,22.27059829048812389373779296875, 743.4000244140625</coordinates>
        </Point>
      </Placemark>
      <Placemark>
        <TimeSpan>
          <begin>2026-02-15T09:39:46+08:00</begin>
          <end>2026-02-15T09:39:55+08:00</end>
        </TimeSpan>
        <Style>
          <IconStyle>
            <color>FF00FFFF</color>
            <scale>0.9</scale>
            <Icon>
              <href>http://maps.google.com/mapfiles/kml/shapes/placemark_circle.png</href>
            </Icon>
          </IconStyle>
        </Style>
        <Point>
          <altitudeMode>clampToGround</altitudeMode>
          <coordinates>114.1493686102330684661865234375,22.2705995477735996246337890625, 743.20001220703125</coordinates>
        </Point>
      </Placemark>
      <Placemark>
        <TimeSpan>
          <begin>2026-02-15T09:39:55+08:00</begin>
          <end>2026-02-15T09:40:00+08:00</end>
        </TimeSpan>
        <Style>
          <IconStyle>
            <color>FF00FFFF</color>
            <scale>0.9</scale>
            <Icon>
              <href>http://maps.google.com/mapfiles/kml/shapes/placemark_circle.png</href>
            </Icon>
          </IconStyle>
        </Style>
        <Point>
          <altitudeMode>clampToGround</altitudeMode>
          <coordinates>114.14939719252288341522216796875,22.27064187638461589813232421875, 744</coordinates>
        </Point>
      </Placemark>
      <Placemark>
        <TimeSpan>
          <begin>2026-02-15T09:40:00+08:00</begin>
          <end>2026-02-15T09:40:05+08:00</end>
        </TimeSpan>
        <Style>
          <IconStyle>
            <color>FF00FFFF</color>
            <scale>0.9</scale>
            <Icon>
              <href>http://maps.google.com/mapfiles/kml/shapes/placemark_circle.png</href>
            </Icon>
          </IconStyle>
        </Style>
        <Point>
          <altitudeMode>clampToGround</altitudeMode>
          <coordinates>114.14941160939633846282958984375,22.27067305706441402435302734375, 743.79998779296875</coordinates>
        </Point>
      </Placemark>
      <Placemark>
        <TimeSpan>
          <begin>2026-02-15T09:40:05+08:00</begin>
          <end>2026-02-15T09:40:10+08:00</end>
        </TimeSpan>
        <Style>
          <IconStyle>
            <color>FF00FFFF</color>
            <scale>0.9</scale>
            <Icon>
              <href>http://maps.google.com/mapfiles/kml/shapes/placemark_circle.png</href>
            </Icon>
          </IconStyle>
        </Style>
        <Point>
          <altitudeMode>clampToGround</altitudeMode>
          <coordinates>114.1494177281856536865234375,22.2707427106797695159912109375, 744</coordinates>
        </Point>
      </Placemark>
      <Placemark>
        <TimeSpan>
          <begin>2026-02-15T09:40:10+08:00</begin>
          <end>2026-02-15T09:40:11+08:00</end>
        </TimeSpan>
        <Style>
          <IconStyle>
            <color>FF00FFFF</color>
            <scale>0.9</scale>
            <Icon>
              <href>http://maps.google.com/mapfiles/kml/shapes/placemark_circle.png</href>
            </Icon>
          </IconStyle>
        </Style>
        <Point>
          <altitudeMode>clampToGround</altitudeMode>
          <coordinates>114.1494189016520977020263671875,22.27075360715389251708984375, 744</coordinates>
        </Point>
      </Placemark>
      <Placemark>
        <TimeSpan>
          <begin>2026-02-15T09:40:11+08:00</begin>
          <end>2026-02-15T09:40:15+08:00</end>
        </TimeSpan>
        <Style>
          <IconStyle>
            <color>FF00FFFF</color>
            <scale>0.9</scale>
            <Icon>
              <href>http://maps.google.com/mapfiles/kml/shapes/placemark_circle.png</href>
            </Icon>
          </IconStyle>
        </Style>
        <Point>
          <altitudeMode>clampToGround</altitudeMode>
          <coordinates>114.14943717420101165771484375,22.27081018500030040740966796875, 744.20001220703125</coordinates>
        </Point>
      </Placemark>
      <Placemark>
        <TimeSpan>
          <begin>2026-02-15T09:40:15+08:00</begin>
          <end>2026-02-15T09:40:17+08:00</end>
        </TimeSpan>
        <Style>
          <IconStyle>
            <color>FF00FFFF</color>
            <scale>0.9</scale>
            <Icon>
              <href>http://maps.google.com/mapfiles/kml/shapes/placemark_circle.png</href>
            </Icon>
          </IconStyle>
        </Style>
        <Point>
          <altitudeMode>clampToGround</altitudeMode>
          <coordinates>114.14944681338965892791748046875,22.2708292119204998016357421875, 744.20001220703125</coordinates>
        </Point>
      </Placemark>
      <Placemark>
        <TimeSpan>
          <begin>2026-02-15T09:40:17+08:00</begin>
          <end>2026-02-15T09:40:18+08:00</end>
        </TimeSpan>
        <Style>
          <IconStyle>
            <color>FF00FFFF</color>
            <scale>0.9</scale>
            <Icon>
              <href>http://maps.google.com/mapfiles/kml/shapes/placemark_circle.png</href>
            </Icon>
          </IconStyle>
        </Style>
        <Point>
          <altitudeMode>clampToGround</altitudeMode>
          <coordinates>114.1494477353990077972412109375,22.2708342410624027252197265625, 744.20001220703125</coordinates>
        </Point>
      </Placemark>
      <Placemark>
        <TimeSpan>
          <begin>2026-02-15T09:40:18+08:00</begin>
          <end>2026-02-15T09:40:22+08:00</end>
        </TimeSpan>
        <Style>
          <IconStyle>
            <color>FF00FFFF</color>
            <scale>0.9</scale>
            <Icon>
              <href>http://maps.google.com/mapfiles/kml/shapes/placemark_circle.png</href>
            </Icon>
          </IconStyle>
        </Style>
        <Point>
          <altitudeMode>clampToGround</altitudeMode>
          <coordinates>114.1494494117796421051025390625,22.2708825208246707916259765625, 744.20001220703125</coordinates>
        </Point>
      </Placemark>
      <Placemark>
        <TimeSpan>
          <begin>2026-02-15T09:40:22+08:00</begin>
          <end>2026-02-15T09:40:28+08:00</end>
        </TimeSpan>
        <Style>
          <IconStyle>
            <color>FF00FFFF</color>
            <scale>0.9</scale>
            <Icon>
              <href>http://maps.google.com/mapfiles/kml/shapes/placemark_circle.png</href>
            </Icon>
          </IconStyle>
        </Style>
        <Point>
          <altitudeMode>clampToGround</altitudeMode>
          <coordinates>114.149434156715869903564453125,22.27096558548510074615478515625, 744.4000244140625</coordinates>
        </Point>
      </Placemark>
      <Placemark>
        <TimeSpan>
          <begin>2026-02-15T09:40:28+08:00</begin>
          <end>2026-02-15T09:40:30+08:00</end>
        </TimeSpan>
        <Style>
          <IconStyle>
            <color>FF00FFFF</color>
            <scale>0.9</scale>
            <Icon>
              <href>http://maps.google.com/mapfiles/kml/shapes/placemark_circle.png</href>
            </Icon>
          </IconStyle>
        </Style>
        <Point>
          <altitudeMode>clampToGround</altitudeMode>
          <coordinates>114.14943524636328220367431640625,22.27098100818693637847900390625, 744.5999755859375</coordinates>
        </Point>
      </Placemark>
      <Placemark>
        <TimeSpan>
          <begin>2026-02-15T09:40:30+08:00</begin>
          <end>2026-02-15T09:40:34+08:00</end>
        </TimeSpan>
        <Style>
          <IconStyle>
            <color>FF00FFFF</color>
            <scale>0.9</scale>
            <Icon>
              <href>http://maps.google.com/mapfiles/kml/shapes/placemark_circle.png</href>
            </Icon>
          </IconStyle>
        </Style>
        <Point>
          <altitudeMode>clampToGround</altitudeMode>
          <coordinates>114.1494507528841495513916015625,22.271028198301792144775390625, 744.5999755859375</coordinates>
        </Point>
      </Placemark>
      <Placemark>
        <TimeSpan>
          <begin>2026-02-15T09:40:34+08:00</begin>
          <end>2026-02-15T09:40:40+08:00</end>
        </TimeSpan>
        <Style>
          <IconStyle>
            <color>FF00FFFF</color>
            <scale>0.9</scale>
            <Icon>
              <href>http://maps.google.com/mapfiles/kml/shapes/placemark_circle.png</href>
            </Icon>
          </IconStyle>
        </Style>
        <Point>
          <altitudeMode>clampToGround</altitudeMode>
          <coordinates>114.14947480894625186920166015625,22.27110656909644603729248046875, 744.4000244140625</coordinates>
        </Point>
      </Placemark>
      <Placemark>
        <TimeSpan>
          <begin>2026-02-15T09:40:40+08:00</begin>
          <end>2026-02-15T09:40:42+08:00</end>
        </TimeSpan>
        <Style>
          <IconStyle>
            <color>FF00FFFF</color>
            <scale>0.9</scale>
            <Icon>
              <href>http://maps.google.com/mapfiles/kml/shapes/placemark_circle.png</href>
            </Icon>
          </IconStyle>
        </Style>
        <Point>
          <altitudeMode>clampToGround</altitudeMode>
          <coordinates>114.14947807788848876953125,22.27112987078726291656494140625, 744.4000244140625</coordinates>
        </Point>
      </Placemark>
      <Placemark>
        <TimeSpan>
          <begin>2026-02-15T09:40:42+08:00</begin>
          <end>2026-02-15T09:40:44+08:00</end>
        </TimeSpan>
        <Style>
          <IconStyle>
            <color>FF00FFFF</color>
            <scale>0.9</scale>
            <Icon>
              <href>http://maps.google.com/mapfiles/kml/shapes/placemark_circle.png</href>
            </Icon>
          </IconStyle>
        </Style>
        <Point>
          <altitudeMode>clampToGround</altitudeMode>
          <coordinates>114.14949081838130950927734375,22.2711551003158092498779296875, 744.4000244140625</coordinates>
        </Point>
      </Placemark>
      <Placemark>
        <TimeSpan>
          <begin>2026-02-15T09:40:44+08:00</begin>
          <end>2026-02-15T09:40:45+08:00</end>
        </TimeSpan>
        <Style>
          <IconStyle>
            <color>FF00FFFF</color>
            <scale>0.9</scale>
            <Icon>
              <href>http://maps.google.com/mapfiles/kml/shapes/placemark_circle.png</href>
            </Icon>
          </IconStyle>
        </Style>
        <Point>
          <altitudeMode>clampToGround</altitudeMode>
          <coordinates>114.14949358440935611724853515625,22.271171025931835174560546875, 744.4000244140625</coordinates>
        </Point>
      </Placemark>
      <Placemark>
        <TimeSpan>
          <begin>2026-02-15T09:40:45+08:00</begin>
          <end>2026-02-15T09:40:49+08:00</end>
        </TimeSpan>
        <Style>
          <IconStyle>
            <color>FF00FFFF</color>
            <scale>0.9</scale>
            <Icon>
              <href>http://maps.google.com/mapfiles/kml/shapes/placemark_circle.png</href>
            </Icon>
          </IconStyle>
        </Style>
        <Point>
          <altitudeMode>clampToGround</altitudeMode>
          <coordinates>114.149467684328556060791015625,22.27121788077056407928466796875, 744.5999755859375</coordinates>
        </Point>
      </Placemark>
      <Placemark>
        <TimeSpan>
          <begin>2026-02-15T09:40:49+08:00</begin>
          <end>2026-02-15T09:40:54+08:00</end>
        </TimeSpan>
        <Style>
          <IconStyle>
            <color>FF00FFFF</color>
            <scale>0.9</scale>
            <Icon>
              <href>http://maps.google.com/mapfiles/kml/shapes/placemark_circle.png</href>
            </Icon>
          </IconStyle>
        </Style>
        <Point>
          <altitudeMode>clampToGround</altitudeMode>
          <coordinates>114.14942669682204723358154296875,22.2712526656687259674072265625, 744.79998779296875</coordinates>
        </Point>
      </Placemark>
      <Placemark>
        <TimeSpan>
          <begin>2026-02-15T09:40:54+08:00</begin>
          <end>2026-02-15T09:40:55+08:00</end>
        </TimeSpan>
        <Style>
          <IconStyle>
            <color>FF00FFFF</color>
            <scale>0.9</scale>
            <Icon>
              <href>http://maps.google.com/mapfiles/kml/shapes/placemark_circle.png</href>
            </Icon>
          </IconStyle>
        </Style>
        <Point>
          <altitudeMode>clampToGround</altitudeMode>
          <coordinates>114.1494246013462543487548828125,22.27125861681997776031494140625, 744.79998779296875</coordinates>
        </Point>
      </Placemark>
      <Placemark>
        <TimeSpan>
          <begin>2026-02-15T09:40:55+08:00</begin>
          <end>2026-02-15T09:40:57+08:00</end>
        </TimeSpan>
        <Style>
          <IconStyle>
            <color>FF00FFFF</color>
            <scale>0.9</scale>
            <Icon>
              <href>http://maps.google.com/mapfiles/kml/shapes/placemark_circle.png</href>
            </Icon>
          </IconStyle>
        </Style>
        <Point>
          <altitudeMode>clampToGround</altitudeMode>
          <coordinates>114.149419404566287994384765625,22.2712590359151363372802734375, 744.4000244140625</coordinates>
        </Point>
      </Placemark>
      <Placemark>
        <TimeSpan>
          <begin>2026-02-15T09:40:57+08:00</begin>
          <end>2026-02-15T09:41:02+08:00</end>
        </TimeSpan>
        <Style>
          <IconStyle>
            <color>FF00FFFF</color>
            <scale>0.9</scale>
            <Icon>
              <href>http://maps.google.com/mapfiles/kml/shapes/placemark_circle.png</href>
            </Icon>
          </IconStyle>
        </Style>
        <Point>
          <altitudeMode>clampToGround</altitudeMode>
          <coordinates>114.1494115255773067474365234375,22.2712697647511959075927734375, 743.5999755859375</coordinates>
        </Point>
      </Placemark>
      <Placemark>
        <TimeSpan>
          <begin>2026-02-15T09:41:02+08:00</begin>
          <end>2026-02-15T09:41:03+08:00</end>
        </TimeSpan>
        <Style>
          <IconStyle>
            <color>FF00FFFF</color>
            <scale>0.9</scale>
            <Icon>
              <href>http://maps.google.com/mapfiles/kml/shapes/placemark_circle.png</href>
            </Icon>
          </IconStyle>
        </Style>
        <Point>
          <altitudeMode>clampToGround</altitudeMode>
          <coordinates>114.1494098491966724395751953125,22.2712714411318302154541015625, 743.5999755859375</coordinates>
        </Point>
      </Placemark>
      <Placemark>
        <TimeSpan>
          <begin>2026-02-15T09:41:03+08:00</begin>
          <end>2026-02-15T09:41:12+08:00</end>
        </TimeSpan>
        <Style>
          <IconStyle>
            <color>FF00FFFF</color>
            <scale>0.9</scale>
            <Icon>
              <href>http://maps.google.com/mapfiles/kml/shapes/placemark_circle.png</href>
            </Icon>
          </IconStyle>
        </Style>
        <Point>
          <altitudeMode>clampToGround</altitudeMode>
          <coordinates>114.14940775372087955474853515625,22.271270938217639923095703125, 743.5999755859375</coordinates>
        </Point>
      </Placemark>
      <Placemark>
        <TimeSpan>
          <begin>2026-02-15T09:41:12+08:00</begin>
          <end>2026-02-15T09:41:14+08:00</end>
        </TimeSpan>
        <Style>
          <IconStyle>
            <color>FF00FFFF</color>
            <scale>0.9</scale>
            <Icon>
              <href>http://maps.google.com/mapfiles/kml/shapes/placemark_circle.png</href>
            </Icon>
          </IconStyle>
        </Style>
        <Point>
          <altitudeMode>clampToGround</altitudeMode>
          <coordinates>114.1494068317115306854248046875,22.27127051912248134613037109375, 743.5999755859375</coordinates>
        </Point>
      </Placemark>
      <Placemark>
        <TimeSpan>
          <begin>2026-02-15T09:41:14+08:00</begin>
          <end>2026-02-15T09:41:23+08:00</end>
        </TimeSpan>
        <Style>
          <IconStyle>
            <color>FF00FFFF</color>
            <scale>0.9</scale>
            <Icon>
              <href>http://maps.google.com/mapfiles/kml/shapes/placemark_circle.png</href>
            </Icon>
          </IconStyle>
        </Style>
        <Point>
          <altitudeMode>clampToGround</altitudeMode>
          <coordinates>114.14940498769283294677734375,22.27126699872314929962158203125, 743.5999755859375</coordinates>
        </Point>
      </Placemark>
      <Placemark>
        <TimeSpan>
          <begin>2026-02-15T09:41:23+08:00</begin>
          <end>2026-02-15T09:41:29+08:00</end>
        </TimeSpan>
        <Style>
          <IconStyle>
            <color>FF00FFFF</color>
            <scale>0.9</scale>
            <Icon>
              <href>http://maps.google.com/mapfiles/kml/shapes/placemark_circle.png</href>
            </Icon>
          </IconStyle>
        </Style>
        <Point>
          <altitudeMode>clampToGround</altitudeMode>
          <coordinates>114.1494034789502620697021484375,22.27126934565603733062744140625, 743.5999755859375</coordinates>
        </Point>
      </Placemark>
      <Placemark>
        <TimeSpan>
          <begin>2026-02-15T09:41:29+08:00</begin>
          <end>2026-02-15T09:41:35+08:00</end>
        </TimeSpan>
        <Style>
          <IconStyle>
            <color>FF00FFFF</color>
            <scale>0.9</scale>
            <Icon>
              <href>http://maps.google.com/mapfiles/kml/shapes/placemark_circle.png</href>
            </Icon>
          </IconStyle>
        </Style>
        <Point>
          <altitudeMode>clampToGround</altitudeMode>
          <coordinates>114.1493976116180419921875,22.27126917801797389984130859375, 743.5999755859375</coordinates>
        </Point>
      </Placemark>
      <Placemark>
        <TimeSpan>
          <begin>2026-02-15T09:41:35+08:00</begin>
          <end>2026-02-15T09:41:38+08:00</end>
        </TimeSpan>
        <Style>
          <IconStyle>
            <color>FF00FFFF</color>
            <scale>0.9</scale>
            <Icon>
              <href>http://maps.google.com/mapfiles/kml/shapes/placemark_circle.png</href>
            </Icon>
          </IconStyle>
        </Style>
        <Point>
          <altitudeMode>clampToGround</altitudeMode>
          <coordinates>114.149405322968959808349609375,22.2712706029415130615234375, 743.5999755859375</coordinates>
        </Point>
      </Placemark>
      <Placemark>
        <TimeSpan>
          <begin>2026-02-15T09:41:38+08:00</begin>
          <end>2026-02-15T09:41:43+08:00</end>
        </TimeSpan>
        <Style>
          <IconStyle>
            <color>FF00FFFF</color>
            <scale>0.9</scale>
            <Icon>
              <href>http://maps.google.com/mapfiles/kml/shapes/placemark_circle.png</href>
            </Icon>
          </IconStyle>
        </Style>
        <Point>
          <altitudeMode>clampToGround</altitudeMode>
          <coordinates>114.14940909482538700103759765625,22.27127336896955966949462890625, 743.5999755859375</coordinates>
        </Point>
      </Placemark>
      <Placemark>
        <TimeSpan>
          <begin>2026-02-15T09:41:43+08:00</begin>
          <end>2026-02-15T09:41:53+08:00</end>
        </TimeSpan>
        <Style>
          <IconStyle>
            <color>FF00FFFF</color>
            <scale>0.9</scale>
            <Icon>
              <href>http://maps.google.com/mapfiles/kml/shapes/placemark_circle.png</href>
            </Icon>
          </IconStyle>
        </Style>
        <Point>
          <altitudeMode>clampToGround</altitudeMode>
          <coordinates>114.14939668960869312286376953125,22.27126599289476871490478515625, 743.5999755859375</coordinates>
        </Point>
      </Placemark>
      <Placemark>
        <TimeSpan>
          <begin>2026-02-15T09:41:53+08:00</begin>
          <end>2026-02-15T09:42:00+08:00</end>
        </TimeSpan>
        <Style>
          <IconStyle>
            <color>FF00FFFF</color>
            <scale>0.9</scale>
            <Icon>
              <href>http://maps.google.com/mapfiles/kml/shapes/placemark_circle.png</href>
            </Icon>
          </IconStyle>
        </Style>
        <Point>
          <altitudeMode>clampToGround</altitudeMode>
          <coordinates>114.1494155488908290863037109375,22.27126381359994411468505859375, 743.5999755859375</coordinates>
        </Point>
      </Placemark>
      <Placemark>
        <TimeSpan>
          <begin>2026-02-15T09:42:00+08:00</begin>
          <end>2026-02-15T09:42:06+08:00</end>
        </TimeSpan>
        <Style>
          <IconStyle>
            <color>FF00FFFF</color>
            <scale>0.9</scale>
            <Icon>
              <href>http://maps.google.com/mapfiles/kml/shapes/placemark_circle.png</href>
            </Icon>
          </IconStyle>
        </Style>
        <Point>
          <altitudeMode>clampToGround</altitudeMode>
          <coordinates>114.1494767367839813232421875,22.271261550486087799072265625, 743.5999755859375</coordinates>
        </Point>
      </Placemark>
      <Placemark>
        <TimeSpan>
          <begin>2026-02-15T09:42:06+08:00</begin>
          <end>2026-02-15T09:42:10+08:00</end>
        </TimeSpan>
        <Style>
          <IconStyle>
            <color>FF00FFFF</color>
            <scale>0.9</scale>
            <Icon>
              <href>http://maps.google.com/mapfiles/kml/shapes/placemark_circle.png</href>
            </Icon>
          </IconStyle>
        </Style>
        <Point>
          <altitudeMode>clampToGround</altitudeMode>
          <coordinates>114.149472713470458984375,22.27128962986171245574951171875, 743.5999755859375</coordinates>
        </Point>
      </Placemark>
      <Placemark>
        <TimeSpan>
          <begin>2026-02-15T09:42:10+08:00</begin>
          <end>2026-02-15T09:42:11+08:00</end>
        </TimeSpan>
        <Style>
          <IconStyle>
            <color>FF00FFFF</color>
            <scale>0.9</scale>
            <Icon>
              <href>http://maps.google.com/mapfiles/kml/shapes/placemark_circle.png</href>
            </Icon>
          </IconStyle>
        </Style>
        <Point>
          <altitudeMode>clampToGround</altitudeMode>
          <coordinates>114.14946760050952434539794921875,22.271297089755535125732421875, 743.5999755859375</coordinates>
        </Point>
      </Placemark>
      <Placemark>
        <TimeSpan>
          <begin>2026-02-15T09:42:11+08:00</begin>
          <end>2026-02-15T09:42:17+08:00</end>
        </TimeSpan>
        <Style>
          <IconStyle>
            <color>FF00FFFF</color>
            <scale>0.9</scale>
            <Icon>
              <href>http://maps.google.com/mapfiles/kml/shapes/placemark_circle.png</href>
            </Icon>
          </IconStyle>
        </Style>
        <Point>
          <altitudeMode>clampToGround</altitudeMode>
          <coordinates>114.149453938007354736328125,22.27135098539292812347412109375, 744.79998779296875</coordinates>
        </Point>
      </Placemark>
      <Placemark>
        <TimeSpan>
          <begin>2026-02-15T09:42:17+08:00</begin>
          <end>2026-02-15T09:42:20+08:00</end>
        </TimeSpan>
        <Style>
          <IconStyle>
            <color>FF00FFFF</color>
            <scale>0.9</scale>
            <Icon>
              <href>http://maps.google.com/mapfiles/kml/shapes/placemark_circle.png</href>
            </Icon>
          </IconStyle>
        </Style>
        <Point>
          <altitudeMode>clampToGround</altitudeMode>
          <coordinates>114.1494309715926647186279296875,22.2713767178356647491455078125, 745.20001220703125</coordinates>
        </Point>
      </Placemark>
      <Placemark>
        <TimeSpan>
          <begin>2026-02-15T09:42:20+08:00</begin>
          <end>2026-02-15T09:42:25+08:00</end>
        </TimeSpan>
        <Style>
          <IconStyle>
            <color>FF00FFFF</color>
            <scale>0.9</scale>
            <Icon>
              <href>http://maps.google.com/mapfiles/kml/shapes/placemark_circle.png</href>
            </Icon>
          </IconStyle>
        </Style>
        <Point>
          <altitudeMode>clampToGround</altitudeMode>
          <coordinates>114.1494031436741352081298828125,22.27141703478991985321044921875, 745</coordinates>
        </Point>
      </Placemark>
      <Placemark>
        <TimeSpan>
          <begin>2026-02-15T09:42:25+08:00</begin>
          <end>2026-02-15T09:42:26+08:00</end>
        </TimeSpan>
        <Style>
          <IconStyle>
            <color>FF00FFFF</color>
            <scale>0.9</scale>
            <Icon>
              <href>http://maps.google.com/mapfiles/kml/shapes/placemark_circle.png</href>
            </Icon>
          </IconStyle>
        </Style>
        <Point>
          <altitudeMode>clampToGround</altitudeMode>
          <coordinates>114.14940943010151386260986328125,22.271427847445011138916015625, 745</coordinates>
        </Point>
      </Placemark>
      <Placemark>
        <TimeSpan>
          <begin>2026-02-15T09:42:26+08:00</begin>
          <end>2026-02-15T09:42:31+08:00</end>
        </TimeSpan>
        <Style>
          <IconStyle>
            <color>FF00FFFF</color>
            <scale>0.9</scale>
            <Icon>
              <href>http://maps.google.com/mapfiles/kml/shapes/placemark_circle.png</href>
            </Icon>
          </IconStyle>
        </Style>
        <Point>
          <altitudeMode>clampToGround</altitudeMode>
          <coordinates>114.14943315088748931884765625,22.27149146609008312225341796875, 745</coordinates>
        </Point>
      </Placemark>
      <Placemark>
        <TimeSpan>
          <begin>2026-02-15T09:42:31+08:00</begin>
          <end>2026-02-15T09:42:33+08:00</end>
        </TimeSpan>
        <Style>
          <IconStyle>
            <color>FF00FFFF</color>
            <scale>0.9</scale>
            <Icon>
              <href>http://maps.google.com/mapfiles/kml/shapes/placemark_circle.png</href>
            </Icon>
          </IconStyle>
        </Style>
        <Point>
          <altitudeMode>clampToGround</altitudeMode>
          <coordinates>114.14943608455359935760498046875,22.27151309140026569366455078125, 745</coordinates>
        </Point>
      </Placemark>
      <Placemark>
        <TimeSpan>
          <begin>2026-02-15T09:42:33+08:00</begin>
          <end>2026-02-15T09:42:34+08:00</end>
        </TimeSpan>
        <Style>
          <IconStyle>
            <color>FF00FFFF</color>
            <scale>0.9</scale>
            <Icon>
              <href>http://maps.google.com/mapfiles/kml/shapes/placemark_circle.png</href>
            </Icon>
          </IconStyle>
        </Style>
        <Point>
          <altitudeMode>clampToGround</altitudeMode>
          <coordinates>114.14943591691553592681884765625,22.2715245746076107025146484375, 745</coordinates>
        </Point>
      </Placemark>
      <Placemark>
        <TimeSpan>
          <begin>2026-02-15T09:42:34+08:00</begin>
          <end>2026-02-15T09:42:36+08:00</end>
        </TimeSpan>
        <Style>
          <IconStyle>
            <color>FF00FFFF</color>
            <scale>0.9</scale>
            <Icon>
              <href>http://maps.google.com/mapfiles/kml/shapes/placemark_circle.png</href>
            </Icon>
          </IconStyle>
        </Style>
        <Point>
          <altitudeMode>clampToGround</altitudeMode>
          <coordinates>114.14942376315593719482421875,22.27154712192714214324951171875, 745</coordinates>
        </Point>
      </Placemark>
      <Placemark>
        <TimeSpan>
          <begin>2026-02-15T09:42:36+08:00</begin>
          <end>2026-02-15T09:42:37+08:00</end>
        </TimeSpan>
        <Style>
          <IconStyle>
            <color>FF00FFFF</color>
            <scale>0.9</scale>
            <Icon>
              <href>http://maps.google.com/mapfiles/kml/shapes/placemark_circle.png</href>
            </Icon>
          </IconStyle>
        </Style>
        <Point>
          <altitudeMode>clampToGround</altitudeMode>
          <coordinates>114.14941797964274883270263671875,22.2715602815151214599609375, 745</coordinates>
        </Point>
      </Placemark>
      <Placemark>
        <TimeSpan>
          <begin>2026-02-15T09:42:37+08:00</begin>
          <end>2026-02-15T09:42:41+08:00</end>
        </TimeSpan>
        <Style>
          <IconStyle>
            <color>FF00FFFF</color>
            <scale>0.9</scale>
            <Icon>
              <href>http://maps.google.com/mapfiles/kml/shapes/placemark_circle.png</href>
            </Icon>
          </IconStyle>
        </Style>
        <Point>
          <altitudeMode>clampToGround</altitudeMode>
          <coordinates>114.1493801772594451904296875,22.27160789072513580322265625, 744.79998779296875</coordinates>
        </Point>
      </Placemark>
      <Placemark>
        <TimeSpan>
          <begin>2026-02-15T09:42:41+08:00</begin>
          <end>2026-02-15T09:42:45+08:00</end>
        </TimeSpan>
        <Style>
          <IconStyle>
            <color>FF00FFFF</color>
            <scale>0.9</scale>
            <Icon>
              <href>http://maps.google.com/mapfiles/kml/shapes/placemark_circle.png</href>
            </Icon>
          </IconStyle>
        </Style>
        <Point>
          <altitudeMode>clampToGround</altitudeMode>
          <coordinates>114.14935444481670856475830078125,22.27164368145167827606201171875, 744.79998779296875</coordinates>
        </Point>
      </Placemark>
      <Placemark>
        <TimeSpan>
          <begin>2026-02-15T09:42:45+08:00</begin>
          <end>2026-02-15T09:42:46+08:00</end>
        </TimeSpan>
        <Style>
          <IconStyle>
            <color>FF00FFFF</color>
            <scale>0.9</scale>
            <Icon>
              <href>http://maps.google.com/mapfiles/kml/shapes/placemark_circle.png</href>
            </Icon>
          </IconStyle>
        </Style>
        <Point>
          <altitudeMode>clampToGround</altitudeMode>
          <coordinates>114.14935125969350337982177734375,22.2716516442596912384033203125, 745</coordinates>
        </Point>
      </Placemark>
      <Placemark>
        <TimeSpan>
          <begin>2026-02-15T09:42:46+08:00</begin>
          <end>2026-02-15T09:42:48+08:00</end>
        </TimeSpan>
        <Style>
          <IconStyle>
            <color>FF00FFFF</color>
            <scale>0.9</scale>
            <Icon>
              <href>http://maps.google.com/mapfiles/kml/shapes/placemark_circle.png</href>
            </Icon>
          </IconStyle>
        </Style>
        <Point>
          <altitudeMode>clampToGround</altitudeMode>
          <coordinates>114.14934807457029819488525390625,22.27167067117989063262939453125, 745</coordinates>
        </Point>
      </Placemark>
      <Placemark>
        <TimeSpan>
          <begin>2026-02-15T09:42:48+08:00</begin>
          <end>2026-02-15T09:42:52+08:00</end>
        </TimeSpan>
        <Style>
          <IconStyle>
            <color>FF00FFFF</color>
            <scale>0.9</scale>
            <Icon>
              <href>http://maps.google.com/mapfiles/kml/shapes/placemark_circle.png</href>
            </Icon>
          </IconStyle>
        </Style>
        <Point>
          <altitudeMode>clampToGround</altitudeMode>
          <coordinates>114.14934488944709300994873046875,22.271734960377216339111328125, 745</coordinates>
        </Point>
      </Placemark>
      <Placemark>
        <TimeSpan>
          <begin>2026-02-15T09:42:52+08:00</begin>
          <end>2026-02-15T09:42:54+08:00</end>
        </TimeSpan>
        <Style>
          <IconStyle>
            <color>FF00FFFF</color>
            <scale>0.9</scale>
            <Icon>
              <href>http://maps.google.com/mapfiles/kml/shapes/placemark_circle.png</href>
            </Icon>
          </IconStyle>
        </Style>
        <Point>
          <altitudeMode>clampToGround</altitudeMode>
          <coordinates>114.14934840984642505645751953125,22.27175331674516201019287109375, 745</coordinates>
        </Point>
      </Placemark>
      <Placemark>
        <TimeSpan>
          <begin>2026-02-15T09:42:54+08:00</begin>
          <end>2026-02-15T09:42:57+08:00</end>
        </TimeSpan>
        <Style>
          <IconStyle>
            <color>FF00FFFF</color>
            <scale>0.9</scale>
            <Icon>
              <href>http://maps.google.com/mapfiles/kml/shapes/placemark_circle.png</href>
            </Icon>
          </IconStyle>
        </Style>
        <Point>
          <altitudeMode>clampToGround</altitudeMode>
          <coordinates>114.14936131797730922698974609375,22.27177930064499378204345703125, 745</coordinates>
        </Point>
      </Placemark>
      <Placemark>
        <TimeSpan>
          <begin>2026-02-15T09:42:57+08:00</begin>
          <end>2026-02-15T09:42:59+08:00</end>
        </TimeSpan>
        <Style>
          <IconStyle>
            <color>FF00FFFF</color>
            <scale>0.9</scale>
            <Icon>
              <href>http://maps.google.com/mapfiles/kml/shapes/placemark_circle.png</href>
            </Icon>
          </IconStyle>
        </Style>
        <Point>
          <altitudeMode>clampToGround</altitudeMode>
          <coordinates>114.1493820212781429290771484375,22.2717881016433238983154296875, 745</coordinates>
        </Point>
      </Placemark>
      <Placemark>
        <TimeSpan>
          <begin>2026-02-15T09:42:59+08:00</begin>
          <end>2026-02-15T09:43:01+08:00</end>
        </TimeSpan>
        <Style>
          <IconStyle>
            <color>FF00FFFF</color>
            <scale>0.9</scale>
            <Icon>
              <href>http://maps.google.com/mapfiles/kml/shapes/placemark_circle.png</href>
            </Icon>
          </IconStyle>
        </Style>
        <Point>
          <altitudeMode>clampToGround</altitudeMode>
          <coordinates>114.149393923580646514892578125,22.27179103530943393707275390625, 745</coordinates>
        </Point>
      </Placemark>
      <Placemark>
        <TimeSpan>
          <begin>2026-02-15T09:43:01+08:00</begin>
          <end>2026-02-15T09:43:02+08:00</end>
        </TimeSpan>
        <Style>
          <IconStyle>
            <color>FF00FFFF</color>
            <scale>0.9</scale>
            <Icon>
              <href>http://maps.google.com/mapfiles/kml/shapes/placemark_circle.png</href>
            </Icon>
          </IconStyle>
        </Style>
        <Point>
          <altitudeMode>clampToGround</altitudeMode>
          <coordinates>114.1493977792561054229736328125,22.271794639527797698974609375, 745</coordinates>
        </Point>
      </Placemark>
      <Placemark>
        <TimeSpan>
          <begin>2026-02-15T09:43:02+08:00</begin>
          <end>2026-02-15T09:43:05+08:00</end>
        </TimeSpan>
        <Style>
          <IconStyle>
            <color>FF00FFFF</color>
            <scale>0.9</scale>
            <Icon>
              <href>http://maps.google.com/mapfiles/kml/shapes/placemark_circle.png</href>
            </Icon>
          </IconStyle>
        </Style>
        <Point>
          <altitudeMode>clampToGround</altitudeMode>
          <coordinates>114.1494190692901611328125,22.27183998562395572662353515625, 744.79998779296875</coordinates>
        </Point>
      </Placemark>
      <Placemark>
        <TimeSpan>
          <begin>2026-02-15T09:43:05+08:00</begin>
          <end>2026-02-15T09:43:08+08:00</end>
        </TimeSpan>
        <Style>
          <IconStyle>
            <color>FF00FFFF</color>
            <scale>0.9</scale>
            <Icon>
              <href>http://maps.google.com/mapfiles/kml/shapes/placemark_circle.png</href>
            </Icon>
          </IconStyle>
        </Style>
        <Point>
          <altitudeMode>clampToGround</altitudeMode>
          <coordinates>114.14944815449416637420654296875,22.27185037918388843536376953125, 745</coordinates>
        </Point>
      </Placemark>
      <Placemark>
        <TimeSpan>
          <begin>2026-02-15T09:43:08+08:00</begin>
          <end>2026-02-15T09:43:10+08:00</end>
        </TimeSpan>
        <Style>
          <IconStyle>
            <color>FF00FFFF</color>
            <scale>0.9</scale>
            <Icon>
              <href>http://maps.google.com/mapfiles/kml/shapes/placemark_circle.png</href>
            </Icon>
          </IconStyle>
        </Style>
        <Point>
          <altitudeMode>clampToGround</altitudeMode>
          <coordinates>114.14947045035660266876220703125,22.27186731062829494476318359375, 745.20001220703125</coordinates>
        </Point>
      </Placemark>
      <Placemark>
        <TimeSpan>
          <begin>2026-02-15T09:43:10+08:00</begin>
          <end>2026-02-15T09:43:13+08:00</end>
        </TimeSpan>
        <Style>
          <IconStyle>
            <color>FF00FFFF</color>
            <scale>0.9</scale>
            <Icon>
              <href>http://maps.google.com/mapfiles/kml/shapes/placemark_circle.png</href>
            </Icon>
          </IconStyle>
        </Style>
        <Point>
          <altitudeMode>clampToGround</altitudeMode>
          <coordinates>114.14948553778231143951416015625,22.271902263164520263671875, 745.20001220703125</coordinates>
        </Point>
      </Placemark>
      <Placemark>
        <TimeSpan>
          <begin>2026-02-15T09:43:13+08:00</begin>
          <end>2026-02-15T09:43:17+08:00</end>
        </TimeSpan>
        <Style>
          <IconStyle>
            <color>FF00FFFF</color>
            <scale>0.9</scale>
            <Icon>
              <href>http://maps.google.com/mapfiles/kml/shapes/placemark_circle.png</href>
            </Icon>
          </IconStyle>
        </Style>
        <Point>
          <altitudeMode>clampToGround</altitudeMode>
          <coordinates>114.14950783364474773406982421875,22.27194073610007762908935546875, 745</coordinates>
        </Point>
      </Placemark>
      <Placemark>
        <TimeSpan>
          <begin>2026-02-15T09:43:17+08:00</begin>
          <end>2026-02-15T09:43:19+08:00</end>
        </TimeSpan>
        <Style>
          <IconStyle>
            <color>FF00FFFF</color>
            <scale>0.9</scale>
            <Icon>
              <href>http://maps.google.com/mapfiles/kml/shapes/placemark_circle.png</href>
            </Icon>
          </IconStyle>
        </Style>
        <Point>
          <altitudeMode>clampToGround</altitudeMode>
          <coordinates>114.1495089232921600341796875,22.27195448242127895355224609375, 745.20001220703125</coordinates>
        </Point>
      </Placemark>
      <Placemark>
        <TimeSpan>
          <begin>2026-02-15T09:43:19+08:00</begin>
          <end>2026-02-15T09:43:21+08:00</end>
        </TimeSpan>
        <Style>
          <IconStyle>
            <color>FF00FFFF</color>
            <scale>0.9</scale>
            <Icon>
              <href>http://maps.google.com/mapfiles/kml/shapes/placemark_circle.png</href>
            </Icon>
          </IconStyle>
        </Style>
        <Point>
          <altitudeMode>clampToGround</altitudeMode>
          <coordinates>114.14951588027179241180419921875,22.27196705527603626251220703125, 745.20001220703125</coordinates>
        </Point>
      </Placemark>
      <Placemark>
        <TimeSpan>
          <begin>2026-02-15T09:43:21+08:00</begin>
          <end>2026-02-15T09:43:23+08:00</end>
        </TimeSpan>
        <Style>
          <IconStyle>
            <color>FF00FFFF</color>
            <scale>0.9</scale>
            <Icon>
              <href>http://maps.google.com/mapfiles/kml/shapes/placemark_circle.png</href>
            </Icon>
          </IconStyle>
        </Style>
        <Point>
          <altitudeMode>clampToGround</altitudeMode>
          <coordinates>114.14951629936695098876953125,22.271995134651660919189453125, 745.20001220703125</coordinates>
        </Point>
      </Placemark>
      <Placemark>
        <TimeSpan>
          <begin>2026-02-15T09:43:23+08:00</begin>
          <end>2026-02-15T09:43:25+08:00</end>
        </TimeSpan>
        <Style>
          <IconStyle>
            <color>FF00FFFF</color>
            <scale>0.9</scale>
            <Icon>
              <href>http://maps.google.com/mapfiles/kml/shapes/placemark_circle.png</href>
            </Icon>
          </IconStyle>
        </Style>
        <Point>
          <altitudeMode>clampToGround</altitudeMode>
          <coordinates>114.14951722137629985809326171875,22.2720284946262836456298828125, 745.4000244140625</coordinates>
        </Point>
      </Placemark>
      <Placemark>
        <TimeSpan>
          <begin>2026-02-15T09:43:25+08:00</begin>
          <end>2026-02-15T09:43:30+08:00</end>
        </TimeSpan>
        <Style>
          <IconStyle>
            <color>FF00FFFF</color>
            <scale>0.9</scale>
            <Icon>
              <href>http://maps.google.com/mapfiles/kml/shapes/placemark_circle.png</href>
            </Icon>
          </IconStyle>
        </Style>
        <Point>
          <altitudeMode>clampToGround</altitudeMode>
          <coordinates>114.1495385952293872833251953125,22.27208934724330902099609375, 745.20001220703125</coordinates>
        </Point>
      </Placemark>
      <Placemark>
        <TimeSpan>
          <begin>2026-02-15T09:43:30+08:00</begin>
          <end>2026-02-15T09:43:32+08:00</end>
        </TimeSpan>
        <Style>
          <IconStyle>
            <color>FF00FFFF</color>
            <scale>0.9</scale>
            <Icon>
              <href>http://maps.google.com/mapfiles/kml/shapes/placemark_circle.png</href>
            </Icon>
          </IconStyle>
        </Style>
        <Point>
          <altitudeMode>clampToGround</altitudeMode>
          <coordinates>114.1495546884834766387939453125,22.27212111465632915496826171875, 745</coordinates>
        </Point>
      </Placemark>
      <Placemark>
        <TimeSpan>
          <begin>2026-02-15T09:43:32+08:00</begin>
          <end>2026-02-15T09:43:37+08:00</end>
        </TimeSpan>
        <Style>
          <IconStyle>
            <color>FF00FFFF</color>
            <scale>0.9</scale>
            <Icon>
              <href>http://maps.google.com/mapfiles/kml/shapes/placemark_circle.png</href>
            </Icon>
          </IconStyle>
        </Style>
        <Point>
          <altitudeMode>clampToGround</altitudeMode>
          <coordinates>114.14954739622771739959716796875,22.27215237915515899658203125, 744.79998779296875</coordinates>
        </Point>
      </Placemark>
      <Placemark>
        <TimeSpan>
          <begin>2026-02-15T09:43:37+08:00</begin>
          <end>2026-02-15T09:43:39+08:00</end>
        </TimeSpan>
        <Style>
          <IconStyle>
            <color>FF00FFFF</color>
            <scale>0.9</scale>
            <Icon>
              <href>http://maps.google.com/mapfiles/kml/shapes/placemark_circle.png</href>
            </Icon>
          </IconStyle>
        </Style>
        <Point>
          <altitudeMode>clampToGround</altitudeMode>
          <coordinates>114.14953775703907012939453125,22.27216302417218685150146484375, 744.79998779296875</coordinates>
        </Point>
      </Placemark>
      <Placemark>
        <TimeSpan>
          <begin>2026-02-15T09:43:39+08:00</begin>
          <end>2026-02-15T09:43:44+08:00</end>
        </TimeSpan>
        <Style>
          <IconStyle>
            <color>FF00FFFF</color>
            <scale>0.9</scale>
            <Icon>
              <href>http://maps.google.com/mapfiles/kml/shapes/placemark_circle.png</href>
            </Icon>
          </IconStyle>
        </Style>
        <Point>
          <altitudeMode>clampToGround</altitudeMode>
          <coordinates>114.1495248489081859588623046875,22.272211723029613494873046875, 745</coordinates>
        </Point>
      </Placemark>
      <Placemark>
        <TimeSpan>
          <begin>2026-02-15T09:43:44+08:00</begin>
          <end>2026-02-15T09:43:45+08:00</end>
        </TimeSpan>
        <Style>
          <IconStyle>
            <color>FF00FFFF</color>
            <scale>0.9</scale>
            <Icon>
              <href>http://maps.google.com/mapfiles/kml/shapes/placemark_circle.png</href>
            </Icon>
          </IconStyle>
        </Style>
        <Point>
          <altitudeMode>clampToGround</altitudeMode>
          <coordinates>114.1495211608707904815673828125,22.2722212783992290496826171875, 744.79998779296875</coordinates>
        </Point>
      </Placemark>
      <Placemark>
        <TimeSpan>
          <begin>2026-02-15T09:43:45+08:00</begin>
          <end>2026-02-15T09:43:46+08:00</end>
        </TimeSpan>
        <Style>
          <IconStyle>
            <color>FF00FFFF</color>
            <scale>0.9</scale>
            <Icon>
              <href>http://maps.google.com/mapfiles/kml/shapes/placemark_circle.png</href>
            </Icon>
          </IconStyle>
        </Style>
        <Point>
          <altitudeMode>clampToGround</altitudeMode>
          <coordinates>114.14951973594725131988525390625,22.27222572080790996551513671875, 744.79998779296875</coordinates>
        </Point>
      </Placemark>
      <Placemark>
        <TimeSpan>
          <begin>2026-02-15T09:43:46+08:00</begin>
          <end>2026-02-15T09:43:48+08:00</end>
        </TimeSpan>
        <Style>
          <IconStyle>
            <color>FF00FFFF</color>
            <scale>0.9</scale>
            <Icon>
              <href>http://maps.google.com/mapfiles/kml/shapes/placemark_circle.png</href>
            </Icon>
          </IconStyle>
        </Style>
        <Point>
          <altitudeMode>clampToGround</altitudeMode>
          <coordinates>114.14952459745109081268310546875,22.27223292924463748931884765625, 745.20001220703125</coordinates>
        </Point>
      </Placemark>
      <Placemark>
        <TimeSpan>
          <begin>2026-02-15T09:43:48+08:00</begin>
          <end>2026-02-15T09:43:50+08:00</end>
        </TimeSpan>
        <Style>
          <IconStyle>
            <color>FF00FFFF</color>
            <scale>0.9</scale>
            <Icon>
              <href>http://maps.google.com/mapfiles/kml/shapes/placemark_circle.png</href>
            </Icon>
          </IconStyle>
        </Style>
        <Point>
          <altitudeMode>clampToGround</altitudeMode>
          <coordinates>114.14952208288013935089111328125,22.27225438691675662994384765625, 745.20001220703125</coordinates>
        </Point>
      </Placemark>
      <Placemark>
        <TimeSpan>
          <begin>2026-02-15T09:43:50+08:00</begin>
          <end>2026-02-15T09:43:58+08:00</end>
        </TimeSpan>
        <Style>
          <IconStyle>
            <color>FF00FFFF</color>
            <scale>0.9</scale>
            <Icon>
              <href>http://maps.google.com/mapfiles/kml/shapes/placemark_circle.png</href>
            </Icon>
          </IconStyle>
        </Style>
        <Point>
          <altitudeMode>clampToGround</altitudeMode>
          <coordinates>114.14950531907379627227783203125,22.2723483480513095855712890625, 745.20001220703125</coordinates>
        </Point>
      </Placemark>
      <Placemark>
        <TimeSpan>
          <begin>2026-02-15T09:43:58+08:00</begin>
          <end>2026-02-15T09:44:00+08:00</end>
        </TimeSpan>
        <Style>
          <IconStyle>
            <color>FF00FFFF</color>
            <scale>0.9</scale>
            <Icon>
              <href>http://maps.google.com/mapfiles/kml/shapes/placemark_circle.png</href>
            </Icon>
          </IconStyle>
        </Style>
        <Point>
          <altitudeMode>clampToGround</altitudeMode>
          <coordinates>114.1494836099445819854736328125,22.27236066944897174835205078125, 745.20001220703125</coordinates>
        </Point>
      </Placemark>
      <Placemark>
        <TimeSpan>
          <begin>2026-02-15T09:44:00+08:00</begin>
          <end>2026-02-15T09:44:04+08:00</end>
        </TimeSpan>
        <Style>
          <IconStyle>
            <color>FF00FFFF</color>
            <scale>0.9</scale>
            <Icon>
              <href>http://maps.google.com/mapfiles/kml/shapes/placemark_circle.png</href>
            </Icon>
          </IconStyle>
        </Style>
        <Point>
          <altitudeMode>clampToGround</altitudeMode>
          <coordinates>114.14945368655025959014892578125,22.2724019922316074371337890625, 745.20001220703125</coordinates>
        </Point>
      </Placemark>
      <Placemark>
        <TimeSpan>
          <begin>2026-02-15T09:44:04+08:00</begin>
          <end>2026-02-15T09:44:09+08:00</end>
        </TimeSpan>
        <Style>
          <IconStyle>
            <color>FF00FFFF</color>
            <scale>0.9</scale>
            <Icon>
              <href>http://maps.google.com/mapfiles/kml/shapes/placemark_circle.png</href>
            </Icon>
          </IconStyle>
        </Style>
        <Point>
          <altitudeMode>clampToGround</altitudeMode>
          <coordinates>114.1494323126971721649169921875,22.2724542953073978424072265625, 745</coordinates>
        </Point>
      </Placemark>
      <Placemark>
        <TimeSpan>
          <begin>2026-02-15T09:44:09+08:00</begin>
          <end>2026-02-15T09:44:10+08:00</end>
        </TimeSpan>
        <Style>
          <IconStyle>
            <color>FF00FFFF</color>
            <scale>0.9</scale>
            <Icon>
              <href>http://maps.google.com/mapfiles/kml/shapes/placemark_circle.png</href>
            </Icon>
          </IconStyle>
        </Style>
        <Point>
          <altitudeMode>clampToGround</altitudeMode>
          <coordinates>114.14943206124007701873779296875,22.27246577851474285125732421875, 745</coordinates>
        </Point>
      </Placemark>
      <Placemark>
        <TimeSpan>
          <begin>2026-02-15T09:44:10+08:00</begin>
          <end>2026-02-15T09:44:14+08:00</end>
        </TimeSpan>
        <Style>
          <IconStyle>
            <color>FF00FFFF</color>
            <scale>0.9</scale>
            <Icon>
              <href>http://maps.google.com/mapfiles/kml/shapes/placemark_circle.png</href>
            </Icon>
          </IconStyle>
        </Style>
        <Point>
          <altitudeMode>clampToGround</altitudeMode>
          <coordinates>114.14942376315593719482421875,22.27250777184963226318359375, 744.79998779296875</coordinates>
        </Point>
      </Placemark>
      <Placemark>
        <TimeSpan>
          <begin>2026-02-15T09:44:14+08:00</begin>
          <end>2026-02-15T09:44:16+08:00</end>
        </TimeSpan>
        <Style>
          <IconStyle>
            <color>FF00FFFF</color>
            <scale>0.9</scale>
            <Icon>
              <href>http://maps.google.com/mapfiles/kml/shapes/placemark_circle.png</href>
            </Icon>
          </IconStyle>
        </Style>
        <Point>
          <altitudeMode>clampToGround</altitudeMode>
          <coordinates>114.1494185663759708404541015625,22.27251741103827953338623046875, 744.5999755859375</coordinates>
        </Point>
      </Placemark>
      <Placemark>
        <TimeSpan>
          <begin>2026-02-15T09:44:16+08:00</begin>
          <end>2026-02-15T09:44:17+08:00</end>
        </TimeSpan>
        <Style>
          <IconStyle>
            <color>FF00FFFF</color>
            <scale>0.9</scale>
            <Icon>
              <href>http://maps.google.com/mapfiles/kml/shapes/placemark_circle.png</href>
            </Icon>
          </IconStyle>
        </Style>
        <Point>
          <altitudeMode>clampToGround</altitudeMode>
          <coordinates>114.14941345341503620147705078125,22.27252227254211902618408203125, 744.5999755859375</coordinates>
        </Point>
      </Placemark>
      <Placemark>
        <TimeSpan>
          <begin>2026-02-15T09:44:17+08:00</begin>
          <end>2026-02-15T09:44:20+08:00</end>
        </TimeSpan>
        <Style>
          <IconStyle>
            <color>FF00FFFF</color>
            <scale>0.9</scale>
            <Icon>
              <href>http://maps.google.com/mapfiles/kml/shapes/placemark_circle.png</href>
            </Icon>
          </IconStyle>
        </Style>
        <Point>
          <altitudeMode>clampToGround</altitudeMode>
          <coordinates>114.1493766568601131439208984375,22.2725387848913669586181640625, 744.79998779296875</coordinates>
        </Point>
      </Placemark>
      <Placemark>
        <TimeSpan>
          <begin>2026-02-15T09:44:20+08:00</begin>
          <end>2026-02-15T09:44:22+08:00</end>
        </TimeSpan>
        <Style>
          <IconStyle>
            <color>FF00FFFF</color>
            <scale>0.9</scale>
            <Icon>
              <href>http://maps.google.com/mapfiles/kml/shapes/placemark_circle.png</href>
            </Icon>
          </IconStyle>
        </Style>
        <Point>
          <altitudeMode>clampToGround</altitudeMode>
          <coordinates>114.149343967437744140625,22.2725454904139041900634765625, 745</coordinates>
        </Point>
      </Placemark>
      <Placemark>
        <TimeSpan>
          <begin>2026-02-15T09:44:22+08:00</begin>
          <end>2026-02-15T09:44:27+08:00</end>
        </TimeSpan>
        <Style>
          <IconStyle>
            <color>FF00FFFF</color>
            <scale>0.9</scale>
            <Icon>
              <href>http://maps.google.com/mapfiles/kml/shapes/placemark_circle.png</href>
            </Icon>
          </IconStyle>
        </Style>
        <Point>
          <altitudeMode>clampToGround</altitudeMode>
          <coordinates>114.14928487502038478851318359375,22.27258932776749134063720703125, 745.20001220703125</coordinates>
        </Point>
      </Placemark>
      <Placemark>
        <TimeSpan>
          <begin>2026-02-15T09:44:27+08:00</begin>
          <end>2026-02-15T09:44:28+08:00</end>
        </TimeSpan>
        <Style>
          <IconStyle>
            <color>FF00FFFF</color>
            <scale>0.9</scale>
            <Icon>
              <href>http://maps.google.com/mapfiles/kml/shapes/placemark_circle.png</href>
            </Icon>
          </IconStyle>
        </Style>
        <Point>
          <altitudeMode>clampToGround</altitudeMode>
          <coordinates>114.14928621612489223480224609375,22.2725902497768402099609375, 745.20001220703125</coordinates>
        </Point>
      </Placemark>
      <Placemark>
        <TimeSpan>
          <begin>2026-02-15T09:44:28+08:00</begin>
          <end>2026-02-15T09:44:34+08:00</end>
        </TimeSpan>
        <Style>
          <IconStyle>
            <color>FF00FFFF</color>
            <scale>0.9</scale>
            <Icon>
              <href>http://maps.google.com/mapfiles/kml/shapes/placemark_circle.png</href>
            </Icon>
          </IconStyle>
        </Style>
        <Point>
          <altitudeMode>clampToGround</altitudeMode>
          <coordinates>114.14928738959133625030517578125,22.27260810323059558868408203125, 745.20001220703125</coordinates>
        </Point>
      </Placemark>
      <Placemark>
        <TimeSpan>
          <begin>2026-02-15T09:44:34+08:00</begin>
          <end>2026-02-15T09:44:40+08:00</end>
        </TimeSpan>
        <Style>
          <IconStyle>
            <color>FF00FFFF</color>
            <scale>0.9</scale>
            <Icon>
              <href>http://maps.google.com/mapfiles/kml/shapes/placemark_circle.png</href>
            </Icon>
          </IconStyle>
        </Style>
        <Point>
          <altitudeMode>clampToGround</altitudeMode>
          <coordinates>114.14924313314259052276611328125,22.272635512053966522216796875, 745.20001220703125</coordinates>
        </Point>
      </Placemark>
      <Placemark>
        <TimeSpan>
          <begin>2026-02-15T09:44:40+08:00</begin>
          <end>2026-02-15T09:44:45+08:00</end>
        </TimeSpan>
        <Style>
          <IconStyle>
            <color>FF00FFFF</color>
            <scale>0.9</scale>
            <Icon>
              <href>http://maps.google.com/mapfiles/kml/shapes/placemark_circle.png</href>
            </Icon>
          </IconStyle>
        </Style>
        <Point>
          <altitudeMode>clampToGround</altitudeMode>
          <coordinates>114.1491915844380855560302734375,22.2726653516292572021484375, 745.20001220703125</coordinates>
        </Point>
      </Placemark>
      <Placemark>
        <TimeSpan>
          <begin>2026-02-15T09:44:45+08:00</begin>
          <end>2026-02-15T09:44:49+08:00</end>
        </TimeSpan>
        <Style>
          <IconStyle>
            <color>FF00FFFF</color>
            <scale>0.9</scale>
            <Icon>
              <href>http://maps.google.com/mapfiles/kml/shapes/placemark_circle.png</href>
            </Icon>
          </IconStyle>
        </Style>
        <Point>
          <altitudeMode>clampToGround</altitudeMode>
          <coordinates>114.149151183664798736572265625,22.2726846300065517425537109375, 745.4000244140625</coordinates>
        </Point>
      </Placemark>
      <Placemark>
        <TimeSpan>
          <begin>2026-02-15T09:44:49+08:00</begin>
          <end>2026-02-15T09:44:50+08:00</end>
        </TimeSpan>
        <Style>
          <IconStyle>
            <color>FF00FFFF</color>
            <scale>0.9</scale>
            <Icon>
              <href>http://maps.google.com/mapfiles/kml/shapes/placemark_circle.png</href>
            </Icon>
          </IconStyle>
        </Style>
        <Point>
          <altitudeMode>clampToGround</altitudeMode>
          <coordinates>114.149143807590007781982421875,22.27269225753843784332275390625, 745.4000244140625</coordinates>
        </Point>
      </Placemark>
      <Placemark>
        <TimeSpan>
          <begin>2026-02-15T09:44:50+08:00</begin>
          <end>2026-02-15T09:44:53+08:00</end>
        </TimeSpan>
        <Style>
          <IconStyle>
            <color>FF00FFFF</color>
            <scale>0.9</scale>
            <Icon>
              <href>http://maps.google.com/mapfiles/kml/shapes/placemark_circle.png</href>
            </Icon>
          </IconStyle>
        </Style>
        <Point>
          <altitudeMode>clampToGround</altitudeMode>
          <coordinates>114.1491198353469371795654296875,22.272713296115398406982421875, 745.4000244140625</coordinates>
        </Point>
      </Placemark>
      <Placemark>
        <TimeSpan>
          <begin>2026-02-15T09:44:53+08:00</begin>
          <end>2026-02-15T09:44:55+08:00</end>
        </TimeSpan>
        <Style>
          <IconStyle>
            <color>FF00FFFF</color>
            <scale>0.9</scale>
            <Icon>
              <href>http://maps.google.com/mapfiles/kml/shapes/placemark_circle.png</href>
            </Icon>
          </IconStyle>
        </Style>
        <Point>
          <altitudeMode>clampToGround</altitudeMode>
          <coordinates>114.149090163409709930419921875,22.27272394113242626190185546875, 745.4000244140625</coordinates>
        </Point>
      </Placemark>
      <Placemark>
        <TimeSpan>
          <begin>2026-02-15T09:44:55+08:00</begin>
          <end>2026-02-15T09:44:57+08:00</end>
        </TimeSpan>
        <Style>
          <IconStyle>
            <color>FF00FFFF</color>
            <scale>0.9</scale>
            <Icon>
              <href>http://maps.google.com/mapfiles/kml/shapes/placemark_circle.png</href>
            </Icon>
          </IconStyle>
        </Style>
        <Point>
          <altitudeMode>clampToGround</altitudeMode>
          <coordinates>114.14906971156597137451171875,22.27273265831172466278076171875, 745.20001220703125</coordinates>
        </Point>
      </Placemark>
      <Placemark>
        <TimeSpan>
          <begin>2026-02-15T09:44:57+08:00</begin>
          <end>2026-02-15T09:44:59+08:00</end>
        </TimeSpan>
        <Style>
          <IconStyle>
            <color>FF00FFFF</color>
            <scale>0.9</scale>
            <Icon>
              <href>http://maps.google.com/mapfiles/kml/shapes/placemark_circle.png</href>
            </Icon>
          </IconStyle>
        </Style>
        <Point>
          <altitudeMode>clampToGround</altitudeMode>
          <coordinates>114.1490564681589603424072265625,22.27275009267032146453857421875, 745.20001220703125</coordinates>
        </Point>
      </Placemark>
      <Placemark>
        <TimeSpan>
          <begin>2026-02-15T09:44:59+08:00</begin>
          <end>2026-02-15T09:45:00+08:00</end>
        </TimeSpan>
        <Style>
          <IconStyle>
            <color>FF00FFFF</color>
            <scale>0.9</scale>
            <Icon>
              <href>http://maps.google.com/mapfiles/kml/shapes/placemark_circle.png</href>
            </Icon>
          </IconStyle>
        </Style>
        <Point>
          <altitudeMode>clampToGround</altitudeMode>
          <coordinates>114.14904850535094738006591796875,22.27276149205863475799560546875, 745</coordinates>
        </Point>
      </Placemark>
      <Placemark>
        <TimeSpan>
          <begin>2026-02-15T09:45:00+08:00</begin>
          <end>2026-02-15T09:45:01+08:00</end>
        </TimeSpan>
        <Style>
          <IconStyle>
            <color>FF00FFFF</color>
            <scale>0.9</scale>
            <Icon>
              <href>http://maps.google.com/mapfiles/kml/shapes/placemark_circle.png</href>
            </Icon>
          </IconStyle>
        </Style>
        <Point>
          <altitudeMode>clampToGround</altitudeMode>
          <coordinates>114.14904347620904445648193359375,22.27277842350304126739501953125, 745.20001220703125</coordinates>
        </Point>
      </Placemark>
      <Placemark>
        <TimeSpan>
          <begin>2026-02-15T09:45:01+08:00</begin>
          <end>2026-02-15T09:45:05+08:00</end>
        </TimeSpan>
        <Style>
          <IconStyle>
            <color>FF00FFFF</color>
            <scale>0.9</scale>
            <Icon>
              <href>http://maps.google.com/mapfiles/kml/shapes/placemark_circle.png</href>
            </Icon>
          </IconStyle>
        </Style>
        <Point>
          <altitudeMode>clampToGround</altitudeMode>
          <coordinates>114.14902738295495510101318359375,22.27283902466297149658203125, 745</coordinates>
        </Point>
      </Placemark>
      <Placemark>
        <TimeSpan>
          <begin>2026-02-15T09:45:05+08:00</begin>
          <end>2026-02-15T09:45:08+08:00</end>
        </TimeSpan>
        <Style>
          <IconStyle>
            <color>FF00FFFF</color>
            <scale>0.9</scale>
            <Icon>
              <href>http://maps.google.com/mapfiles/kml/shapes/placemark_circle.png</href>
            </Icon>
          </IconStyle>
        </Style>
        <Point>
          <altitudeMode>clampToGround</altitudeMode>
          <coordinates>114.14902302436530590057373046875,22.27287531830370426177978515625, 744.79998779296875</coordinates>
        </Point>
      </Placemark>
      <Placemark>
        <TimeSpan>
          <begin>2026-02-15T09:45:08+08:00</begin>
          <end>2026-02-15T09:45:09+08:00</end>
        </TimeSpan>
        <Style>
          <IconStyle>
            <color>FF00FFFF</color>
            <scale>0.9</scale>
            <Icon>
              <href>http://maps.google.com/mapfiles/kml/shapes/placemark_circle.png</href>
            </Icon>
          </IconStyle>
        </Style>
        <Point>
          <altitudeMode>clampToGround</altitudeMode>
          <coordinates>114.14902419783174991607666015625,22.27288470603525638580322265625, 744.79998779296875</coordinates>
        </Point>
      </Placemark>
      <Placemark>
        <TimeSpan>
          <begin>2026-02-15T09:45:09+08:00</begin>
          <end>2026-02-15T09:45:11+08:00</end>
        </TimeSpan>
        <Style>
          <IconStyle>
            <color>FF00FFFF</color>
            <scale>0.9</scale>
            <Icon>
              <href>http://maps.google.com/mapfiles/kml/shapes/placemark_circle.png</href>
            </Icon>
          </IconStyle>
        </Style>
        <Point>
          <altitudeMode>clampToGround</altitudeMode>
          <coordinates>114.1490189172327518463134765625,22.27291270159184932708740234375, 744.79998779296875</coordinates>
        </Point>
      </Placemark>
      <Placemark>
        <TimeSpan>
          <begin>2026-02-15T09:45:11+08:00</begin>
          <end>2026-02-15T09:45:15+08:00</end>
        </TimeSpan>
        <Style>
          <IconStyle>
            <color>FF00FFFF</color>
            <scale>0.9</scale>
            <Icon>
              <href>http://maps.google.com/mapfiles/kml/shapes/placemark_circle.png</href>
            </Icon>
          </IconStyle>
        </Style>
        <Point>
          <altitudeMode>clampToGround</altitudeMode>
          <coordinates>114.1490019857883453369140625,22.2729763202369213104248046875, 744.79998779296875</coordinates>
        </Point>
      </Placemark>
      <Placemark>
        <TimeSpan>
          <begin>2026-02-15T09:45:15+08:00</begin>
          <end>2026-02-15T09:45:18+08:00</end>
        </TimeSpan>
        <Style>
          <IconStyle>
            <color>FF00FFFF</color>
            <scale>0.9</scale>
            <Icon>
              <href>http://maps.google.com/mapfiles/kml/shapes/placemark_circle.png</href>
            </Icon>
          </IconStyle>
        </Style>
        <Point>
          <altitudeMode>clampToGround</altitudeMode>
          <coordinates>114.148984886705875396728515625,22.27302401326596736907958984375, 745</coordinates>
        </Point>
      </Placemark>
      <Placemark>
        <TimeSpan>
          <begin>2026-02-15T09:45:18+08:00</begin>
          <end>2026-02-15T09:45:19+08:00</end>
        </TimeSpan>
        <Style>
          <IconStyle>
            <color>FF00FFFF</color>
            <scale>0.9</scale>
            <Icon>
              <href>http://maps.google.com/mapfiles/kml/shapes/placemark_circle.png</href>
            </Icon>
          </IconStyle>
        </Style>
        <Point>
          <altitudeMode>clampToGround</altitudeMode>
          <coordinates>114.14898128248751163482666015625,22.27303809486329555511474609375, 744.79998779296875</coordinates>
        </Point>
      </Placemark>
      <Placemark>
        <TimeSpan>
          <begin>2026-02-15T09:45:19+08:00</begin>
          <end>2026-02-15T09:45:21+08:00</end>
        </TimeSpan>
        <Style>
          <IconStyle>
            <color>FF00FFFF</color>
            <scale>0.9</scale>
            <Icon>
              <href>http://maps.google.com/mapfiles/kml/shapes/placemark_circle.png</href>
            </Icon>
          </IconStyle>
        </Style>
        <Point>
          <altitudeMode>clampToGround</altitudeMode>
          <coordinates>114.1489770077168941497802734375,22.27306407876312732696533203125, 745</coordinates>
        </Point>
      </Placemark>
      <Placemark>
        <TimeSpan>
          <begin>2026-02-15T09:45:21+08:00</begin>
          <end>2026-02-15T09:45:24+08:00</end>
        </TimeSpan>
        <Style>
          <IconStyle>
            <color>FF00FFFF</color>
            <scale>0.9</scale>
            <Icon>
              <href>http://maps.google.com/mapfiles/kml/shapes/placemark_circle.png</href>
            </Icon>
          </IconStyle>
        </Style>
        <Point>
          <altitudeMode>clampToGround</altitudeMode>
          <coordinates>114.14896384812891483306884765625,22.27310196496546268463134765625, 744.5999755859375</coordinates>
        </Point>
      </Placemark>
      <Placemark>
        <TimeSpan>
          <begin>2026-02-15T09:45:24+08:00</begin>
          <end>2026-02-15T09:45:26+08:00</end>
        </TimeSpan>
        <Style>
          <IconStyle>
            <color>FF00FFFF</color>
            <scale>0.9</scale>
            <Icon>
              <href>http://maps.google.com/mapfiles/kml/shapes/placemark_circle.png</href>
            </Icon>
          </IconStyle>
        </Style>
        <Point>
          <altitudeMode>clampToGround</altitudeMode>
          <coordinates>114.1489552147686481475830078125,22.27312409318983554840087890625, 744.79998779296875</coordinates>
        </Point>
      </Placemark>
      <Placemark>
        <TimeSpan>
          <begin>2026-02-15T09:45:26+08:00</begin>
          <end>2026-02-15T09:45:29+08:00</end>
        </TimeSpan>
        <Style>
          <IconStyle>
            <color>FF00FFFF</color>
            <scale>0.9</scale>
            <Icon>
              <href>http://maps.google.com/mapfiles/kml/shapes/placemark_circle.png</href>
            </Icon>
          </IconStyle>
        </Style>
        <Point>
          <altitudeMode>clampToGround</altitudeMode>
          <coordinates>114.1489277221262454986572265625,22.27316918782889842987060546875, 745.20001220703125</coordinates>
        </Point>
      </Placemark>
      <Placemark>
        <TimeSpan>
          <begin>2026-02-15T09:45:29+08:00</begin>
          <end>2026-02-15T09:45:31+08:00</end>
        </TimeSpan>
        <Style>
          <IconStyle>
            <color>FF00FFFF</color>
            <scale>0.9</scale>
            <Icon>
              <href>http://maps.google.com/mapfiles/kml/shapes/placemark_circle.png</href>
            </Icon>
          </IconStyle>
        </Style>
        <Point>
          <altitudeMode>clampToGround</altitudeMode>
          <coordinates>114.148919843137264251708984375,22.273188047111034393310546875, 745.20001220703125</coordinates>
        </Point>
      </Placemark>
      <Placemark>
        <TimeSpan>
          <begin>2026-02-15T09:45:31+08:00</begin>
          <end>2026-02-15T09:45:34+08:00</end>
        </TimeSpan>
        <Style>
          <IconStyle>
            <color>FF00FFFF</color>
            <scale>0.9</scale>
            <Icon>
              <href>http://maps.google.com/mapfiles/kml/shapes/placemark_circle.png</href>
            </Icon>
          </IconStyle>
        </Style>
        <Point>
          <altitudeMode>clampToGround</altitudeMode>
          <coordinates>114.14891146123409271240234375,22.27322903461754322052001953125, 745</coordinates>
        </Point>
      </Placemark>
      <Placemark>
        <TimeSpan>
          <begin>2026-02-15T09:45:34+08:00</begin>
          <end>2026-02-15T09:45:36+08:00</end>
        </TimeSpan>
        <Style>
          <IconStyle>
            <color>FF00FFFF</color>
            <scale>0.9</scale>
            <Icon>
              <href>http://maps.google.com/mapfiles/kml/shapes/placemark_circle.png</href>
            </Icon>
          </IconStyle>
        </Style>
        <Point>
          <altitudeMode>clampToGround</altitudeMode>
          <coordinates>114.148906767368316650390625,22.2732522524893283843994140625, 744.79998779296875</coordinates>
        </Point>
      </Placemark>
      <Placemark>
        <TimeSpan>
          <begin>2026-02-15T09:45:36+08:00</begin>
          <end>2026-02-15T09:45:40+08:00</end>
        </TimeSpan>
        <Style>
          <IconStyle>
            <color>FF00FFFF</color>
            <scale>0.9</scale>
            <Icon>
              <href>http://maps.google.com/mapfiles/kml/shapes/placemark_circle.png</href>
            </Icon>
          </IconStyle>
        </Style>
        <Point>
          <altitudeMode>clampToGround</altitudeMode>
          <coordinates>114.14891037158668041229248046875,22.27329189889132976531982421875, 744.79998779296875</coordinates>
        </Point>
      </Placemark>
      <Placemark>
        <TimeSpan>
          <begin>2026-02-15T09:45:40+08:00</begin>
          <end>2026-02-15T09:45:46+08:00</end>
        </TimeSpan>
        <Style>
          <IconStyle>
            <color>FF00FFFF</color>
            <scale>0.9</scale>
            <Icon>
              <href>http://maps.google.com/mapfiles/kml/shapes/placemark_circle.png</href>
            </Icon>
          </IconStyle>
        </Style>
        <Point>
          <altitudeMode>clampToGround</altitudeMode>
          <coordinates>114.14889595471322536468505859375,22.2733652405440807342529296875, 744.4000244140625</coordinates>
        </Point>
      </Placemark>
      <Placemark>
        <TimeSpan>
          <begin>2026-02-15T09:45:46+08:00</begin>
          <end>2026-02-15T09:45:47+08:00</end>
        </TimeSpan>
        <Style>
          <IconStyle>
            <color>FF00FFFF</color>
            <scale>0.9</scale>
            <Icon>
              <href>http://maps.google.com/mapfiles/kml/shapes/placemark_circle.png</href>
            </Icon>
          </IconStyle>
        </Style>
        <Point>
          <altitudeMode>clampToGround</altitudeMode>
          <coordinates>114.14888472296297550201416015625,22.27337772957980632781982421875, 744.4000244140625</coordinates>
        </Point>
      </Placemark>
      <Placemark>
        <TimeSpan>
          <begin>2026-02-15T09:45:47+08:00</begin>
          <end>2026-02-15T09:45:52+08:00</end>
        </TimeSpan>
        <Style>
          <IconStyle>
            <color>FF00FFFF</color>
            <scale>0.9</scale>
            <Icon>
              <href>http://maps.google.com/mapfiles/kml/shapes/placemark_circle.png</href>
            </Icon>
          </IconStyle>
        </Style>
        <Point>
          <altitudeMode>clampToGround</altitudeMode>
          <coordinates>114.148886986076831817626953125,22.2734302841126918792724609375, 744.4000244140625</coordinates>
        </Point>
      </Placemark>
      <Placemark>
        <TimeSpan>
          <begin>2026-02-15T09:45:52+08:00</begin>
          <end>2026-02-15T09:45:59+08:00</end>
        </TimeSpan>
        <Style>
          <IconStyle>
            <color>FF00FFFF</color>
            <scale>0.9</scale>
            <Icon>
              <href>http://maps.google.com/mapfiles/kml/shapes/placemark_circle.png</href>
            </Icon>
          </IconStyle>
        </Style>
        <Point>
          <altitudeMode>clampToGround</altitudeMode>
          <coordinates>114.14888036437332630157470703125,22.27350094355642795562744140625, 744.20001220703125</coordinates>
        </Point>
      </Placemark>
      <Placemark>
        <TimeSpan>
          <begin>2026-02-15T09:45:59+08:00</begin>
          <end>2026-02-15T09:46:00+08:00</end>
        </TimeSpan>
        <Style>
          <IconStyle>
            <color>FF00FFFF</color>
            <scale>0.9</scale>
            <Icon>
              <href>http://maps.google.com/mapfiles/kml/shapes/placemark_circle.png</href>
            </Icon>
          </IconStyle>
        </Style>
        <Point>
          <altitudeMode>clampToGround</altitudeMode>
          <coordinates>114.14886695332825183868408203125,22.273521982133388519287109375, 744.20001220703125</coordinates>
        </Point>
      </Placemark>
      <Placemark>
        <TimeSpan>
          <begin>2026-02-15T09:46:00+08:00</begin>
          <end>2026-02-15T09:46:02+08:00</end>
        </TimeSpan>
        <Style>
          <IconStyle>
            <color>FF00FFFF</color>
            <scale>0.9</scale>
            <Icon>
              <href>http://maps.google.com/mapfiles/kml/shapes/placemark_circle.png</href>
            </Icon>
          </IconStyle>
        </Style>
        <Point>
          <altitudeMode>clampToGround</altitudeMode>
          <coordinates>114.14887164719402790069580078125,22.27355106733739376068115234375, 744.20001220703125</coordinates>
        </Point>
      </Placemark>
      <Placemark>
        <TimeSpan>
          <begin>2026-02-15T09:46:02+08:00</begin>
          <end>2026-02-15T09:46:03+08:00</end>
        </TimeSpan>
        <Style>
          <IconStyle>
            <color>FF00FFFF</color>
            <scale>0.9</scale>
            <Icon>
              <href>http://maps.google.com/mapfiles/kml/shapes/placemark_circle.png</href>
            </Icon>
          </IconStyle>
        </Style>
        <Point>
          <altitudeMode>clampToGround</altitudeMode>
          <coordinates>114.14887164719402790069580078125,22.2735679149627685546875, 744.20001220703125</coordinates>
        </Point>
      </Placemark>
      <Placemark>
        <TimeSpan>
          <begin>2026-02-15T09:46:03+08:00</begin>
          <end>2026-02-15T09:46:05+08:00</end>
        </TimeSpan>
        <Style>
          <IconStyle>
            <color>FF00FFFF</color>
            <scale>0.9</scale>
            <Icon>
              <href>http://maps.google.com/mapfiles/kml/shapes/placemark_circle.png</href>
            </Icon>
          </IconStyle>
        </Style>
        <Point>
          <altitudeMode>clampToGround</altitudeMode>
          <coordinates>114.14887701161205768585205078125,22.2735960781574249267578125, 744.20001220703125</coordinates>
        </Point>
      </Placemark>
      <Placemark>
        <TimeSpan>
          <begin>2026-02-15T09:46:05+08:00</begin>
          <end>2026-02-15T09:46:07+08:00</end>
        </TimeSpan>
        <Style>
          <IconStyle>
            <color>FF00FFFF</color>
            <scale>0.9</scale>
            <Icon>
              <href>http://maps.google.com/mapfiles/kml/shapes/placemark_circle.png</href>
            </Icon>
          </IconStyle>
        </Style>
        <Point>
          <altitudeMode>clampToGround</altitudeMode>
          <coordinates>114.1488747484982013702392578125,22.2736257500946521759033203125, 744.20001220703125</coordinates>
        </Point>
      </Placemark>
      <Placemark>
        <TimeSpan>
          <begin>2026-02-15T09:46:07+08:00</begin>
          <end>2026-02-15T09:46:13+08:00</end>
        </TimeSpan>
        <Style>
          <IconStyle>
            <color>FF00FFFF</color>
            <scale>0.9</scale>
            <Icon>
              <href>http://maps.google.com/mapfiles/kml/shapes/placemark_circle.png</href>
            </Icon>
          </IconStyle>
        </Style>
        <Point>
          <altitudeMode>clampToGround</altitudeMode>
          <coordinates>114.1488408856093883514404296875,22.273678220808506011962890625, 744.79998779296875</coordinates>
        </Point>
      </Placemark>
      <Placemark>
        <TimeSpan>
          <begin>2026-02-15T09:46:13+08:00</begin>
          <end>2026-02-15T09:46:20+08:00</end>
        </TimeSpan>
        <Style>
          <IconStyle>
            <color>FF00FFFF</color>
            <scale>0.9</scale>
            <Icon>
              <href>http://maps.google.com/mapfiles/kml/shapes/placemark_circle.png</href>
            </Icon>
          </IconStyle>
        </Style>
        <Point>
          <altitudeMode>clampToGround</altitudeMode>
          <coordinates>114.14883392862975597381591796875,22.2737672366201877593994140625, 744.4000244140625</coordinates>
        </Point>
      </Placemark>
      <Placemark>
        <TimeSpan>
          <begin>2026-02-15T09:46:20+08:00</begin>
          <end>2026-02-15T09:46:21+08:00</end>
        </TimeSpan>
        <Style>
          <IconStyle>
            <color>FF00FFFF</color>
            <scale>0.9</scale>
            <Icon>
              <href>http://maps.google.com/mapfiles/kml/shapes/placemark_circle.png</href>
            </Icon>
          </IconStyle>
        </Style>
        <Point>
          <altitudeMode>clampToGround</altitudeMode>
          <coordinates>114.14883929304778575897216796875,22.2737816534936428070068359375, 744.4000244140625</coordinates>
        </Point>
      </Placemark>
      <Placemark>
        <TimeSpan>
          <begin>2026-02-15T09:46:21+08:00</begin>
          <end>2026-02-15T09:46:23+08:00</end>
        </TimeSpan>
        <Style>
          <IconStyle>
            <color>FF00FFFF</color>
            <scale>0.9</scale>
            <Icon>
              <href>http://maps.google.com/mapfiles/kml/shapes/placemark_circle.png</href>
            </Icon>
          </IconStyle>
        </Style>
        <Point>
          <altitudeMode>clampToGround</altitudeMode>
          <coordinates>114.14883828721940517425537109375,22.27380017749965190887451171875, 744.5999755859375</coordinates>
        </Point>
      </Placemark>
      <Placemark>
        <TimeSpan>
          <begin>2026-02-15T09:46:23+08:00</begin>
          <end>2026-02-15T09:46:24+08:00</end>
        </TimeSpan>
        <Style>
          <IconStyle>
            <color>FF00FFFF</color>
            <scale>0.9</scale>
            <Icon>
              <href>http://maps.google.com/mapfiles/kml/shapes/placemark_circle.png</href>
            </Icon>
          </IconStyle>
        </Style>
        <Point>
          <altitudeMode>clampToGround</altitudeMode>
          <coordinates>114.1488358564674854278564453125,22.27381342090666294097900390625, 744.5999755859375</coordinates>
        </Point>
      </Placemark>
      <Placemark>
        <TimeSpan>
          <begin>2026-02-15T09:46:24+08:00</begin>
          <end>2026-02-15T09:46:26+08:00</end>
        </TimeSpan>
        <Style>
          <IconStyle>
            <color>FF00FFFF</color>
            <scale>0.9</scale>
            <Icon>
              <href>http://maps.google.com/mapfiles/kml/shapes/placemark_circle.png</href>
            </Icon>
          </IconStyle>
        </Style>
        <Point>
          <altitudeMode>clampToGround</altitudeMode>
          <coordinates>114.1488382034003734588623046875,22.27383680641651153564453125, 744.5999755859375</coordinates>
        </Point>
      </Placemark>
      <Placemark>
        <TimeSpan>
          <begin>2026-02-15T09:46:26+08:00</begin>
          <end>2026-02-15T09:46:27+08:00</end>
        </TimeSpan>
        <Style>
          <IconStyle>
            <color>FF00FFFF</color>
            <scale>0.9</scale>
            <Icon>
              <href>http://maps.google.com/mapfiles/kml/shapes/placemark_circle.png</href>
            </Icon>
          </IconStyle>
        </Style>
        <Point>
          <altitudeMode>clampToGround</altitudeMode>
          <coordinates>114.14884666912257671356201171875,22.27384753525257110595703125, 744.5999755859375</coordinates>
        </Point>
      </Placemark>
      <Placemark>
        <TimeSpan>
          <begin>2026-02-15T09:46:27+08:00</begin>
          <end>2026-02-15T09:46:29+08:00</end>
        </TimeSpan>
        <Style>
          <IconStyle>
            <color>FF00FFFF</color>
            <scale>0.9</scale>
            <Icon>
              <href>http://maps.google.com/mapfiles/kml/shapes/placemark_circle.png</href>
            </Icon>
          </IconStyle>
        </Style>
        <Point>
          <altitudeMode>clampToGround</altitudeMode>
          <coordinates>114.14884298108518123626708984375,22.2738755308091640472412109375, 744.5999755859375</coordinates>
        </Point>
      </Placemark>
      <Placemark>
        <TimeSpan>
          <begin>2026-02-15T09:46:29+08:00</begin>
          <end>2026-02-15T09:46:31+08:00</end>
        </TimeSpan>
        <Style>
          <IconStyle>
            <color>FF00FFFF</color>
            <scale>0.9</scale>
            <Icon>
              <href>http://maps.google.com/mapfiles/kml/shapes/placemark_circle.png</href>
            </Icon>
          </IconStyle>
        </Style>
        <Point>
          <altitudeMode>clampToGround</altitudeMode>
          <coordinates>114.14883711375296115875244140625,22.2739057056605815887451171875, 744.5999755859375</coordinates>
        </Point>
      </Placemark>
      <Placemark>
        <TimeSpan>
          <begin>2026-02-15T09:46:31+08:00</begin>
          <end>2026-02-15T09:46:33+08:00</end>
        </TimeSpan>
        <Style>
          <IconStyle>
            <color>FF00FFFF</color>
            <scale>0.9</scale>
            <Icon>
              <href>http://maps.google.com/mapfiles/kml/shapes/placemark_circle.png</href>
            </Icon>
          </IconStyle>
        </Style>
        <Point>
          <altitudeMode>clampToGround</altitudeMode>
          <coordinates>114.1488351859152317047119140625,22.27393294684588909149169921875, 744.79998779296875</coordinates>
        </Point>
      </Placemark>
      <Placemark>
        <TimeSpan>
          <begin>2026-02-15T09:46:33+08:00</begin>
          <end>2026-02-15T09:46:35+08:00</end>
        </TimeSpan>
        <Style>
          <IconStyle>
            <color>FF00FFFF</color>
            <scale>0.9</scale>
            <Icon>
              <href>http://maps.google.com/mapfiles/kml/shapes/placemark_circle.png</href>
            </Icon>
          </IconStyle>
        </Style>
        <Point>
          <altitudeMode>clampToGround</altitudeMode>
          <coordinates>114.1488598287105560302734375,22.27395742200314998626708984375, 745</coordinates>
        </Point>
      </Placemark>
      <Placemark>
        <TimeSpan>
          <begin>2026-02-15T09:46:35+08:00</begin>
          <end>2026-02-15T09:46:39+08:00</end>
        </TimeSpan>
        <Style>
          <IconStyle>
            <color>FF00FFFF</color>
            <scale>0.9</scale>
            <Icon>
              <href>http://maps.google.com/mapfiles/kml/shapes/placemark_circle.png</href>
            </Icon>
          </IconStyle>
        </Style>
        <Point>
          <altitudeMode>clampToGround</altitudeMode>
          <coordinates>114.1488861478865146636962890625,22.2740096412599086761474609375, 745.20001220703125</coordinates>
        </Point>
      </Placemark>
      <Placemark>
        <TimeSpan>
          <begin>2026-02-15T09:46:39+08:00</begin>
          <end>2026-02-15T09:46:40+08:00</end>
        </TimeSpan>
        <Style>
          <IconStyle>
            <color>FF00FFFF</color>
            <scale>0.9</scale>
            <Icon>
              <href>http://maps.google.com/mapfiles/kml/shapes/placemark_circle.png</href>
            </Icon>
          </IconStyle>
        </Style>
        <Point>
          <altitudeMode>clampToGround</altitudeMode>
          <coordinates>114.14889327250421047210693359375,22.27402179501950740814208984375, 745.20001220703125</coordinates>
        </Point>
      </Placemark>
      <Placemark>
        <TimeSpan>
          <begin>2026-02-15T09:46:40+08:00</begin>
          <end>2026-02-15T09:46:42+08:00</end>
        </TimeSpan>
        <Style>
          <IconStyle>
            <color>FF00FFFF</color>
            <scale>0.9</scale>
            <Icon>
              <href>http://maps.google.com/mapfiles/kml/shapes/placemark_circle.png</href>
            </Icon>
          </IconStyle>
        </Style>
        <Point>
          <altitudeMode>clampToGround</altitudeMode>
          <coordinates>114.148900397121906280517578125,22.27404878474771976470947265625, 745</coordinates>
        </Point>
      </Placemark>
      <Placemark>
        <TimeSpan>
          <begin>2026-02-15T09:46:42+08:00</begin>
          <end>2026-02-15T09:46:44+08:00</end>
        </TimeSpan>
        <Style>
          <IconStyle>
            <color>FF00FFFF</color>
            <scale>0.9</scale>
            <Icon>
              <href>http://maps.google.com/mapfiles/kml/shapes/placemark_circle.png</href>
            </Icon>
          </IconStyle>
        </Style>
        <Point>
          <altitudeMode>clampToGround</altitudeMode>
          <coordinates>114.14890869520604610443115234375,22.27406471036374568939208984375, 745</coordinates>
        </Point>
      </Placemark>
      <Placemark>
        <TimeSpan>
          <begin>2026-02-15T09:46:44+08:00</begin>
          <end>2026-02-15T09:46:45+08:00</end>
        </TimeSpan>
        <Style>
          <IconStyle>
            <color>FF00FFFF</color>
            <scale>0.9</scale>
            <Icon>
              <href>http://maps.google.com/mapfiles/kml/shapes/placemark_circle.png</href>
            </Icon>
          </IconStyle>
        </Style>
        <Point>
          <altitudeMode>clampToGround</altitudeMode>
          <coordinates>114.1489156521856784820556640625,22.2740750201046466827392578125, 745</coordinates>
        </Point>
      </Placemark>
      <Placemark>
        <TimeSpan>
          <begin>2026-02-15T09:46:45+08:00</begin>
          <end>2026-02-15T09:46:47+08:00</end>
        </TimeSpan>
        <Style>
          <IconStyle>
            <color>FF00FFFF</color>
            <scale>0.9</scale>
            <Icon>
              <href>http://maps.google.com/mapfiles/kml/shapes/placemark_circle.png</href>
            </Icon>
          </IconStyle>
        </Style>
        <Point>
          <altitudeMode>clampToGround</altitudeMode>
          <coordinates>114.1489334218204021453857421875,22.27411307394504547119140625, 745</coordinates>
        </Point>
      </Placemark>
      <Placemark>
        <TimeSpan>
          <begin>2026-02-15T09:46:47+08:00</begin>
          <end>2026-02-15T09:46:50+08:00</end>
        </TimeSpan>
        <Style>
          <IconStyle>
            <color>FF00FFFF</color>
            <scale>0.9</scale>
            <Icon>
              <href>http://maps.google.com/mapfiles/kml/shapes/placemark_circle.png</href>
            </Icon>
          </IconStyle>
        </Style>
        <Point>
          <altitudeMode>clampToGround</altitudeMode>
          <coordinates>114.14895303547382354736328125,22.27416026405990123748779296875, 745</coordinates>
        </Point>
      </Placemark>
      <Placemark>
        <TimeSpan>
          <begin>2026-02-15T09:46:50+08:00</begin>
          <end>2026-02-15T09:46:52+08:00</end>
        </TimeSpan>
        <Style>
          <IconStyle>
            <color>FF00FFFF</color>
            <scale>0.9</scale>
            <Icon>
              <href>http://maps.google.com/mapfiles/kml/shapes/placemark_circle.png</href>
            </Icon>
          </IconStyle>
        </Style>
        <Point>
          <altitudeMode>clampToGround</altitudeMode>
          <coordinates>114.14896242320537567138671875,22.27417753078043460845947265625, 745</coordinates>
        </Point>
      </Placemark>
      <Placemark>
        <TimeSpan>
          <begin>2026-02-15T09:46:52+08:00</begin>
          <end>2026-02-15T09:46:56+08:00</end>
        </TimeSpan>
        <Style>
          <IconStyle>
            <color>FF00FFFF</color>
            <scale>0.9</scale>
            <Icon>
              <href>http://maps.google.com/mapfiles/kml/shapes/placemark_circle.png</href>
            </Icon>
          </IconStyle>
        </Style>
        <Point>
          <altitudeMode>clampToGround</altitudeMode>
          <coordinates>114.1489719785749912261962890625,22.27424022741615772247314453125, 744.5999755859375</coordinates>
        </Point>
      </Placemark>
      <Placemark>
        <TimeSpan>
          <begin>2026-02-15T09:46:56+08:00</begin>
          <end>2026-02-15T09:46:57+08:00</end>
        </TimeSpan>
        <Style>
          <IconStyle>
            <color>FF00FFFF</color>
            <scale>0.9</scale>
            <Icon>
              <href>http://maps.google.com/mapfiles/kml/shapes/placemark_circle.png</href>
            </Icon>
          </IconStyle>
        </Style>
        <Point>
          <altitudeMode>clampToGround</altitudeMode>
          <coordinates>114.1489837132394313812255859375,22.27425280027091503143310546875, 744.5999755859375</coordinates>
        </Point>
      </Placemark>
      <Placemark>
        <TimeSpan>
          <begin>2026-02-15T09:46:57+08:00</begin>
          <end>2026-02-15T09:47:00+08:00</end>
        </TimeSpan>
        <Style>
          <IconStyle>
            <color>FF00FFFF</color>
            <scale>0.9</scale>
            <Icon>
              <href>http://maps.google.com/mapfiles/kml/shapes/placemark_circle.png</href>
            </Icon>
          </IconStyle>
        </Style>
        <Point>
          <altitudeMode>clampToGround</altitudeMode>
          <coordinates>114.1490068472921848297119140625,22.274277023971080780029296875, 744.5999755859375</coordinates>
        </Point>
      </Placemark>
      <Placemark>
        <TimeSpan>
          <begin>2026-02-15T09:47:00+08:00</begin>
          <end>2026-02-15T09:47:01+08:00</end>
        </TimeSpan>
        <Style>
          <IconStyle>
            <color>FF00FFFF</color>
            <scale>0.9</scale>
            <Icon>
              <href>http://maps.google.com/mapfiles/kml/shapes/placemark_circle.png</href>
            </Icon>
          </IconStyle>
        </Style>
        <Point>
          <altitudeMode>clampToGround</altitudeMode>
          <coordinates>114.14902369491755962371826171875,22.27428263984620571136474609375, 744.79998779296875</coordinates>
        </Point>
      </Placemark>
      <Placemark>
        <TimeSpan>
          <begin>2026-02-15T09:47:01+08:00</begin>
          <end>2026-02-15T09:47:05+08:00</end>
        </TimeSpan>
        <Style>
          <IconStyle>
            <color>FF00FFFF</color>
            <scale>0.9</scale>
            <Icon>
              <href>http://maps.google.com/mapfiles/kml/shapes/placemark_circle.png</href>
            </Icon>
          </IconStyle>
        </Style>
        <Point>
          <altitudeMode>clampToGround</altitudeMode>
          <coordinates>114.149041213095188140869140625,22.2743422351777553558349609375, 745</coordinates>
        </Point>
      </Placemark>
      <Placemark>
        <TimeSpan>
          <begin>2026-02-15T09:47:05+08:00</begin>
          <end>2026-02-15T09:47:06+08:00</end>
        </TimeSpan>
        <Style>
          <IconStyle>
            <color>FF00FFFF</color>
            <scale>0.9</scale>
            <Icon>
              <href>http://maps.google.com/mapfiles/kml/shapes/placemark_circle.png</href>
            </Icon>
          </IconStyle>
        </Style>
        <Point>
          <altitudeMode>clampToGround</altitudeMode>
          <coordinates>114.14903174154460430145263671875,22.27435271255671977996826171875, 745</coordinates>
        </Point>
      </Placemark>
      <Placemark>
        <TimeSpan>
          <begin>2026-02-15T09:47:06+08:00</begin>
          <end>2026-02-15T09:47:08+08:00</end>
        </TimeSpan>
        <Style>
          <IconStyle>
            <color>FF00FFFF</color>
            <scale>0.9</scale>
            <Icon>
              <href>http://maps.google.com/mapfiles/kml/shapes/placemark_circle.png</href>
            </Icon>
          </IconStyle>
        </Style>
        <Point>
          <altitudeMode>clampToGround</altitudeMode>
          <coordinates>114.1490279696881771087646484375,22.2743740864098072052001953125, 744.79998779296875</coordinates>
        </Point>
      </Placemark>
      <Placemark>
        <TimeSpan>
          <begin>2026-02-15T09:47:08+08:00</begin>
          <end>2026-02-15T09:47:09+08:00</end>
        </TimeSpan>
        <Style>
          <IconStyle>
            <color>FF00FFFF</color>
            <scale>0.9</scale>
            <Icon>
              <href>http://maps.google.com/mapfiles/kml/shapes/placemark_circle.png</href>
            </Icon>
          </IconStyle>
        </Style>
        <Point>
          <altitudeMode>clampToGround</altitudeMode>
          <coordinates>114.1490192525088787078857421875,22.27438841946423053741455078125, 744.5999755859375</coordinates>
        </Point>
      </Placemark>
      <Placemark>
        <TimeSpan>
          <begin>2026-02-15T09:47:09+08:00</begin>
          <end>2026-02-15T09:47:12+08:00</end>
        </TimeSpan>
        <Style>
          <IconStyle>
            <color>FF00FFFF</color>
            <scale>0.9</scale>
            <Icon>
              <href>http://maps.google.com/mapfiles/kml/shapes/placemark_circle.png</href>
            </Icon>
          </IconStyle>
        </Style>
        <Point>
          <altitudeMode>clampToGround</altitudeMode>
          <coordinates>114.14901204407215118408203125,22.27442479692399501800537109375, 744.5999755859375</coordinates>
        </Point>
      </Placemark>
      <Placemark>
        <TimeSpan>
          <begin>2026-02-15T09:47:12+08:00</begin>
          <end>2026-02-15T09:47:15+08:00</end>
        </TimeSpan>
        <Style>
          <IconStyle>
            <color>FF00FFFF</color>
            <scale>0.9</scale>
            <Icon>
              <href>http://maps.google.com/mapfiles/kml/shapes/placemark_circle.png</href>
            </Icon>
          </IconStyle>
        </Style>
        <Point>
          <altitudeMode>clampToGround</altitudeMode>
          <coordinates>114.14899435825645923614501953125,22.27447039447724819183349609375, 744.20001220703125</coordinates>
        </Point>
      </Placemark>
      <Placemark>
        <TimeSpan>
          <begin>2026-02-15T09:47:15+08:00</begin>
          <end>2026-02-15T09:47:18+08:00</end>
        </TimeSpan>
        <Style>
          <IconStyle>
            <color>FF00FFFF</color>
            <scale>0.9</scale>
            <Icon>
              <href>http://maps.google.com/mapfiles/kml/shapes/placemark_circle.png</href>
            </Icon>
          </IconStyle>
        </Style>
        <Point>
          <altitudeMode>clampToGround</altitudeMode>
          <coordinates>114.1489706374704837799072265625,22.27450895123183727264404296875, 744.20001220703125</coordinates>
        </Point>
      </Placemark>
      <Placemark>
        <TimeSpan>
          <begin>2026-02-15T09:47:18+08:00</begin>
          <end>2026-02-15T09:47:19+08:00</end>
        </TimeSpan>
        <Style>
          <IconStyle>
            <color>FF00FFFF</color>
            <scale>0.9</scale>
            <Icon>
              <href>http://maps.google.com/mapfiles/kml/shapes/placemark_circle.png</href>
            </Icon>
          </IconStyle>
        </Style>
        <Point>
          <altitudeMode>clampToGround</altitudeMode>
          <coordinates>114.14896904490888118743896484375,22.2745222784578800201416015625, 744.20001220703125</coordinates>
        </Point>
      </Placemark>
      <Placemark>
        <TimeSpan>
          <begin>2026-02-15T09:47:19+08:00</begin>
          <end>2026-02-15T09:47:21+08:00</end>
        </TimeSpan>
        <Style>
          <IconStyle>
            <color>FF00FFFF</color>
            <scale>0.9</scale>
            <Icon>
              <href>http://maps.google.com/mapfiles/kml/shapes/placemark_circle.png</href>
            </Icon>
          </IconStyle>
        </Style>
        <Point>
          <altitudeMode>clampToGround</altitudeMode>
          <coordinates>114.14897340349853038787841796875,22.2745549678802490234375, 744.4000244140625</coordinates>
        </Point>
      </Placemark>
      <Placemark>
        <TimeSpan>
          <begin>2026-02-15T09:47:21+08:00</begin>
          <end>2026-02-15T09:47:22+08:00</end>
        </TimeSpan>
        <Style>
          <IconStyle>
            <color>FF00FFFF</color>
            <scale>0.9</scale>
            <Icon>
              <href>http://maps.google.com/mapfiles/kml/shapes/placemark_circle.png</href>
            </Icon>
          </IconStyle>
        </Style>
        <Point>
          <altitudeMode>clampToGround</altitudeMode>
          <coordinates>114.14897860027849674224853515625,22.2745762579143047332763671875, 744.4000244140625</coordinates>
        </Point>
      </Placemark>
      <Placemark>
        <TimeSpan>
          <begin>2026-02-15T09:47:22+08:00</begin>
          <end>2026-02-15T09:47:23+08:00</end>
        </TimeSpan>
        <Style>
          <IconStyle>
            <color>FF00FFFF</color>
            <scale>0.9</scale>
            <Icon>
              <href>http://maps.google.com/mapfiles/kml/shapes/placemark_circle.png</href>
            </Icon>
          </IconStyle>
        </Style>
        <Point>
          <altitudeMode>clampToGround</altitudeMode>
          <coordinates>114.14898111484944820404052734375,22.27459209971129894256591796875, 744.20001220703125</coordinates>
        </Point>
      </Placemark>
      <Placemark>
        <TimeSpan>
          <begin>2026-02-15T09:47:23+08:00</begin>
          <end>2026-02-15T09:47:27+08:00</end>
        </TimeSpan>
        <Style>
          <IconStyle>
            <color>FF00FFFF</color>
            <scale>0.9</scale>
            <Icon>
              <href>http://maps.google.com/mapfiles/kml/shapes/placemark_circle.png</href>
            </Icon>
          </IconStyle>
        </Style>
        <Point>
          <altitudeMode>clampToGround</altitudeMode>
          <coordinates>114.14898924529552459716796875,22.27465446107089519500732421875, 744.4000244140625</coordinates>
        </Point>
      </Placemark>
      <Placemark>
        <TimeSpan>
          <begin>2026-02-15T09:47:27+08:00</begin>
          <end>2026-02-15T09:47:30+08:00</end>
        </TimeSpan>
        <Style>
          <IconStyle>
            <color>FF00FFFF</color>
            <scale>0.9</scale>
            <Icon>
              <href>http://maps.google.com/mapfiles/kml/shapes/placemark_circle.png</href>
            </Icon>
          </IconStyle>
        </Style>
        <Point>
          <altitudeMode>clampToGround</altitudeMode>
          <coordinates>114.14899058640003204345703125,22.27468832395970821380615234375, 744.4000244140625</coordinates>
        </Point>
      </Placemark>
      <Placemark>
        <TimeSpan>
          <begin>2026-02-15T09:47:30+08:00</begin>
          <end>2026-02-15T09:47:32+08:00</end>
        </TimeSpan>
        <Style>
          <IconStyle>
            <color>FF00FFFF</color>
            <scale>0.9</scale>
            <Icon>
              <href>http://maps.google.com/mapfiles/kml/shapes/placemark_circle.png</href>
            </Icon>
          </IconStyle>
        </Style>
        <Point>
          <altitudeMode>clampToGround</altitudeMode>
          <coordinates>114.14899536408483982086181640625,22.2747029922902584075927734375, 744.5999755859375</coordinates>
        </Point>
      </Placemark>
      <Placemark>
        <TimeSpan>
          <begin>2026-02-15T09:47:32+08:00</begin>
          <end>2026-02-15T09:47:33+08:00</end>
        </TimeSpan>
        <Style>
          <IconStyle>
            <color>FF00FFFF</color>
            <scale>0.9</scale>
            <Icon>
              <href>http://maps.google.com/mapfiles/kml/shapes/placemark_circle.png</href>
            </Icon>
          </IconStyle>
        </Style>
        <Point>
          <altitudeMode>clampToGround</altitudeMode>
          <coordinates>114.14900173433125019073486328125,22.2747180797159671783447265625, 744.5999755859375</coordinates>
        </Point>
      </Placemark>
      <Placemark>
        <TimeSpan>
          <begin>2026-02-15T09:47:33+08:00</begin>
          <end>2026-02-15T09:47:35+08:00</end>
        </TimeSpan>
        <Style>
          <IconStyle>
            <color>FF00FFFF</color>
            <scale>0.9</scale>
            <Icon>
              <href>http://maps.google.com/mapfiles/kml/shapes/placemark_circle.png</href>
            </Icon>
          </IconStyle>
        </Style>
        <Point>
          <altitudeMode>clampToGround</altitudeMode>
          <coordinates>114.14901464246213436126708984375,22.27476828731596469879150390625, 744.5999755859375</coordinates>
        </Point>
      </Placemark>
      <Placemark>
        <TimeSpan>
          <begin>2026-02-15T09:47:35+08:00</begin>
          <end>2026-02-15T09:47:37+08:00</end>
        </TimeSpan>
        <Style>
          <IconStyle>
            <color>FF00FFFF</color>
            <scale>0.9</scale>
            <Icon>
              <href>http://maps.google.com/mapfiles/kml/shapes/placemark_circle.png</href>
            </Icon>
          </IconStyle>
        </Style>
        <Point>
          <altitudeMode>clampToGround</altitudeMode>
          <coordinates>114.149021096527576446533203125,22.27481690235435962677001953125, 744.5999755859375</coordinates>
        </Point>
      </Placemark>
      <Placemark>
        <TimeSpan>
          <begin>2026-02-15T09:47:37+08:00</begin>
          <end>2026-02-15T09:47:39+08:00</end>
        </TimeSpan>
        <Style>
          <IconStyle>
            <color>FF00FFFF</color>
            <scale>0.9</scale>
            <Icon>
              <href>http://maps.google.com/mapfiles/kml/shapes/placemark_circle.png</href>
            </Icon>
          </IconStyle>
        </Style>
        <Point>
          <altitudeMode>clampToGround</altitudeMode>
          <coordinates>114.1490383632481098175048828125,22.27482830174267292022705078125, 744.5999755859375</coordinates>
        </Point>
      </Placemark>
      <Placemark>
        <TimeSpan>
          <begin>2026-02-15T09:47:39+08:00</begin>
          <end>2026-02-15T09:47:40+08:00</end>
        </TimeSpan>
        <Style>
          <IconStyle>
            <color>FF00FFFF</color>
            <scale>0.9</scale>
            <Icon>
              <href>http://maps.google.com/mapfiles/kml/shapes/placemark_circle.png</href>
            </Icon>
          </IconStyle>
        </Style>
        <Point>
          <altitudeMode>clampToGround</altitudeMode>
          <coordinates>114.1490504331886768341064453125,22.27483316324651241302490234375, 744.5999755859375</coordinates>
        </Point>
      </Placemark>
      <Placemark>
        <TimeSpan>
          <begin>2026-02-15T09:47:40+08:00</begin>
          <end>2026-02-15T09:47:41+08:00</end>
        </TimeSpan>
        <Style>
          <IconStyle>
            <color>FF00FFFF</color>
            <scale>0.9</scale>
            <Icon>
              <href>http://maps.google.com/mapfiles/kml/shapes/placemark_circle.png</href>
            </Icon>
          </IconStyle>
        </Style>
        <Point>
          <altitudeMode>clampToGround</altitudeMode>
          <coordinates>114.14906979538500308990478515625,22.2748461551964282989501953125, 744.5999755859375</coordinates>
        </Point>
      </Placemark>
      <Placemark>
        <TimeSpan>
          <begin>2026-02-15T09:47:41+08:00</begin>
          <end>2026-02-15T09:47:46+08:00</end>
        </TimeSpan>
        <Style>
          <IconStyle>
            <color>FF00FFFF</color>
            <scale>0.9</scale>
            <Icon>
              <href>http://maps.google.com/mapfiles/kml/shapes/placemark_circle.png</href>
            </Icon>
          </IconStyle>
        </Style>
        <Point>
          <altitudeMode>clampToGround</altitudeMode>
          <coordinates>114.14913970045745372772216796875,22.274895608425140380859375, 744.20001220703125</coordinates>
        </Point>
      </Placemark>
      <Placemark>
        <TimeSpan>
          <begin>2026-02-15T09:47:46+08:00</begin>
          <end>2026-02-15T09:47:50+08:00</end>
        </TimeSpan>
        <Style>
          <IconStyle>
            <color>FF00FFFF</color>
            <scale>0.9</scale>
            <Icon>
              <href>http://maps.google.com/mapfiles/kml/shapes/placemark_circle.png</href>
            </Icon>
          </IconStyle>
        </Style>
        <Point>
          <altitudeMode>clampToGround</altitudeMode>
          <coordinates>114.14918647147715091705322265625,22.274926118552684783935546875, 744.20001220703125</coordinates>
        </Point>
      </Placemark>
      <Placemark>
        <TimeSpan>
          <begin>2026-02-15T09:47:50+08:00</begin>
          <end>2026-02-15T09:47:53+08:00</end>
        </TimeSpan>
        <Style>
          <IconStyle>
            <color>FF00FFFF</color>
            <scale>0.9</scale>
            <Icon>
              <href>http://maps.google.com/mapfiles/kml/shapes/placemark_circle.png</href>
            </Icon>
          </IconStyle>
        </Style>
        <Point>
          <altitudeMode>clampToGround</altitudeMode>
          <coordinates>114.14920918643474578857421875,22.27495637722313404083251953125, 744.5999755859375</coordinates>
        </Point>
      </Placemark>
      <Placemark>
        <TimeSpan>
          <begin>2026-02-15T09:47:53+08:00</begin>
          <end>2026-02-15T09:47:56+08:00</end>
        </TimeSpan>
        <Style>
          <IconStyle>
            <color>FF00FFFF</color>
            <scale>0.9</scale>
            <Icon>
              <href>http://maps.google.com/mapfiles/kml/shapes/placemark_circle.png</href>
            </Icon>
          </IconStyle>
        </Style>
        <Point>
          <altitudeMode>clampToGround</altitudeMode>
          <coordinates>114.14923944510519504547119140625,22.2749775834381580352783203125, 744.79998779296875</coordinates>
        </Point>
      </Placemark>
      <Placemark>
        <TimeSpan>
          <begin>2026-02-15T09:47:56+08:00</begin>
          <end>2026-02-15T09:47:59+08:00</end>
        </TimeSpan>
        <Style>
          <IconStyle>
            <color>FF00FFFF</color>
            <scale>0.9</scale>
            <Icon>
              <href>http://maps.google.com/mapfiles/kml/shapes/placemark_circle.png</href>
            </Icon>
          </IconStyle>
        </Style>
        <Point>
          <altitudeMode>clampToGround</altitudeMode>
          <coordinates>114.1492567956447601318359375,22.27499761618673801422119140625, 744.79998779296875</coordinates>
        </Point>
      </Placemark>
      <Placemark>
        <TimeSpan>
          <begin>2026-02-15T09:47:59+08:00</begin>
          <end>2026-02-15T09:48:00+08:00</end>
        </TimeSpan>
        <Style>
          <IconStyle>
            <color>FF00FFFF</color>
            <scale>0.9</scale>
            <Icon>
              <href>http://maps.google.com/mapfiles/kml/shapes/placemark_circle.png</href>
            </Icon>
          </IconStyle>
        </Style>
        <Point>
          <altitudeMode>clampToGround</altitudeMode>
          <coordinates>114.14926626719534397125244140625,22.2750060819089412689208984375, 744.5999755859375</coordinates>
        </Point>
      </Placemark>
      <Placemark>
        <TimeSpan>
          <begin>2026-02-15T09:48:00+08:00</begin>
          <end>2026-02-15T09:48:04+08:00</end>
        </TimeSpan>
        <Style>
          <IconStyle>
            <color>FF00FFFF</color>
            <scale>0.9</scale>
            <Icon>
              <href>http://maps.google.com/mapfiles/kml/shapes/placemark_circle.png</href>
            </Icon>
          </IconStyle>
        </Style>
        <Point>
          <altitudeMode>clampToGround</altitudeMode>
          <coordinates>114.14929593913257122039794921875,22.27504455484449863433837890625, 744.5999755859375</coordinates>
        </Point>
      </Placemark>
      <Placemark>
        <TimeSpan>
          <begin>2026-02-15T09:48:04+08:00</begin>
          <end>2026-02-15T09:48:06+08:00</end>
        </TimeSpan>
        <Style>
          <IconStyle>
            <color>FF00FFFF</color>
            <scale>0.9</scale>
            <Icon>
              <href>http://maps.google.com/mapfiles/kml/shapes/placemark_circle.png</href>
            </Icon>
          </IconStyle>
        </Style>
        <Point>
          <altitudeMode>clampToGround</altitudeMode>
          <coordinates>114.14929761551320552825927734375,22.27505578659474849700927734375, 744.5999755859375</coordinates>
        </Point>
      </Placemark>
      <Placemark>
        <TimeSpan>
          <begin>2026-02-15T09:48:06+08:00</begin>
          <end>2026-02-15T09:48:10+08:00</end>
        </TimeSpan>
        <Style>
          <IconStyle>
            <color>FF00FFFF</color>
            <scale>0.9</scale>
            <Icon>
              <href>http://maps.google.com/mapfiles/kml/shapes/placemark_circle.png</href>
            </Icon>
          </IconStyle>
        </Style>
        <Point>
          <altitudeMode>clampToGround</altitudeMode>
          <coordinates>114.14930700324475765228271484375,22.275098450481891632080078125, 744.5999755859375</coordinates>
        </Point>
      </Placemark>
      <Placemark>
        <TimeSpan>
          <begin>2026-02-15T09:48:10+08:00</begin>
          <end>2026-02-15T09:48:13+08:00</end>
        </TimeSpan>
        <Style>
          <IconStyle>
            <color>FF00FFFF</color>
            <scale>0.9</scale>
            <Icon>
              <href>http://maps.google.com/mapfiles/kml/shapes/placemark_circle.png</href>
            </Icon>
          </IconStyle>
        </Style>
        <Point>
          <altitudeMode>clampToGround</altitudeMode>
          <coordinates>114.149306751787662506103515625,22.27513491176068782806396484375, 744.5999755859375</coordinates>
        </Point>
      </Placemark>
      <Placemark>
        <TimeSpan>
          <begin>2026-02-15T09:48:13+08:00</begin>
          <end>2026-02-15T09:48:17+08:00</end>
        </TimeSpan>
        <Style>
          <IconStyle>
            <color>FF00FFFF</color>
            <scale>0.9</scale>
            <Icon>
              <href>http://maps.google.com/mapfiles/kml/shapes/placemark_circle.png</href>
            </Icon>
          </IconStyle>
        </Style>
        <Point>
          <altitudeMode>clampToGround</altitudeMode>
          <coordinates>114.1493132896721363067626953125,22.2751666791737079620361328125, 744.5999755859375</coordinates>
        </Point>
      </Placemark>
      <Placemark>
        <TimeSpan>
          <begin>2026-02-15T09:48:17+08:00</begin>
          <end>2026-02-15T09:48:19+08:00</end>
        </TimeSpan>
        <Style>
          <IconStyle>
            <color>FF00FFFF</color>
            <scale>0.9</scale>
            <Icon>
              <href>http://maps.google.com/mapfiles/kml/shapes/placemark_circle.png</href>
            </Icon>
          </IconStyle>
        </Style>
        <Point>
          <altitudeMode>clampToGround</altitudeMode>
          <coordinates>114.14932996965944766998291015625,22.2751928307116031646728515625, 744.4000244140625</coordinates>
        </Point>
      </Placemark>
      <Placemark>
        <TimeSpan>
          <begin>2026-02-15T09:48:19+08:00</begin>
          <end>2026-02-15T09:48:24+08:00</end>
        </TimeSpan>
        <Style>
          <IconStyle>
            <color>FF00FFFF</color>
            <scale>0.9</scale>
            <Icon>
              <href>http://maps.google.com/mapfiles/kml/shapes/placemark_circle.png</href>
            </Icon>
          </IconStyle>
        </Style>
        <Point>
          <altitudeMode>clampToGround</altitudeMode>
          <coordinates>114.14935125969350337982177734375,22.27523482404649257659912109375, 743.79998779296875</coordinates>
        </Point>
      </Placemark>
      <Placemark>
        <TimeSpan>
          <begin>2026-02-15T09:48:24+08:00</begin>
          <end>2026-02-15T09:48:25+08:00</end>
        </TimeSpan>
        <Style>
          <IconStyle>
            <color>FF00FFFF</color>
            <scale>0.9</scale>
            <Icon>
              <href>http://maps.google.com/mapfiles/kml/shapes/placemark_circle.png</href>
            </Icon>
          </IconStyle>
        </Style>
        <Point>
          <altitudeMode>clampToGround</altitudeMode>
          <coordinates>114.149351678788661956787109375,22.27523901499807834625244140625, 743.79998779296875</coordinates>
        </Point>
      </Placemark>
      <Placemark>
        <TimeSpan>
          <begin>2026-02-15T09:48:25+08:00</begin>
          <end>2026-02-15T09:48:28+08:00</end>
        </TimeSpan>
        <Style>
          <IconStyle>
            <color>FF00FFFF</color>
            <scale>0.9</scale>
            <Icon>
              <href>http://maps.google.com/mapfiles/kml/shapes/placemark_circle.png</href>
            </Icon>
          </IconStyle>
        </Style>
        <Point>
          <altitudeMode>clampToGround</altitudeMode>
          <coordinates>114.14935134351253509521484375,22.27524605579674243927001953125, 744</coordinates>
        </Point>
      </Placemark>
      <Placemark>
        <TimeSpan>
          <begin>2026-02-15T09:48:28+08:00</begin>
          <end>2026-02-15T09:48:32+08:00</end>
        </TimeSpan>
        <Style>
          <IconStyle>
            <color>FF00FFFF</color>
            <scale>0.9</scale>
            <Icon>
              <href>http://maps.google.com/mapfiles/kml/shapes/placemark_circle.png</href>
            </Icon>
          </IconStyle>
        </Style>
        <Point>
          <altitudeMode>clampToGround</altitudeMode>
          <coordinates>114.149363078176975250244140625,22.27526097558438777923583984375, 744</coordinates>
        </Point>
      </Placemark>
      <Placemark>
        <TimeSpan>
          <begin>2026-02-15T09:48:32+08:00</begin>
          <end>2026-02-15T09:48:36+08:00</end>
        </TimeSpan>
        <Style>
          <IconStyle>
            <color>FF00FFFF</color>
            <scale>0.9</scale>
            <Icon>
              <href>http://maps.google.com/mapfiles/kml/shapes/placemark_circle.png</href>
            </Icon>
          </IconStyle>
        </Style>
        <Point>
          <altitudeMode>clampToGround</altitudeMode>
          <coordinates>114.14936349727213382720947265625,22.275263406336307525634765625, 744</coordinates>
        </Point>
      </Placemark>
      <Placemark>
        <TimeSpan>
          <begin>2026-02-15T09:48:36+08:00</begin>
          <end>2026-02-15T09:48:41+08:00</end>
        </TimeSpan>
        <Style>
          <IconStyle>
            <color>FF00FFFF</color>
            <scale>0.9</scale>
            <Icon>
              <href>http://maps.google.com/mapfiles/kml/shapes/placemark_circle.png</href>
            </Icon>
          </IconStyle>
        </Style>
        <Point>
          <altitudeMode>clampToGround</altitudeMode>
          <coordinates>114.14935545064508914947509765625,22.27526902221143245697021484375, 744</coordinates>
        </Point>
      </Placemark>
      <Placemark>
        <TimeSpan>
          <begin>2026-02-15T09:48:41+08:00</begin>
          <end>2026-02-15T09:48:46+08:00</end>
        </TimeSpan>
        <Style>
          <IconStyle>
            <color>FF00FFFF</color>
            <scale>0.9</scale>
            <Icon>
              <href>http://maps.google.com/mapfiles/kml/shapes/placemark_circle.png</href>
            </Icon>
          </IconStyle>
        </Style>
        <Point>
          <altitudeMode>clampToGround</altitudeMode>
          <coordinates>114.1493676044046878814697265625,22.2752984426915645599365234375, 744</coordinates>
        </Point>
      </Placemark>
      <Placemark>
        <TimeSpan>
          <begin>2026-02-15T09:48:46+08:00</begin>
          <end>2026-02-15T09:48:52+08:00</end>
        </TimeSpan>
        <Style>
          <IconStyle>
            <color>FF00FFFF</color>
            <scale>0.9</scale>
            <Icon>
              <href>http://maps.google.com/mapfiles/kml/shapes/placemark_circle.png</href>
            </Icon>
          </IconStyle>
        </Style>
        <Point>
          <altitudeMode>clampToGround</altitudeMode>
          <coordinates>114.1493900679051876068115234375,22.2752863727509975433349609375, 744</coordinates>
        </Point>
      </Placemark>
      <Placemark>
        <TimeSpan>
          <begin>2026-02-15T09:48:52+08:00</begin>
          <end>2026-02-15T09:48:54+08:00</end>
        </TimeSpan>
        <Style>
          <IconStyle>
            <color>FF00FFFF</color>
            <scale>0.9</scale>
            <Icon>
              <href>http://maps.google.com/mapfiles/kml/shapes/placemark_circle.png</href>
            </Icon>
          </IconStyle>
        </Style>
        <Point>
          <altitudeMode>clampToGround</altitudeMode>
          <coordinates>114.14938914589583873748779296875,22.2753051482141017913818359375, 744</coordinates>
        </Point>
      </Placemark>
      <Placemark>
        <TimeSpan>
          <begin>2026-02-15T09:48:54+08:00</begin>
          <end>2026-02-15T09:49:00+08:00</end>
        </TimeSpan>
        <Style>
          <IconStyle>
            <color>FF00FFFF</color>
            <scale>0.9</scale>
            <Icon>
              <href>http://maps.google.com/mapfiles/kml/shapes/placemark_circle.png</href>
            </Icon>
          </IconStyle>
        </Style>
        <Point>
          <altitudeMode>clampToGround</altitudeMode>
          <coordinates>114.14937607012689113616943359375,22.27538041770458221435546875, 744</coordinates>
        </Point>
      </Placemark>
      <Placemark>
        <TimeSpan>
          <begin>2026-02-15T09:49:00+08:00</begin>
          <end>2026-02-15T09:49:02+08:00</end>
        </TimeSpan>
        <Style>
          <IconStyle>
            <color>FF00FFFF</color>
            <scale>0.9</scale>
            <Icon>
              <href>http://maps.google.com/mapfiles/kml/shapes/placemark_circle.png</href>
            </Icon>
          </IconStyle>
        </Style>
        <Point>
          <altitudeMode>clampToGround</altitudeMode>
          <coordinates>114.149371795356273651123046875,22.2754007019102573394775390625, 744</coordinates>
        </Point>
      </Placemark>
      <Placemark>
        <TimeSpan>
          <begin>2026-02-15T09:49:02+08:00</begin>
          <end>2026-02-15T09:49:03+08:00</end>
        </TimeSpan>
        <Style>
          <IconStyle>
            <color>FF00FFFF</color>
            <scale>0.9</scale>
            <Icon>
              <href>http://maps.google.com/mapfiles/kml/shapes/placemark_circle.png</href>
            </Icon>
          </IconStyle>
        </Style>
        <Point>
          <altitudeMode>clampToGround</altitudeMode>
          <coordinates>114.14936668239533901214599609375,22.27540799416601657867431640625, 744</coordinates>
        </Point>
      </Placemark>
      <Placemark>
        <TimeSpan>
          <begin>2026-02-15T09:49:03+08:00</begin>
          <end>2026-02-15T09:49:07+08:00</end>
        </TimeSpan>
        <Style>
          <IconStyle>
            <color>FF00FFFF</color>
            <scale>0.9</scale>
            <Icon>
              <href>http://maps.google.com/mapfiles/kml/shapes/placemark_circle.png</href>
            </Icon>
          </IconStyle>
        </Style>
        <Point>
          <altitudeMode>clampToGround</altitudeMode>
          <coordinates>114.14936215616762638092041015625,22.27544537745416164398193359375, 744.4000244140625</coordinates>
        </Point>
      </Placemark>
      <Placemark>
        <TimeSpan>
          <begin>2026-02-15T09:49:07+08:00</begin>
          <end>2026-02-15T09:49:09+08:00</end>
        </TimeSpan>
        <Style>
          <IconStyle>
            <color>FF00FFFF</color>
            <scale>0.9</scale>
            <Icon>
              <href>http://maps.google.com/mapfiles/kml/shapes/placemark_circle.png</href>
            </Icon>
          </IconStyle>
        </Style>
        <Point>
          <altitudeMode>clampToGround</altitudeMode>
          <coordinates>114.149351008236408233642578125,22.275474630296230316162109375, 744.4000244140625</coordinates>
        </Point>
      </Placemark>
      <Placemark>
        <TimeSpan>
          <begin>2026-02-15T09:49:09+08:00</begin>
          <end>2026-02-15T09:49:12+08:00</end>
        </TimeSpan>
        <Style>
          <IconStyle>
            <color>FF00FFFF</color>
            <scale>0.9</scale>
            <Icon>
              <href>http://maps.google.com/mapfiles/kml/shapes/placemark_circle.png</href>
            </Icon>
          </IconStyle>
        </Style>
        <Point>
          <altitudeMode>clampToGround</altitudeMode>
          <coordinates>114.14933147840201854705810546875,22.2755079902708530426025390625, 744.20001220703125</coordinates>
        </Point>
      </Placemark>
      <Placemark>
        <TimeSpan>
          <begin>2026-02-15T09:49:12+08:00</begin>
          <end>2026-02-15T09:49:14+08:00</end>
        </TimeSpan>
        <Style>
          <IconStyle>
            <color>FF00FFFF</color>
            <scale>0.9</scale>
            <Icon>
              <href>http://maps.google.com/mapfiles/kml/shapes/placemark_circle.png</href>
            </Icon>
          </IconStyle>
        </Style>
        <Point>
          <altitudeMode>clampToGround</altitudeMode>
          <coordinates>114.14931714534759521484375,22.27552768774330615997314453125, 744.20001220703125</coordinates>
        </Point>
      </Placemark>
      <Placemark>
        <TimeSpan>
          <begin>2026-02-15T09:49:14+08:00</begin>
          <end>2026-02-15T09:49:15+08:00</end>
        </TimeSpan>
        <Style>
          <IconStyle>
            <color>FF00FFFF</color>
            <scale>0.9</scale>
            <Icon>
              <href>http://maps.google.com/mapfiles/kml/shapes/placemark_circle.png</href>
            </Icon>
          </IconStyle>
        </Style>
        <Point>
          <altitudeMode>clampToGround</altitudeMode>
          <coordinates>114.149309433996677398681640625,22.2755371592938899993896484375, 744.20001220703125</coordinates>
        </Point>
      </Placemark>
      <Placemark>
        <TimeSpan>
          <begin>2026-02-15T09:49:15+08:00</begin>
          <end>2026-02-15T09:49:17+08:00</end>
        </TimeSpan>
        <Style>
          <IconStyle>
            <color>FF00FFFF</color>
            <scale>0.9</scale>
            <Icon>
              <href>http://maps.google.com/mapfiles/kml/shapes/placemark_circle.png</href>
            </Icon>
          </IconStyle>
        </Style>
        <Point>
          <altitudeMode>clampToGround</altitudeMode>
          <coordinates>114.14929409511387348175048828125,22.2755492292344570159912109375, 744.4000244140625</coordinates>
        </Point>
      </Placemark>
      <Placemark>
        <TimeSpan>
          <begin>2026-02-15T09:49:17+08:00</begin>
          <end>2026-02-15T09:49:20+08:00</end>
        </TimeSpan>
        <Style>
          <IconStyle>
            <color>FF00FFFF</color>
            <scale>0.9</scale>
            <Icon>
              <href>http://maps.google.com/mapfiles/kml/shapes/placemark_circle.png</href>
            </Icon>
          </IconStyle>
        </Style>
        <Point>
          <altitudeMode>clampToGround</altitudeMode>
          <coordinates>114.1492727212607860565185546875,22.275564484298229217529296875, 744.79998779296875</coordinates>
        </Point>
      </Placemark>
      <Placemark>
        <TimeSpan>
          <begin>2026-02-15T09:49:20+08:00</begin>
          <end>2026-02-15T09:49:22+08:00</end>
        </TimeSpan>
        <Style>
          <IconStyle>
            <color>FF00FFFF</color>
            <scale>0.9</scale>
            <Icon>
              <href>http://maps.google.com/mapfiles/kml/shapes/placemark_circle.png</href>
            </Icon>
          </IconStyle>
        </Style>
        <Point>
          <altitudeMode>clampToGround</altitudeMode>
          <coordinates>114.14925235323607921600341796875,22.27558284066617488861083984375, 745.20001220703125</coordinates>
        </Point>
      </Placemark>
      <Placemark>
        <TimeSpan>
          <begin>2026-02-15T09:49:22+08:00</begin>
          <end>2026-02-15T09:49:23+08:00</end>
        </TimeSpan>
        <Style>
          <IconStyle>
            <color>FF00FFFF</color>
            <scale>0.9</scale>
            <Icon>
              <href>http://maps.google.com/mapfiles/kml/shapes/placemark_circle.png</href>
            </Icon>
          </IconStyle>
        </Style>
        <Point>
          <altitudeMode>clampToGround</altitudeMode>
          <coordinates>114.1492407023906707763671875,22.27559776045382022857666015625, 745.20001220703125</coordinates>
        </Point>
      </Placemark>
      <Placemark>
        <TimeSpan>
          <begin>2026-02-15T09:49:23+08:00</begin>
          <end>2026-02-15T09:49:25+08:00</end>
        </TimeSpan>
        <Style>
          <IconStyle>
            <color>FF00FFFF</color>
            <scale>0.9</scale>
            <Icon>
              <href>http://maps.google.com/mapfiles/kml/shapes/placemark_circle.png</href>
            </Icon>
          </IconStyle>
        </Style>
        <Point>
          <altitudeMode>clampToGround</altitudeMode>
          <coordinates>114.14922066964209079742431640625,22.27560513652861118316650390625, 745.4000244140625</coordinates>
        </Point>
      </Placemark>
      <Placemark>
        <TimeSpan>
          <begin>2026-02-15T09:49:25+08:00</begin>
          <end>2026-02-15T09:49:28+08:00</end>
        </TimeSpan>
        <Style>
          <IconStyle>
            <color>FF00FFFF</color>
            <scale>0.9</scale>
            <Icon>
              <href>http://maps.google.com/mapfiles/kml/shapes/placemark_circle.png</href>
            </Icon>
          </IconStyle>
        </Style>
        <Point>
          <altitudeMode>clampToGround</altitudeMode>
          <coordinates>114.1491915844380855560302734375,22.2756286896765232086181640625, 745.79998779296875</coordinates>
        </Point>
      </Placemark>
      <Placemark>
        <TimeSpan>
          <begin>2026-02-15T09:49:28+08:00</begin>
          <end>2026-02-15T09:49:30+08:00</end>
        </TimeSpan>
        <Style>
          <IconStyle>
            <color>FF00FFFF</color>
            <scale>0.9</scale>
            <Icon>
              <href>http://maps.google.com/mapfiles/kml/shapes/placemark_circle.png</href>
            </Icon>
          </IconStyle>
        </Style>
        <Point>
          <altitudeMode>clampToGround</altitudeMode>
          <coordinates>114.14917892776429653167724609375,22.27564268745481967926025390625, 745.79998779296875</coordinates>
        </Point>
      </Placemark>
      <Placemark>
        <TimeSpan>
          <begin>2026-02-15T09:49:30+08:00</begin>
          <end>2026-02-15T09:49:32+08:00</end>
        </TimeSpan>
        <Style>
          <IconStyle>
            <color>FF00FFFF</color>
            <scale>0.9</scale>
            <Icon>
              <href>http://maps.google.com/mapfiles/kml/shapes/placemark_circle.png</href>
            </Icon>
          </IconStyle>
        </Style>
        <Point>
          <altitudeMode>clampToGround</altitudeMode>
          <coordinates>114.14915780536830425262451171875,22.27563397027552127838134765625, 745.79998779296875</coordinates>
        </Point>
      </Placemark>
      <Placemark>
        <TimeSpan>
          <begin>2026-02-15T09:49:32+08:00</begin>
          <end>2026-02-15T09:49:33+08:00</end>
        </TimeSpan>
        <Style>
          <IconStyle>
            <color>FF00FFFF</color>
            <scale>0.9</scale>
            <Icon>
              <href>http://maps.google.com/mapfiles/kml/shapes/placemark_circle.png</href>
            </Icon>
          </IconStyle>
        </Style>
        <Point>
          <altitudeMode>clampToGround</altitudeMode>
          <coordinates>114.14915193803608417510986328125,22.27563866414129734039306640625, 745.79998779296875</coordinates>
        </Point>
      </Placemark>
      <Placemark>
        <TimeSpan>
          <begin>2026-02-15T09:49:33+08:00</begin>
          <end>2026-02-15T09:49:35+08:00</end>
        </TimeSpan>
        <Style>
          <IconStyle>
            <color>FF00FFFF</color>
            <scale>0.9</scale>
            <Icon>
              <href>http://maps.google.com/mapfiles/kml/shapes/placemark_circle.png</href>
            </Icon>
          </IconStyle>
        </Style>
        <Point>
          <altitudeMode>clampToGround</altitudeMode>
          <coordinates>114.14913416840136051177978515625,22.27565157227218151092529296875, 746</coordinates>
        </Point>
      </Placemark>
      <Placemark>
        <TimeSpan>
          <begin>2026-02-15T09:49:35+08:00</begin>
          <end>2026-02-15T09:49:36+08:00</end>
        </TimeSpan>
        <Style>
          <IconStyle>
            <color>FF00FFFF</color>
            <scale>0.9</scale>
            <Icon>
              <href>http://maps.google.com/mapfiles/kml/shapes/placemark_circle.png</href>
            </Icon>
          </IconStyle>
        </Style>
        <Point>
          <altitudeMode>clampToGround</altitudeMode>
          <coordinates>114.1491215117275714874267578125,22.2756560146808624267578125, 746.20001220703125</coordinates>
        </Point>
      </Placemark>
      <Placemark>
        <TimeSpan>
          <begin>2026-02-15T09:49:36+08:00</begin>
          <end>2026-02-15T09:49:37+08:00</end>
        </TimeSpan>
        <Style>
          <IconStyle>
            <color>FF00FFFF</color>
            <scale>0.9</scale>
            <Icon>
              <href>http://maps.google.com/mapfiles/kml/shapes/placemark_circle.png</href>
            </Icon>
          </IconStyle>
        </Style>
        <Point>
          <altitudeMode>clampToGround</altitudeMode>
          <coordinates>114.14911120198667049407958984375,22.2756635583937168121337890625, 746.4000244140625</coordinates>
        </Point>
      </Placemark>
      <Placemark>
        <TimeSpan>
          <begin>2026-02-15T09:49:37+08:00</begin>
          <end>2026-02-15T09:49:39+08:00</end>
        </TimeSpan>
        <Style>
          <IconStyle>
            <color>FF00FFFF</color>
            <scale>0.9</scale>
            <Icon>
              <href>http://maps.google.com/mapfiles/kml/shapes/placemark_circle.png</href>
            </Icon>
          </IconStyle>
        </Style>
        <Point>
          <altitudeMode>clampToGround</altitudeMode>
          <coordinates>114.149082787334918975830078125,22.27568149566650390625, 746.5999755859375</coordinates>
        </Point>
      </Placemark>
      <Placemark>
        <TimeSpan>
          <begin>2026-02-15T09:49:39+08:00</begin>
          <end>2026-02-15T09:49:41+08:00</end>
        </TimeSpan>
        <Style>
          <IconStyle>
            <color>FF00FFFF</color>
            <scale>0.9</scale>
            <Icon>
              <href>http://maps.google.com/mapfiles/kml/shapes/placemark_circle.png</href>
            </Icon>
          </IconStyle>
        </Style>
        <Point>
          <altitudeMode>clampToGround</altitudeMode>
          <coordinates>114.1490564681589603424072265625,22.2756977565586566925048828125, 746.79998779296875</coordinates>
        </Point>
      </Placemark>
      <Placemark>
        <TimeSpan>
          <begin>2026-02-15T09:49:41+08:00</begin>
          <end>2026-02-15T09:49:43+08:00</end>
        </TimeSpan>
        <Style>
          <IconStyle>
            <color>FF00FFFF</color>
            <scale>0.9</scale>
            <Icon>
              <href>http://maps.google.com/mapfiles/kml/shapes/placemark_circle.png</href>
            </Icon>
          </IconStyle>
        </Style>
        <Point>
          <altitudeMode>clampToGround</altitudeMode>
          <coordinates>114.14902520366013050079345703125,22.275712676346302032470703125, 746.79998779296875</coordinates>
        </Point>
      </Placemark>
      <Placemark>
        <TimeSpan>
          <begin>2026-02-15T09:49:43+08:00</begin>
          <end>2026-02-15T09:49:47+08:00</end>
        </TimeSpan>
        <Style>
          <IconStyle>
            <color>FF00FFFF</color>
            <scale>0.9</scale>
            <Icon>
              <href>http://maps.google.com/mapfiles/kml/shapes/placemark_circle.png</href>
            </Icon>
          </IconStyle>
        </Style>
        <Point>
          <altitudeMode>clampToGround</altitudeMode>
          <coordinates>114.1489778459072113037109375,22.2757379896938800811767578125, 747.20001220703125</coordinates>
        </Point>
      </Placemark>
      <Placemark>
        <TimeSpan>
          <begin>2026-02-15T09:49:47+08:00</begin>
          <end>2026-02-15T09:49:48+08:00</end>
        </TimeSpan>
        <Style>
          <IconStyle>
            <color>FF00FFFF</color>
            <scale>0.9</scale>
            <Icon>
              <href>http://maps.google.com/mapfiles/kml/shapes/placemark_circle.png</href>
            </Icon>
          </IconStyle>
        </Style>
        <Point>
          <altitudeMode>clampToGround</altitudeMode>
          <coordinates>114.14897223003208637237548828125,22.27573857642710208892822265625, 747.20001220703125</coordinates>
        </Point>
      </Placemark>
      <Placemark>
        <TimeSpan>
          <begin>2026-02-15T09:49:48+08:00</begin>
          <end>2026-02-15T09:49:50+08:00</end>
        </TimeSpan>
        <Style>
          <IconStyle>
            <color>FF00FFFF</color>
            <scale>0.9</scale>
            <Icon>
              <href>http://maps.google.com/mapfiles/kml/shapes/placemark_circle.png</href>
            </Icon>
          </IconStyle>
        </Style>
        <Point>
          <altitudeMode>clampToGround</altitudeMode>
          <coordinates>114.1489537060260772705078125,22.275751568377017974853515625, 747.4000244140625</coordinates>
        </Point>
      </Placemark>
      <Placemark>
        <TimeSpan>
          <begin>2026-02-15T09:49:50+08:00</begin>
          <end>2026-02-15T09:49:53+08:00</end>
        </TimeSpan>
        <Style>
          <IconStyle>
            <color>FF00FFFF</color>
            <scale>0.9</scale>
            <Icon>
              <href>http://maps.google.com/mapfiles/kml/shapes/placemark_circle.png</href>
            </Icon>
          </IconStyle>
        </Style>
        <Point>
          <altitudeMode>clampToGround</altitudeMode>
          <coordinates>114.1489307396113872528076171875,22.27577026002109050750732421875, 747.5999755859375</coordinates>
        </Point>
      </Placemark>
      <Placemark>
        <TimeSpan>
          <begin>2026-02-15T09:49:53+08:00</begin>
          <end>2026-02-15T09:49:57+08:00</end>
        </TimeSpan>
        <Style>
          <IconStyle>
            <color>FF00FFFF</color>
            <scale>0.9</scale>
            <Icon>
              <href>http://maps.google.com/mapfiles/kml/shapes/placemark_circle.png</href>
            </Icon>
          </IconStyle>
        </Style>
        <Point>
          <altitudeMode>clampToGround</altitudeMode>
          <coordinates>114.14888807572424411773681640625,22.2757778875529766082763671875, 748</coordinates>
        </Point>
      </Placemark>
      <Placemark>
        <TimeSpan>
          <begin>2026-02-15T09:49:57+08:00</begin>
          <end>2026-02-15T09:49:59+08:00</end>
        </TimeSpan>
        <Style>
          <IconStyle>
            <color>FF00FFFF</color>
            <scale>0.9</scale>
            <Icon>
              <href>http://maps.google.com/mapfiles/kml/shapes/placemark_circle.png</href>
            </Icon>
          </IconStyle>
        </Style>
        <Point>
          <altitudeMode>clampToGround</altitudeMode>
          <coordinates>114.1488583199679851531982421875,22.2757762111723423004150390625, 748</coordinates>
        </Point>
      </Placemark>
      <Placemark>
        <TimeSpan>
          <begin>2026-02-15T09:49:59+08:00</begin>
          <end>2026-02-15T09:50:03+08:00</end>
        </TimeSpan>
        <Style>
          <IconStyle>
            <color>FF00FFFF</color>
            <scale>0.9</scale>
            <Icon>
              <href>http://maps.google.com/mapfiles/kml/shapes/placemark_circle.png</href>
            </Icon>
          </IconStyle>
        </Style>
        <Point>
          <altitudeMode>clampToGround</altitudeMode>
          <coordinates>114.14881867356598377227783203125,22.27576196193695068359375, 748.20001220703125</coordinates>
        </Point>
      </Placemark>
      <Placemark>
        <TimeSpan>
          <begin>2026-02-15T09:50:03+08:00</begin>
          <end>2026-02-15T09:50:05+08:00</end>
        </TimeSpan>
        <Style>
          <IconStyle>
            <color>FF00FFFF</color>
            <scale>0.9</scale>
            <Icon>
              <href>http://maps.google.com/mapfiles/kml/shapes/placemark_circle.png</href>
            </Icon>
          </IconStyle>
        </Style>
        <Point>
          <altitudeMode>clampToGround</altitudeMode>
          <coordinates>114.14880551397800445556640625,22.275741510093212127685546875, 748.20001220703125</coordinates>
        </Point>
      </Placemark>
      <Placemark>
        <TimeSpan>
          <begin>2026-02-15T09:50:05+08:00</begin>
          <end>2026-02-15T09:50:06+08:00</end>
        </TimeSpan>
        <Style>
          <IconStyle>
            <color>FF00FFFF</color>
            <scale>0.9</scale>
            <Icon>
              <href>http://maps.google.com/mapfiles/kml/shapes/placemark_circle.png</href>
            </Icon>
          </IconStyle>
        </Style>
        <Point>
          <altitudeMode>clampToGround</altitudeMode>
          <coordinates>114.14880014955997467041015625,22.2757351398468017578125, 748.4000244140625</coordinates>
        </Point>
      </Placemark>
      <Placemark>
        <TimeSpan>
          <begin>2026-02-15T09:50:06+08:00</begin>
          <end>2026-02-15T09:50:07+08:00</end>
        </TimeSpan>
        <Style>
          <IconStyle>
            <color>FF00FFFF</color>
            <scale>0.9</scale>
            <Icon>
              <href>http://maps.google.com/mapfiles/kml/shapes/placemark_circle.png</href>
            </Icon>
          </IconStyle>
        </Style>
        <Point>
          <altitudeMode>clampToGround</altitudeMode>
          <coordinates>114.148796461522579193115234375,22.2757302783429622650146484375, 748.5999755859375</coordinates>
        </Point>
      </Placemark>
      <Placemark>
        <TimeSpan>
          <begin>2026-02-15T09:50:07+08:00</begin>
          <end>2026-02-15T09:50:08+08:00</end>
        </TimeSpan>
        <Style>
          <IconStyle>
            <color>FF00FFFF</color>
            <scale>0.9</scale>
            <Icon>
              <href>http://maps.google.com/mapfiles/kml/shapes/placemark_circle.png</href>
            </Icon>
          </IconStyle>
        </Style>
        <Point>
          <altitudeMode>clampToGround</altitudeMode>
          <coordinates>114.14878782816231250762939453125,22.27572415955364704132080078125, 748.5999755859375</coordinates>
        </Point>
      </Placemark>
      <Placemark>
        <TimeSpan>
          <begin>2026-02-15T09:50:08+08:00</begin>
          <end>2026-02-15T09:50:10+08:00</end>
        </TimeSpan>
        <Style>
          <IconStyle>
            <color>FF00FFFF</color>
            <scale>0.9</scale>
            <Icon>
              <href>http://maps.google.com/mapfiles/kml/shapes/placemark_circle.png</href>
            </Icon>
          </IconStyle>
        </Style>
        <Point>
          <altitudeMode>clampToGround</altitudeMode>
          <coordinates>114.14877911098301410675048828125,22.27571309544146060943603515625, 748.79998779296875</coordinates>
        </Point>
      </Placemark>
      <Placemark>
        <TimeSpan>
          <begin>2026-02-15T09:50:10+08:00</begin>
          <end>2026-02-15T09:50:14+08:00</end>
        </TimeSpan>
        <Style>
          <IconStyle>
            <color>FF00FFFF</color>
            <scale>0.9</scale>
            <Icon>
              <href>http://maps.google.com/mapfiles/kml/shapes/placemark_circle.png</href>
            </Icon>
          </IconStyle>
        </Style>
        <Point>
          <altitudeMode>clampToGround</altitudeMode>
          <coordinates>114.1487406380474567413330078125,22.27567504160106182098388671875, 748.5999755859375</coordinates>
        </Point>
      </Placemark>
      <Placemark>
        <TimeSpan>
          <begin>2026-02-15T09:50:14+08:00</begin>
          <end>2026-02-15T09:50:15+08:00</end>
        </TimeSpan>
        <Style>
          <IconStyle>
            <color>FF00FFFF</color>
            <scale>0.9</scale>
            <Icon>
              <href>http://maps.google.com/mapfiles/kml/shapes/placemark_circle.png</href>
            </Icon>
          </IconStyle>
        </Style>
        <Point>
          <altitudeMode>clampToGround</altitudeMode>
          <coordinates>114.14873233996331691741943359375,22.27567202411592006683349609375, 748.5999755859375</coordinates>
        </Point>
      </Placemark>
      <Placemark>
        <TimeSpan>
          <begin>2026-02-15T09:50:15+08:00</begin>
          <end>2026-02-15T09:50:17+08:00</end>
        </TimeSpan>
        <Style>
          <IconStyle>
            <color>FF00FFFF</color>
            <scale>0.9</scale>
            <Icon>
              <href>http://maps.google.com/mapfiles/kml/shapes/placemark_circle.png</href>
            </Icon>
          </IconStyle>
        </Style>
        <Point>
          <altitudeMode>clampToGround</altitudeMode>
          <coordinates>114.14873083122074604034423828125,22.27568157948553562164306640625, 748.5999755859375</coordinates>
        </Point>
      </Placemark>
      <Placemark>
        <TimeSpan>
          <begin>2026-02-15T09:50:17+08:00</begin>
          <end>2026-02-15T09:50:19+08:00</end>
        </TimeSpan>
        <Style>
          <IconStyle>
            <color>FF00FFFF</color>
            <scale>0.9</scale>
            <Icon>
              <href>http://maps.google.com/mapfiles/kml/shapes/placemark_circle.png</href>
            </Icon>
          </IconStyle>
        </Style>
        <Point>
          <altitudeMode>clampToGround</altitudeMode>
          <coordinates>114.1487198509275913238525390625,22.27565978653728961944580078125, 748.5999755859375</coordinates>
        </Point>
      </Placemark>
      <Placemark>
        <TimeSpan>
          <begin>2026-02-15T09:50:19+08:00</begin>
          <end>2026-02-15T09:50:20+08:00</end>
        </TimeSpan>
        <Style>
          <IconStyle>
            <color>FF00FFFF</color>
            <scale>0.9</scale>
            <Icon>
              <href>http://maps.google.com/mapfiles/kml/shapes/placemark_circle.png</href>
            </Icon>
          </IconStyle>
        </Style>
        <Point>
          <altitudeMode>clampToGround</altitudeMode>
          <coordinates>114.14871104992926120758056640625,22.2756506502628326416015625, 748.79998779296875</coordinates>
        </Point>
      </Placemark>
      <Placemark>
        <TimeSpan>
          <begin>2026-02-15T09:50:20+08:00</begin>
          <end>2026-02-15T09:50:24+08:00</end>
        </TimeSpan>
        <Style>
          <IconStyle>
            <color>FF00FFFF</color>
            <scale>0.9</scale>
            <Icon>
              <href>http://maps.google.com/mapfiles/kml/shapes/placemark_circle.png</href>
            </Icon>
          </IconStyle>
        </Style>
        <Point>
          <altitudeMode>clampToGround</altitudeMode>
          <coordinates>114.1486843116581439971923828125,22.2756125964224338531494140625, 749</coordinates>
        </Point>
      </Placemark>
      <Placemark>
        <TimeSpan>
          <begin>2026-02-15T09:50:24+08:00</begin>
          <end>2026-02-15T09:50:26+08:00</end>
        </TimeSpan>
        <Style>
          <IconStyle>
            <color>FF00FFFF</color>
            <scale>0.9</scale>
            <Icon>
              <href>http://maps.google.com/mapfiles/kml/shapes/placemark_circle.png</href>
            </Icon>
          </IconStyle>
        </Style>
        <Point>
          <altitudeMode>clampToGround</altitudeMode>
          <coordinates>114.1486769355833530426025390625,22.27560010738670825958251953125, 749.20001220703125</coordinates>
        </Point>
      </Placemark>
      <Placemark>
        <TimeSpan>
          <begin>2026-02-15T09:50:26+08:00</begin>
          <end>2026-02-15T09:50:27+08:00</end>
        </TimeSpan>
        <Style>
          <IconStyle>
            <color>FF00FFFF</color>
            <scale>0.9</scale>
            <Icon>
              <href>http://maps.google.com/mapfiles/kml/shapes/placemark_circle.png</href>
            </Icon>
          </IconStyle>
        </Style>
        <Point>
          <altitudeMode>clampToGround</altitudeMode>
          <coordinates>114.14867048151791095733642578125,22.2756011970341205596923828125, 749.4000244140625</coordinates>
        </Point>
      </Placemark>
      <Placemark>
        <TimeSpan>
          <begin>2026-02-15T09:50:27+08:00</begin>
          <end>2026-02-15T09:50:29+08:00</end>
        </TimeSpan>
        <Style>
          <IconStyle>
            <color>FF00FFFF</color>
            <scale>0.9</scale>
            <Icon>
              <href>http://maps.google.com/mapfiles/kml/shapes/placemark_circle.png</href>
            </Icon>
          </IconStyle>
        </Style>
        <Point>
          <altitudeMode>clampToGround</altitudeMode>
          <coordinates>114.14866042323410511016845703125,22.27560278959572315216064453125, 749.5999755859375</coordinates>
        </Point>
      </Placemark>
      <Placemark>
        <TimeSpan>
          <begin>2026-02-15T09:50:29+08:00</begin>
          <end>2026-02-15T09:50:30+08:00</end>
        </TimeSpan>
        <Style>
          <IconStyle>
            <color>FF00FFFF</color>
            <scale>0.9</scale>
            <Icon>
              <href>http://maps.google.com/mapfiles/kml/shapes/placemark_circle.png</href>
            </Icon>
          </IconStyle>
        </Style>
        <Point>
          <altitudeMode>clampToGround</altitudeMode>
          <coordinates>114.14864483289420604705810546875,22.27559910155832767486572265625, 749.79998779296875</coordinates>
        </Point>
      </Placemark>
      <Placemark>
        <TimeSpan>
          <begin>2026-02-15T09:50:30+08:00</begin>
          <end>2026-02-15T09:50:32+08:00</end>
        </TimeSpan>
        <Style>
          <IconStyle>
            <color>FF00FFFF</color>
            <scale>0.9</scale>
            <Icon>
              <href>http://maps.google.com/mapfiles/kml/shapes/placemark_circle.png</href>
            </Icon>
          </IconStyle>
        </Style>
        <Point>
          <altitudeMode>clampToGround</altitudeMode>
          <coordinates>114.148622117936611175537109375,22.27560329250991344451904296875, 750.20001220703125</coordinates>
        </Point>
      </Placemark>
      <Placemark>
        <TimeSpan>
          <begin>2026-02-15T09:50:32+08:00</begin>
          <end>2026-02-15T09:50:35+08:00</end>
        </TimeSpan>
        <Style>
          <IconStyle>
            <color>FF00FFFF</color>
            <scale>0.9</scale>
            <Icon>
              <href>http://maps.google.com/mapfiles/kml/shapes/placemark_circle.png</href>
            </Icon>
          </IconStyle>
        </Style>
        <Point>
          <altitudeMode>clampToGround</altitudeMode>
          <coordinates>114.14858448319137096405029296875,22.2756182961165904998779296875, 750.4000244140625</coordinates>
        </Point>
      </Placemark>
      <Placemark>
        <TimeSpan>
          <begin>2026-02-15T09:50:35+08:00</begin>
          <end>2026-02-15T09:50:38+08:00</end>
        </TimeSpan>
        <Style>
          <IconStyle>
            <color>FF00FFFF</color>
            <scale>0.9</scale>
            <Icon>
              <href>http://maps.google.com/mapfiles/kml/shapes/placemark_circle.png</href>
            </Icon>
          </IconStyle>
        </Style>
        <Point>
          <altitudeMode>clampToGround</altitudeMode>
          <coordinates>114.14853938855230808258056640625,22.275618128478527069091796875, 750.79998779296875</coordinates>
        </Point>
      </Placemark>
      <Placemark>
        <TimeSpan>
          <begin>2026-02-15T09:50:38+08:00</begin>
          <end>2026-02-15T09:50:40+08:00</end>
        </TimeSpan>
        <Style>
          <IconStyle>
            <color>FF00FFFF</color>
            <scale>0.9</scale>
            <Icon>
              <href>http://maps.google.com/mapfiles/kml/shapes/placemark_circle.png</href>
            </Icon>
          </IconStyle>
        </Style>
        <Point>
          <altitudeMode>clampToGround</altitudeMode>
          <coordinates>114.14851943962275981903076171875,22.275617122650146484375, 751</coordinates>
        </Point>
      </Placemark>
      <Placemark>
        <TimeSpan>
          <begin>2026-02-15T09:50:40+08:00</begin>
          <end>2026-02-15T09:50:44+08:00</end>
        </TimeSpan>
        <Style>
          <IconStyle>
            <color>FF00FFFF</color>
            <scale>0.9</scale>
            <Icon>
              <href>http://maps.google.com/mapfiles/kml/shapes/placemark_circle.png</href>
            </Icon>
          </IconStyle>
        </Style>
        <Point>
          <altitudeMode>clampToGround</altitudeMode>
          <coordinates>114.1484794579446315765380859375,22.2756431065499782562255859375, 751</coordinates>
        </Point>
      </Placemark>
      <Placemark>
        <TimeSpan>
          <begin>2026-02-15T09:50:44+08:00</begin>
          <end>2026-02-15T09:50:46+08:00</end>
        </TimeSpan>
        <Style>
          <IconStyle>
            <color>FF00FFFF</color>
            <scale>0.9</scale>
            <Icon>
              <href>http://maps.google.com/mapfiles/kml/shapes/placemark_circle.png</href>
            </Icon>
          </IconStyle>
        </Style>
        <Point>
          <altitudeMode>clampToGround</altitudeMode>
          <coordinates>114.14845816791057586669921875,22.27565509267151355743408203125, 751</coordinates>
        </Point>
      </Placemark>
      <Placemark>
        <TimeSpan>
          <begin>2026-02-15T09:50:46+08:00</begin>
          <end>2026-02-15T09:50:50+08:00</end>
        </TimeSpan>
        <Style>
          <IconStyle>
            <color>FF00FFFF</color>
            <scale>0.9</scale>
            <Icon>
              <href>http://maps.google.com/mapfiles/kml/shapes/placemark_circle.png</href>
            </Icon>
          </IconStyle>
        </Style>
        <Point>
          <altitudeMode>clampToGround</altitudeMode>
          <coordinates>114.14838197641074657440185546875,22.27570069022476673126220703125, 751.4000244140625</coordinates>
        </Point>
      </Placemark>
      <Placemark>
        <TimeSpan>
          <begin>2026-02-15T09:50:50+08:00</begin>
          <end>2026-02-15T09:50:52+08:00</end>
        </TimeSpan>
        <Style>
          <IconStyle>
            <color>FF00FFFF</color>
            <scale>0.9</scale>
            <Icon>
              <href>http://maps.google.com/mapfiles/kml/shapes/placemark_circle.png</href>
            </Icon>
          </IconStyle>
        </Style>
        <Point>
          <altitudeMode>clampToGround</altitudeMode>
          <coordinates>114.14836185984313488006591796875,22.27572047151625156402587890625, 751.5999755859375</coordinates>
        </Point>
      </Placemark>
      <Placemark>
        <TimeSpan>
          <begin>2026-02-15T09:50:52+08:00</begin>
          <end>2026-02-15T09:50:55+08:00</end>
        </TimeSpan>
        <Style>
          <IconStyle>
            <color>FF00FFFF</color>
            <scale>0.9</scale>
            <Icon>
              <href>http://maps.google.com/mapfiles/kml/shapes/placemark_circle.png</href>
            </Icon>
          </IconStyle>
        </Style>
        <Point>
          <altitudeMode>clampToGround</altitudeMode>
          <coordinates>114.1483329422771930694580078125,22.27575399912893772125244140625, 751.5999755859375</coordinates>
        </Point>
      </Placemark>
      <Placemark>
        <TimeSpan>
          <begin>2026-02-15T09:50:55+08:00</begin>
          <end>2026-02-15T09:50:57+08:00</end>
        </TimeSpan>
        <Style>
          <IconStyle>
            <color>FF00FFFF</color>
            <scale>0.9</scale>
            <Icon>
              <href>http://maps.google.com/mapfiles/kml/shapes/placemark_circle.png</href>
            </Icon>
          </IconStyle>
        </Style>
        <Point>
          <altitudeMode>clampToGround</altitudeMode>
          <coordinates>114.14831860922276973724365234375,22.2757752053439617156982421875, 751.79998779296875</coordinates>
        </Point>
      </Placemark>
      <Placemark>
        <TimeSpan>
          <begin>2026-02-15T09:50:57+08:00</begin>
          <end>2026-02-15T09:50:59+08:00</end>
        </TimeSpan>
        <Style>
          <IconStyle>
            <color>FF00FFFF</color>
            <scale>0.9</scale>
            <Icon>
              <href>http://maps.google.com/mapfiles/kml/shapes/placemark_circle.png</href>
            </Icon>
          </IconStyle>
        </Style>
        <Point>
          <altitudeMode>clampToGround</altitudeMode>
          <coordinates>114.1483121551573276519775390625,22.2758033685386180877685546875, 752</coordinates>
        </Point>
      </Placemark>
      <Placemark>
        <TimeSpan>
          <begin>2026-02-15T09:50:59+08:00</begin>
          <end>2026-02-15T09:51:01+08:00</end>
        </TimeSpan>
        <Style>
          <IconStyle>
            <color>FF00FFFF</color>
            <scale>0.9</scale>
            <Icon>
              <href>http://maps.google.com/mapfiles/kml/shapes/placemark_circle.png</href>
            </Icon>
          </IconStyle>
        </Style>
        <Point>
          <altitudeMode>clampToGround</altitudeMode>
          <coordinates>114.1483047790825366973876953125,22.27582222782075405120849609375, 752.20001220703125</coordinates>
        </Point>
      </Placemark>
      <Placemark>
        <TimeSpan>
          <begin>2026-02-15T09:51:01+08:00</begin>
          <end>2026-02-15T09:51:02+08:00</end>
        </TimeSpan>
        <Style>
          <IconStyle>
            <color>FF00FFFF</color>
            <scale>0.9</scale>
            <Icon>
              <href>http://maps.google.com/mapfiles/kml/shapes/placemark_circle.png</href>
            </Icon>
          </IconStyle>
        </Style>
        <Point>
          <altitudeMode>clampToGround</altitudeMode>
          <coordinates>114.1482970677316188812255859375,22.275832705199718475341796875, 752.20001220703125</coordinates>
        </Point>
      </Placemark>
      <Placemark>
        <TimeSpan>
          <begin>2026-02-15T09:51:02+08:00</begin>
          <end>2026-02-15T09:51:05+08:00</end>
        </TimeSpan>
        <Style>
          <IconStyle>
            <color>FF00FFFF</color>
            <scale>0.9</scale>
            <Icon>
              <href>http://maps.google.com/mapfiles/kml/shapes/placemark_circle.png</href>
            </Icon>
          </IconStyle>
        </Style>
        <Point>
          <altitudeMode>clampToGround</altitudeMode>
          <coordinates>114.1482804715633392333984375,22.2758866846561431884765625, 752.5999755859375</coordinates>
        </Point>
      </Placemark>
      <Placemark>
        <TimeSpan>
          <begin>2026-02-15T09:51:05+08:00</begin>
          <end>2026-02-15T09:51:07+08:00</end>
        </TimeSpan>
        <Style>
          <IconStyle>
            <color>FF00FFFF</color>
            <scale>0.9</scale>
            <Icon>
              <href>http://maps.google.com/mapfiles/kml/shapes/placemark_circle.png</href>
            </Icon>
          </IconStyle>
        </Style>
        <Point>
          <altitudeMode>clampToGround</altitudeMode>
          <coordinates>114.1482742689549922943115234375,22.27591442875564098358154296875, 752.79998779296875</coordinates>
        </Point>
      </Placemark>
      <Placemark>
        <TimeSpan>
          <begin>2026-02-15T09:51:07+08:00</begin>
          <end>2026-02-15T09:51:11+08:00</end>
        </TimeSpan>
        <Style>
          <IconStyle>
            <color>FF00FFFF</color>
            <scale>0.9</scale>
            <Icon>
              <href>http://maps.google.com/mapfiles/kml/shapes/placemark_circle.png</href>
            </Icon>
          </IconStyle>
        </Style>
        <Point>
          <altitudeMode>clampToGround</altitudeMode>
          <coordinates>114.1482333652675151824951171875,22.275980226695537567138671875, 753.20001220703125</coordinates>
        </Point>
      </Placemark>
      <Placemark>
        <TimeSpan>
          <begin>2026-02-15T09:51:11+08:00</begin>
          <end>2026-02-15T09:51:13+08:00</end>
        </TimeSpan>
        <Style>
          <IconStyle>
            <color>FF00FFFF</color>
            <scale>0.9</scale>
            <Icon>
              <href>http://maps.google.com/mapfiles/kml/shapes/placemark_circle.png</href>
            </Icon>
          </IconStyle>
        </Style>
        <Point>
          <altitudeMode>clampToGround</altitudeMode>
          <coordinates>114.1482320241630077362060546875,22.27599791251122951507568359375, 753.4000244140625</coordinates>
        </Point>
      </Placemark>
      <Placemark>
        <TimeSpan>
          <begin>2026-02-15T09:51:13+08:00</begin>
          <end>2026-02-15T09:51:15+08:00</end>
        </TimeSpan>
        <Style>
          <IconStyle>
            <color>FF00FFFF</color>
            <scale>0.9</scale>
            <Icon>
              <href>http://maps.google.com/mapfiles/kml/shapes/placemark_circle.png</href>
            </Icon>
          </IconStyle>
        </Style>
        <Point>
          <altitudeMode>clampToGround</altitudeMode>
          <coordinates>114.1482202894985675811767578125,22.27601534686982631683349609375, 753.5999755859375</coordinates>
        </Point>
      </Placemark>
      <Placemark>
        <TimeSpan>
          <begin>2026-02-15T09:51:15+08:00</begin>
          <end>2026-02-15T09:51:17+08:00</end>
        </TimeSpan>
        <Style>
          <IconStyle>
            <color>FF00FFFF</color>
            <scale>0.9</scale>
            <Icon>
              <href>http://maps.google.com/mapfiles/kml/shapes/placemark_circle.png</href>
            </Icon>
          </IconStyle>
        </Style>
        <Point>
          <altitudeMode>clampToGround</altitudeMode>
          <coordinates>114.14820880629122257232666015625,22.276029847562313079833984375, 753.79998779296875</coordinates>
        </Point>
      </Placemark>
      <Placemark>
        <TimeSpan>
          <begin>2026-02-15T09:51:17+08:00</begin>
          <end>2026-02-15T09:51:19+08:00</end>
        </TimeSpan>
        <Style>
          <IconStyle>
            <color>FF00FFFF</color>
            <scale>0.9</scale>
            <Icon>
              <href>http://maps.google.com/mapfiles/kml/shapes/placemark_circle.png</href>
            </Icon>
          </IconStyle>
        </Style>
        <Point>
          <altitudeMode>clampToGround</altitudeMode>
          <coordinates>114.1482065431773662567138671875,22.27604317478835582733154296875, 753.79998779296875</coordinates>
        </Point>
      </Placemark>
      <Placemark>
        <TimeSpan>
          <begin>2026-02-15T09:51:19+08:00</begin>
          <end>2026-02-15T09:51:20+08:00</end>
        </TimeSpan>
        <Style>
          <IconStyle>
            <color>FF00FFFF</color>
            <scale>0.9</scale>
            <Icon>
              <href>http://maps.google.com/mapfiles/kml/shapes/placemark_circle.png</href>
            </Icon>
          </IconStyle>
        </Style>
        <Point>
          <altitudeMode>clampToGround</altitudeMode>
          <coordinates>114.1481964848935604095458984375,22.27604418061673641204833984375, 753.79998779296875</coordinates>
        </Point>
      </Placemark>
      <Placemark>
        <TimeSpan>
          <begin>2026-02-15T09:51:20+08:00</begin>
          <end>2026-02-15T09:51:21+08:00</end>
        </TimeSpan>
        <Style>
          <IconStyle>
            <color>FF00FFFF</color>
            <scale>0.9</scale>
            <Icon>
              <href>http://maps.google.com/mapfiles/kml/shapes/placemark_circle.png</href>
            </Icon>
          </IconStyle>
        </Style>
        <Point>
          <altitudeMode>clampToGround</altitudeMode>
          <coordinates>114.14819086901843547821044921875,22.27606178261339664459228515625, 754</coordinates>
        </Point>
      </Placemark>
      <Placemark>
        <TimeSpan>
          <begin>2026-02-15T09:51:21+08:00</begin>
          <end>2026-02-15T09:51:22+08:00</end>
        </TimeSpan>
        <Style>
          <IconStyle>
            <color>FF00FFFF</color>
            <scale>0.9</scale>
            <Icon>
              <href>http://maps.google.com/mapfiles/kml/shapes/placemark_circle.png</href>
            </Icon>
          </IconStyle>
        </Style>
        <Point>
          <altitudeMode>clampToGround</altitudeMode>
          <coordinates>114.148181565105915069580078125,22.2760699130594730377197265625, 754</coordinates>
        </Point>
      </Placemark>
      <Placemark>
        <TimeSpan>
          <begin>2026-02-15T09:51:22+08:00</begin>
          <end>2026-02-15T09:51:26+08:00</end>
        </TimeSpan>
        <Style>
          <IconStyle>
            <color>FF00FFFF</color>
            <scale>0.9</scale>
            <Icon>
              <href>http://maps.google.com/mapfiles/kml/shapes/placemark_circle.png</href>
            </Icon>
          </IconStyle>
        </Style>
        <Point>
          <altitudeMode>clampToGround</altitudeMode>
          <coordinates>114.14814476855099201202392578125,22.27611207403242588043212890625, 754.20001220703125</coordinates>
        </Point>
      </Placemark>
      <Placemark>
        <TimeSpan>
          <begin>2026-02-15T09:51:26+08:00</begin>
          <end>2026-02-15T09:51:27+08:00</end>
        </TimeSpan>
        <Style>
          <IconStyle>
            <color>FF00FFFF</color>
            <scale>0.9</scale>
            <Icon>
              <href>http://maps.google.com/mapfiles/kml/shapes/placemark_circle.png</href>
            </Icon>
          </IconStyle>
        </Style>
        <Point>
          <altitudeMode>clampToGround</altitudeMode>
          <coordinates>114.1481374762952327728271484375,22.2761198692023754119873046875, 754.20001220703125</coordinates>
        </Point>
      </Placemark>
      <Placemark>
        <TimeSpan>
          <begin>2026-02-15T09:51:27+08:00</begin>
          <end>2026-02-15T09:51:32+08:00</end>
        </TimeSpan>
        <Style>
          <IconStyle>
            <color>FF00FFFF</color>
            <scale>0.9</scale>
            <Icon>
              <href>http://maps.google.com/mapfiles/kml/shapes/placemark_circle.png</href>
            </Icon>
          </IconStyle>
        </Style>
        <Point>
          <altitudeMode>clampToGround</altitudeMode>
          <coordinates>114.1480764560401439666748046875,22.2761594317853450775146484375, 754.79998779296875</coordinates>
        </Point>
      </Placemark>
      <Placemark>
        <TimeSpan>
          <begin>2026-02-15T09:51:32+08:00</begin>
          <end>2026-02-15T09:51:34+08:00</end>
        </TimeSpan>
        <Style>
          <IconStyle>
            <color>FF00FFFF</color>
            <scale>0.9</scale>
            <Icon>
              <href>http://maps.google.com/mapfiles/kml/shapes/placemark_circle.png</href>
            </Icon>
          </IconStyle>
        </Style>
        <Point>
          <altitudeMode>clampToGround</altitudeMode>
          <coordinates>114.14806748740375041961669921875,22.2761654667556285858154296875, 754.79998779296875</coordinates>
        </Point>
      </Placemark>
      <Placemark>
        <TimeSpan>
          <begin>2026-02-15T09:51:34+08:00</begin>
          <end>2026-02-15T09:51:36+08:00</end>
        </TimeSpan>
        <Style>
          <IconStyle>
            <color>FF00FFFF</color>
            <scale>0.9</scale>
            <Icon>
              <href>http://maps.google.com/mapfiles/kml/shapes/placemark_circle.png</href>
            </Icon>
          </IconStyle>
        </Style>
        <Point>
          <altitudeMode>clampToGround</altitudeMode>
          <coordinates>114.1480603627860546112060546875,22.2761812247335910797119140625, 755</coordinates>
        </Point>
      </Placemark>
      <Placemark>
        <TimeSpan>
          <begin>2026-02-15T09:51:36+08:00</begin>
          <end>2026-02-15T09:51:39+08:00</end>
        </TimeSpan>
        <Style>
          <IconStyle>
            <color>FF00FFFF</color>
            <scale>0.9</scale>
            <Icon>
              <href>http://maps.google.com/mapfiles/kml/shapes/placemark_circle.png</href>
            </Icon>
          </IconStyle>
        </Style>
        <Point>
          <altitudeMode>clampToGround</altitudeMode>
          <coordinates>114.14804887957870960235595703125,22.27621592581272125244140625, 755.20001220703125</coordinates>
        </Point>
      </Placemark>
      <Placemark>
        <TimeSpan>
          <begin>2026-02-15T09:51:39+08:00</begin>
          <end>2026-02-15T09:51:41+08:00</end>
        </TimeSpan>
        <Style>
          <IconStyle>
            <color>FF00FFFF</color>
            <scale>0.9</scale>
            <Icon>
              <href>http://maps.google.com/mapfiles/kml/shapes/placemark_circle.png</href>
            </Icon>
          </IconStyle>
        </Style>
        <Point>
          <altitudeMode>clampToGround</altitudeMode>
          <coordinates>114.14804636500775814056396484375,22.27623076178133487701416015625, 755.20001220703125</coordinates>
        </Point>
      </Placemark>
      <Placemark>
        <TimeSpan>
          <begin>2026-02-15T09:51:41+08:00</begin>
          <end>2026-02-15T09:51:43+08:00</end>
        </TimeSpan>
        <Style>
          <IconStyle>
            <color>FF00FFFF</color>
            <scale>0.9</scale>
            <Icon>
              <href>http://maps.google.com/mapfiles/kml/shapes/placemark_circle.png</href>
            </Icon>
          </IconStyle>
        </Style>
        <Point>
          <altitudeMode>clampToGround</altitudeMode>
          <coordinates>114.14803731255233287811279296875,22.2762445919215679168701171875, 755.5999755859375</coordinates>
        </Point>
      </Placemark>
      <Placemark>
        <TimeSpan>
          <begin>2026-02-15T09:51:43+08:00</begin>
          <end>2026-02-15T09:51:45+08:00</end>
        </TimeSpan>
        <Style>
          <IconStyle>
            <color>FF00FFFF</color>
            <scale>0.9</scale>
            <Icon>
              <href>http://maps.google.com/mapfiles/kml/shapes/placemark_circle.png</href>
            </Icon>
          </IconStyle>
        </Style>
        <Point>
          <altitudeMode>clampToGround</altitudeMode>
          <coordinates>114.14802138693630695343017578125,22.27628071792423725128173828125, 755.79998779296875</coordinates>
        </Point>
      </Placemark>
      <Placemark>
        <TimeSpan>
          <begin>2026-02-15T09:51:45+08:00</begin>
          <end>2026-02-15T09:51:46+08:00</end>
        </TimeSpan>
        <Style>
          <IconStyle>
            <color>FF00FFFF</color>
            <scale>0.9</scale>
            <Icon>
              <href>http://maps.google.com/mapfiles/kml/shapes/placemark_circle.png</href>
            </Icon>
          </IconStyle>
        </Style>
        <Point>
          <altitudeMode>clampToGround</altitudeMode>
          <coordinates>114.148025996983051300048828125,22.27628340013325214385986328125, 755.79998779296875</coordinates>
        </Point>
      </Placemark>
      <Placemark>
        <TimeSpan>
          <begin>2026-02-15T09:51:46+08:00</begin>
          <end>2026-02-15T09:51:48+08:00</end>
        </TimeSpan>
        <Style>
          <IconStyle>
            <color>FF00FFFF</color>
            <scale>0.9</scale>
            <Icon>
              <href>http://maps.google.com/mapfiles/kml/shapes/placemark_circle.png</href>
            </Icon>
          </IconStyle>
        </Style>
        <Point>
          <altitudeMode>clampToGround</altitudeMode>
          <coordinates>114.14801434613764286041259765625,22.27632145397365093231201171875, 756</coordinates>
        </Point>
      </Placemark>
      <Placemark>
        <TimeSpan>
          <begin>2026-02-15T09:51:48+08:00</begin>
          <end>2026-02-15T09:51:49+08:00</end>
        </TimeSpan>
        <Style>
          <IconStyle>
            <color>FF00FFFF</color>
            <scale>0.9</scale>
            <Icon>
              <href>http://maps.google.com/mapfiles/kml/shapes/placemark_circle.png</href>
            </Icon>
          </IconStyle>
        </Style>
        <Point>
          <altitudeMode>clampToGround</altitudeMode>
          <coordinates>114.14801099337637424468994140625,22.276341654360294342041015625, 756.20001220703125</coordinates>
        </Point>
      </Placemark>
      <Placemark>
        <TimeSpan>
          <begin>2026-02-15T09:51:49+08:00</begin>
          <end>2026-02-15T09:51:51+08:00</end>
        </TimeSpan>
        <Style>
          <IconStyle>
            <color>FF00FFFF</color>
            <scale>0.9</scale>
            <Icon>
              <href>http://maps.google.com/mapfiles/kml/shapes/placemark_circle.png</href>
            </Icon>
          </IconStyle>
        </Style>
        <Point>
          <altitudeMode>clampToGround</altitudeMode>
          <coordinates>114.14799439720809459686279296875,22.2763669677078723907470703125, 756.20001220703125</coordinates>
        </Point>
      </Placemark>
      <Placemark>
        <TimeSpan>
          <begin>2026-02-15T09:51:51+08:00</begin>
          <end>2026-02-15T09:51:53+08:00</end>
        </TimeSpan>
        <Style>
          <IconStyle>
            <color>FF00FFFF</color>
            <scale>0.9</scale>
            <Icon>
              <href>http://maps.google.com/mapfiles/kml/shapes/placemark_circle.png</href>
            </Icon>
          </IconStyle>
        </Style>
        <Point>
          <altitudeMode>clampToGround</altitudeMode>
          <coordinates>114.14797134697437286376953125,22.276387251913547515869140625, 756.20001220703125</coordinates>
        </Point>
      </Placemark>
      <Placemark>
        <TimeSpan>
          <begin>2026-02-15T09:51:53+08:00</begin>
          <end>2026-02-15T09:51:54+08:00</end>
        </TimeSpan>
        <Style>
          <IconStyle>
            <color>FF00FFFF</color>
            <scale>0.9</scale>
            <Icon>
              <href>http://maps.google.com/mapfiles/kml/shapes/placemark_circle.png</href>
            </Icon>
          </IconStyle>
        </Style>
        <Point>
          <altitudeMode>clampToGround</altitudeMode>
          <coordinates>114.14795801974833011627197265625,22.2764038480818271636962890625, 756.20001220703125</coordinates>
        </Point>
      </Placemark>
      <Placemark>
        <TimeSpan>
          <begin>2026-02-15T09:51:54+08:00</begin>
          <end>2026-02-15T09:51:56+08:00</end>
        </TimeSpan>
        <Style>
          <IconStyle>
            <color>FF00FFFF</color>
            <scale>0.9</scale>
            <Icon>
              <href>http://maps.google.com/mapfiles/kml/shapes/placemark_circle.png</href>
            </Icon>
          </IconStyle>
        </Style>
        <Point>
          <altitudeMode>clampToGround</altitudeMode>
          <coordinates>114.147941507399082183837890625,22.27643008343875408172607421875, 756.4000244140625</coordinates>
        </Point>
      </Placemark>
      <Placemark>
        <TimeSpan>
          <begin>2026-02-15T09:51:56+08:00</begin>
          <end>2026-02-15T09:51:58+08:00</end>
        </TimeSpan>
        <Style>
          <IconStyle>
            <color>FF00FFFF</color>
            <scale>0.9</scale>
            <Icon>
              <href>http://maps.google.com/mapfiles/kml/shapes/placemark_circle.png</href>
            </Icon>
          </IconStyle>
        </Style>
        <Point>
          <altitudeMode>clampToGround</altitudeMode>
          <coordinates>114.14793740026652812957763671875,22.2764445841312408447265625, 756.79998779296875</coordinates>
        </Point>
      </Placemark>
      <Placemark>
        <TimeSpan>
          <begin>2026-02-15T09:51:58+08:00</begin>
          <end>2026-02-15T09:51:59+08:00</end>
        </TimeSpan>
        <Style>
          <IconStyle>
            <color>FF00FFFF</color>
            <scale>0.9</scale>
            <Icon>
              <href>http://maps.google.com/mapfiles/kml/shapes/placemark_circle.png</href>
            </Icon>
          </IconStyle>
        </Style>
        <Point>
          <altitudeMode>clampToGround</altitudeMode>
          <coordinates>114.1479344666004180908203125,22.27645455859601497650146484375, 756.79998779296875</coordinates>
        </Point>
      </Placemark>
      <Placemark>
        <TimeSpan>
          <begin>2026-02-15T09:51:59+08:00</begin>
          <end>2026-02-15T09:52:01+08:00</end>
        </TimeSpan>
        <Style>
          <IconStyle>
            <color>FF00FFFF</color>
            <scale>0.9</scale>
            <Icon>
              <href>http://maps.google.com/mapfiles/kml/shapes/placemark_circle.png</href>
            </Icon>
          </IconStyle>
        </Style>
        <Point>
          <altitudeMode>clampToGround</altitudeMode>
          <coordinates>114.147916696965694427490234375,22.2764982283115386962890625, 756.79998779296875</coordinates>
        </Point>
      </Placemark>
      <Placemark>
        <TimeSpan>
          <begin>2026-02-15T09:52:01+08:00</begin>
          <end>2026-02-15T09:52:02+08:00</end>
        </TimeSpan>
        <Style>
          <IconStyle>
            <color>FF00FFFF</color>
            <scale>0.9</scale>
            <Icon>
              <href>http://maps.google.com/mapfiles/kml/shapes/placemark_circle.png</href>
            </Icon>
          </IconStyle>
        </Style>
        <Point>
          <altitudeMode>clampToGround</altitudeMode>
          <coordinates>114.147917367517948150634765625,22.276513986289501190185546875, 757.20001220703125</coordinates>
        </Point>
      </Placemark>
      <Placemark>
        <TimeSpan>
          <begin>2026-02-15T09:52:02+08:00</begin>
          <end>2026-02-15T09:52:04+08:00</end>
        </TimeSpan>
        <Style>
          <IconStyle>
            <color>FF00FFFF</color>
            <scale>0.9</scale>
            <Icon>
              <href>http://maps.google.com/mapfiles/kml/shapes/placemark_circle.png</href>
            </Icon>
          </IconStyle>
        </Style>
        <Point>
          <altitudeMode>clampToGround</altitudeMode>
          <coordinates>114.147914014756679534912109375,22.27653921581804752349853515625, 757.4000244140625</coordinates>
        </Point>
      </Placemark>
      <Placemark>
        <TimeSpan>
          <begin>2026-02-15T09:52:04+08:00</begin>
          <end>2026-02-15T09:52:07+08:00</end>
        </TimeSpan>
        <Style>
          <IconStyle>
            <color>FF00FFFF</color>
            <scale>0.9</scale>
            <Icon>
              <href>http://maps.google.com/mapfiles/kml/shapes/placemark_circle.png</href>
            </Icon>
          </IconStyle>
        </Style>
        <Point>
          <altitudeMode>clampToGround</altitudeMode>
          <coordinates>114.1479168646037578582763671875,22.2765835560858249664306640625, 757.4000244140625</coordinates>
        </Point>
      </Placemark>
      <Placemark>
        <TimeSpan>
          <begin>2026-02-15T09:52:07+08:00</begin>
          <end>2026-02-15T09:52:08+08:00</end>
        </TimeSpan>
        <Style>
          <IconStyle>
            <color>FF00FFFF</color>
            <scale>0.9</scale>
            <Icon>
              <href>http://maps.google.com/mapfiles/kml/shapes/placemark_circle.png</href>
            </Icon>
          </IconStyle>
        </Style>
        <Point>
          <altitudeMode>clampToGround</altitudeMode>
          <coordinates>114.14791644550859928131103515625,22.27659503929316997528076171875, 757.4000244140625</coordinates>
        </Point>
      </Placemark>
      <Placemark>
        <TimeSpan>
          <begin>2026-02-15T09:52:08+08:00</begin>
          <end>2026-02-15T09:52:09+08:00</end>
        </TimeSpan>
        <Style>
          <IconStyle>
            <color>FF00FFFF</color>
            <scale>0.9</scale>
            <Icon>
              <href>http://maps.google.com/mapfiles/kml/shapes/placemark_circle.png</href>
            </Icon>
          </IconStyle>
        </Style>
        <Point>
          <altitudeMode>clampToGround</altitudeMode>
          <coordinates>114.1479205526411533355712890625,22.27660124190151691436767578125, 757.4000244140625</coordinates>
        </Point>
      </Placemark>
      <Placemark>
        <TimeSpan>
          <begin>2026-02-15T09:52:09+08:00</begin>
          <end>2026-02-15T09:52:14+08:00</end>
        </TimeSpan>
        <Style>
          <IconStyle>
            <color>FF00FFFF</color>
            <scale>0.9</scale>
            <Icon>
              <href>http://maps.google.com/mapfiles/kml/shapes/placemark_circle.png</href>
            </Icon>
          </IconStyle>
        </Style>
        <Point>
          <altitudeMode>clampToGround</altitudeMode>
          <coordinates>114.14791367948055267333984375,22.2766764275729656219482421875, 757.79998779296875</coordinates>
        </Point>
      </Placemark>
      <Placemark>
        <TimeSpan>
          <begin>2026-02-15T09:52:14+08:00</begin>
          <end>2026-02-15T09:52:20+08:00</end>
        </TimeSpan>
        <Style>
          <IconStyle>
            <color>FF00FFFF</color>
            <scale>0.9</scale>
            <Icon>
              <href>http://maps.google.com/mapfiles/kml/shapes/placemark_circle.png</href>
            </Icon>
          </IconStyle>
        </Style>
        <Point>
          <altitudeMode>clampToGround</altitudeMode>
          <coordinates>114.147941507399082183837890625,22.27674976922571659088134765625, 758</coordinates>
        </Point>
      </Placemark>
      <Placemark>
        <TimeSpan>
          <begin>2026-02-15T09:52:20+08:00</begin>
          <end>2026-02-15T09:52:22+08:00</end>
        </TimeSpan>
        <Style>
          <IconStyle>
            <color>FF00FFFF</color>
            <scale>0.9</scale>
            <Icon>
              <href>http://maps.google.com/mapfiles/kml/shapes/placemark_circle.png</href>
            </Icon>
          </IconStyle>
        </Style>
        <Point>
          <altitudeMode>clampToGround</altitudeMode>
          <coordinates>114.14795449934899806976318359375,22.27675965987145900726318359375, 758.20001220703125</coordinates>
        </Point>
      </Placemark>
      <Placemark>
        <TimeSpan>
          <begin>2026-02-15T09:52:22+08:00</begin>
          <end>2026-02-15T09:52:23+08:00</end>
        </TimeSpan>
        <Style>
          <IconStyle>
            <color>FF00FFFF</color>
            <scale>0.9</scale>
            <Icon>
              <href>http://maps.google.com/mapfiles/kml/shapes/placemark_circle.png</href>
            </Icon>
          </IconStyle>
        </Style>
        <Point>
          <altitudeMode>clampToGround</altitudeMode>
          <coordinates>114.14796304889023303985595703125,22.27676921524107456207275390625, 758.20001220703125</coordinates>
        </Point>
      </Placemark>
      <Placemark>
        <TimeSpan>
          <begin>2026-02-15T09:52:23+08:00</begin>
          <end>2026-02-15T09:52:27+08:00</end>
        </TimeSpan>
        <Style>
          <IconStyle>
            <color>FF00FFFF</color>
            <scale>0.9</scale>
            <Icon>
              <href>http://maps.google.com/mapfiles/kml/shapes/placemark_circle.png</href>
            </Icon>
          </IconStyle>
        </Style>
        <Point>
          <altitudeMode>clampToGround</altitudeMode>
          <coordinates>114.14798366837203502655029296875,22.276811711490154266357421875, 758.4000244140625</coordinates>
        </Point>
      </Placemark>
      <Placemark>
        <TimeSpan>
          <begin>2026-02-15T09:52:27+08:00</begin>
          <end>2026-02-15T09:52:31+08:00</end>
        </TimeSpan>
        <Style>
          <IconStyle>
            <color>FF00FFFF</color>
            <scale>0.9</scale>
            <Icon>
              <href>http://maps.google.com/mapfiles/kml/shapes/placemark_circle.png</href>
            </Icon>
          </IconStyle>
        </Style>
        <Point>
          <altitudeMode>clampToGround</altitudeMode>
          <coordinates>114.147992469370365142822265625,22.27687013335525989532470703125, 758.79998779296875</coordinates>
        </Point>
      </Placemark>
      <Placemark>
        <TimeSpan>
          <begin>2026-02-15T09:52:31+08:00</begin>
          <end>2026-02-15T09:52:33+08:00</end>
        </TimeSpan>
        <Style>
          <IconStyle>
            <color>FF00FFFF</color>
            <scale>0.9</scale>
            <Icon>
              <href>http://maps.google.com/mapfiles/kml/shapes/placemark_circle.png</href>
            </Icon>
          </IconStyle>
        </Style>
        <Point>
          <altitudeMode>clampToGround</altitudeMode>
          <coordinates>114.14798584766685962677001953125,22.27689326740801334381103515625, 759</coordinates>
        </Point>
      </Placemark>
      <Placemark>
        <TimeSpan>
          <begin>2026-02-15T09:52:33+08:00</begin>
          <end>2026-02-15T09:52:36+08:00</end>
        </TimeSpan>
        <Style>
          <IconStyle>
            <color>FF00FFFF</color>
            <scale>0.9</scale>
            <Icon>
              <href>http://maps.google.com/mapfiles/kml/shapes/placemark_circle.png</href>
            </Icon>
          </IconStyle>
        </Style>
        <Point>
          <altitudeMode>clampToGround</altitudeMode>
          <coordinates>114.14798383601009845733642578125,22.27693140506744384765625, 759.20001220703125</coordinates>
        </Point>
      </Placemark>
      <Placemark>
        <TimeSpan>
          <begin>2026-02-15T09:52:36+08:00</begin>
          <end>2026-02-15T09:52:39+08:00</end>
        </TimeSpan>
        <Style>
          <IconStyle>
            <color>FF00FFFF</color>
            <scale>0.9</scale>
            <Icon>
              <href>http://maps.google.com/mapfiles/kml/shapes/placemark_circle.png</href>
            </Icon>
          </IconStyle>
        </Style>
        <Point>
          <altitudeMode>clampToGround</altitudeMode>
          <coordinates>114.14799288846552371978759765625,22.27696568705141544342041015625, 759.5999755859375</coordinates>
        </Point>
      </Placemark>
      <Placemark>
        <TimeSpan>
          <begin>2026-02-15T09:52:39+08:00</begin>
          <end>2026-02-15T09:52:41+08:00</end>
        </TimeSpan>
        <Style>
          <IconStyle>
            <color>FF00FFFF</color>
            <scale>0.9</scale>
            <Icon>
              <href>http://maps.google.com/mapfiles/kml/shapes/placemark_circle.png</href>
            </Icon>
          </IconStyle>
        </Style>
        <Point>
          <altitudeMode>clampToGround</altitudeMode>
          <coordinates>114.1480050422251224517822265625,22.27698882110416889190673828125, 759.5999755859375</coordinates>
        </Point>
      </Placemark>
      <Placemark>
        <TimeSpan>
          <begin>2026-02-15T09:52:41+08:00</begin>
          <end>2026-02-15T09:52:43+08:00</end>
        </TimeSpan>
        <Style>
          <IconStyle>
            <color>FF00FFFF</color>
            <scale>0.9</scale>
            <Icon>
              <href>http://maps.google.com/mapfiles/kml/shapes/placemark_circle.png</href>
            </Icon>
          </IconStyle>
        </Style>
        <Point>
          <altitudeMode>clampToGround</altitudeMode>
          <coordinates>114.14801484905183315277099609375,22.277005501091480255126953125, 760</coordinates>
        </Point>
      </Placemark>
      <Placemark>
        <TimeSpan>
          <begin>2026-02-15T09:52:43+08:00</begin>
          <end>2026-02-15T09:52:47+08:00</end>
        </TimeSpan>
        <Style>
          <IconStyle>
            <color>FF00FFFF</color>
            <scale>0.9</scale>
            <Icon>
              <href>http://maps.google.com/mapfiles/kml/shapes/placemark_circle.png</href>
            </Icon>
          </IconStyle>
        </Style>
        <Point>
          <altitudeMode>clampToGround</altitudeMode>
          <coordinates>114.14802926592528820037841796875,22.27706015110015869140625, 760.20001220703125</coordinates>
        </Point>
      </Placemark>
      <Placemark>
        <TimeSpan>
          <begin>2026-02-15T09:52:47+08:00</begin>
          <end>2026-02-15T09:52:50+08:00</end>
        </TimeSpan>
        <Style>
          <IconStyle>
            <color>FF00FFFF</color>
            <scale>0.9</scale>
            <Icon>
              <href>http://maps.google.com/mapfiles/kml/shapes/placemark_circle.png</href>
            </Icon>
          </IconStyle>
        </Style>
        <Point>
          <altitudeMode>clampToGround</altitudeMode>
          <coordinates>114.148057512938976287841796875,22.2771039046347141265869140625, 760.4000244140625</coordinates>
        </Point>
      </Placemark>
      <Placemark>
        <TimeSpan>
          <begin>2026-02-15T09:52:50+08:00</begin>
          <end>2026-02-15T09:52:54+08:00</end>
        </TimeSpan>
        <Style>
          <IconStyle>
            <color>FF00FFFF</color>
            <scale>0.9</scale>
            <Icon>
              <href>http://maps.google.com/mapfiles/kml/shapes/placemark_circle.png</href>
            </Icon>
          </IconStyle>
        </Style>
        <Point>
          <altitudeMode>clampToGround</altitudeMode>
          <coordinates>114.14809531532227993011474609375,22.27715260349214076995849609375, 760.5999755859375</coordinates>
        </Point>
      </Placemark>
      <Placemark>
        <TimeSpan>
          <begin>2026-02-15T09:52:54+08:00</begin>
          <end>2026-02-15T09:53:00+08:00</end>
        </TimeSpan>
        <Style>
          <IconStyle>
            <color>FF00FFFF</color>
            <scale>0.9</scale>
            <Icon>
              <href>http://maps.google.com/mapfiles/kml/shapes/placemark_circle.png</href>
            </Icon>
          </IconStyle>
        </Style>
        <Point>
          <altitudeMode>clampToGround</altitudeMode>
          <coordinates>114.14811484515666961669921875,22.27722737006843090057373046875, 761.20001220703125</coordinates>
        </Point>
      </Placemark>
      <Placemark>
        <TimeSpan>
          <begin>2026-02-15T09:53:00+08:00</begin>
          <end>2026-02-15T09:53:02+08:00</end>
        </TimeSpan>
        <Style>
          <IconStyle>
            <color>FF00FFFF</color>
            <scale>0.9</scale>
            <Icon>
              <href>http://maps.google.com/mapfiles/kml/shapes/placemark_circle.png</href>
            </Icon>
          </IconStyle>
        </Style>
        <Point>
          <altitudeMode>clampToGround</altitudeMode>
          <coordinates>114.14812012575566768646240234375,22.27724513970315456390380859375, 761.4000244140625</coordinates>
        </Point>
      </Placemark>
      <Placemark>
        <TimeSpan>
          <begin>2026-02-15T09:53:02+08:00</begin>
          <end>2026-02-15T09:53:07+08:00</end>
        </TimeSpan>
        <Style>
          <IconStyle>
            <color>FF00FFFF</color>
            <scale>0.9</scale>
            <Icon>
              <href>http://maps.google.com/mapfiles/kml/shapes/placemark_circle.png</href>
            </Icon>
          </IconStyle>
        </Style>
        <Point>
          <altitudeMode>clampToGround</altitudeMode>
          <coordinates>114.1480925492942333221435546875,22.2772963531315326690673828125, 762.20001220703125</coordinates>
        </Point>
      </Placemark>
      <Placemark>
        <TimeSpan>
          <begin>2026-02-15T09:53:07+08:00</begin>
          <end>2026-02-15T09:53:10+08:00</end>
        </TimeSpan>
        <Style>
          <IconStyle>
            <color>FF00FFFF</color>
            <scale>0.9</scale>
            <Icon>
              <href>http://maps.google.com/mapfiles/kml/shapes/placemark_circle.png</href>
            </Icon>
          </IconStyle>
        </Style>
        <Point>
          <altitudeMode>clampToGround</altitudeMode>
          <coordinates>114.1480578482151031494140625,22.2773238457739353179931640625, 762.5999755859375</coordinates>
        </Point>
      </Placemark>
      <Placemark>
        <TimeSpan>
          <begin>2026-02-15T09:53:10+08:00</begin>
          <end>2026-02-15T09:53:12+08:00</end>
        </TimeSpan>
        <Style>
          <IconStyle>
            <color>FF00FFFF</color>
            <scale>0.9</scale>
            <Icon>
              <href>http://maps.google.com/mapfiles/kml/shapes/placemark_circle.png</href>
            </Icon>
          </IconStyle>
        </Style>
        <Point>
          <altitudeMode>clampToGround</altitudeMode>
          <coordinates>114.14804753847420215606689453125,22.277350164949893951416015625, 762.79998779296875</coordinates>
        </Point>
      </Placemark>
      <Placemark>
        <TimeSpan>
          <begin>2026-02-15T09:53:12+08:00</begin>
          <end>2026-02-15T09:53:14+08:00</end>
        </TimeSpan>
        <Style>
          <IconStyle>
            <color>FF00FFFF</color>
            <scale>0.9</scale>
            <Icon>
              <href>http://maps.google.com/mapfiles/kml/shapes/placemark_circle.png</href>
            </Icon>
          </IconStyle>
        </Style>
        <Point>
          <altitudeMode>clampToGround</altitudeMode>
          <coordinates>114.14802499115467071533203125,22.27737355045974254608154296875, 763.20001220703125</coordinates>
        </Point>
      </Placemark>
      <Placemark>
        <TimeSpan>
          <begin>2026-02-15T09:53:14+08:00</begin>
          <end>2026-02-15T09:53:17+08:00</end>
        </TimeSpan>
        <Style>
          <IconStyle>
            <color>FF00FFFF</color>
            <scale>0.9</scale>
            <Icon>
              <href>http://maps.google.com/mapfiles/kml/shapes/placemark_circle.png</href>
            </Icon>
          </IconStyle>
        </Style>
        <Point>
          <altitudeMode>clampToGround</altitudeMode>
          <coordinates>114.1479936428368091583251953125,22.277406156063079833984375, 763.20001220703125</coordinates>
        </Point>
      </Placemark>
      <Placemark>
        <TimeSpan>
          <begin>2026-02-15T09:53:17+08:00</begin>
          <end>2026-02-15T09:53:23+08:00</end>
        </TimeSpan>
        <Style>
          <IconStyle>
            <color>FF00FFFF</color>
            <scale>0.9</scale>
            <Icon>
              <href>http://maps.google.com/mapfiles/kml/shapes/placemark_circle.png</href>
            </Icon>
          </IconStyle>
        </Style>
        <Point>
          <altitudeMode>clampToGround</altitudeMode>
          <coordinates>114.1479477100074291229248046875,22.27745451964437961578369140625, 763.20001220703125</coordinates>
        </Point>
      </Placemark>
      <Placemark>
        <TimeSpan>
          <begin>2026-02-15T09:53:23+08:00</begin>
          <end>2026-02-15T09:53:27+08:00</end>
        </TimeSpan>
        <Style>
          <IconStyle>
            <color>FF00FFFF</color>
            <scale>0.9</scale>
            <Icon>
              <href>http://maps.google.com/mapfiles/kml/shapes/placemark_circle.png</href>
            </Icon>
          </IconStyle>
        </Style>
        <Point>
          <altitudeMode>clampToGround</altitudeMode>
          <coordinates>114.147905297577381134033203125,22.277497015893459320068359375, 763.5999755859375</coordinates>
        </Point>
      </Placemark>
      <Placemark>
        <TimeSpan>
          <begin>2026-02-15T09:53:27+08:00</begin>
          <end>2026-02-15T09:53:29+08:00</end>
        </TimeSpan>
        <Style>
          <IconStyle>
            <color>FF00FFFF</color>
            <scale>0.9</scale>
            <Icon>
              <href>http://maps.google.com/mapfiles/kml/shapes/placemark_circle.png</href>
            </Icon>
          </IconStyle>
        </Style>
        <Point>
          <altitudeMode>clampToGround</altitudeMode>
          <coordinates>114.14788275025784969329833984375,22.27750967256724834442138671875, 763.79998779296875</coordinates>
        </Point>
      </Placemark>
      <Placemark>
        <TimeSpan>
          <begin>2026-02-15T09:53:29+08:00</begin>
          <end>2026-02-15T09:53:36+08:00</end>
        </TimeSpan>
        <Style>
          <IconStyle>
            <color>FF00FFFF</color>
            <scale>0.9</scale>
            <Icon>
              <href>http://maps.google.com/mapfiles/kml/shapes/placemark_circle.png</href>
            </Icon>
          </IconStyle>
        </Style>
        <Point>
          <altitudeMode>clampToGround</altitudeMode>
          <coordinates>114.14781217463314533233642578125,22.2775447927415370941162109375, 764.20001220703125</coordinates>
        </Point>
      </Placemark>
      <Placemark>
        <TimeSpan>
          <begin>2026-02-15T09:53:36+08:00</begin>
          <end>2026-02-15T09:53:38+08:00</end>
        </TimeSpan>
        <Style>
          <IconStyle>
            <color>FF00FFFF</color>
            <scale>0.9</scale>
            <Icon>
              <href>http://maps.google.com/mapfiles/kml/shapes/placemark_circle.png</href>
            </Icon>
          </IconStyle>
        </Style>
        <Point>
          <altitudeMode>clampToGround</altitudeMode>
          <coordinates>114.14778753183782100677490234375,22.27755007334053516387939453125, 764.20001220703125</coordinates>
        </Point>
      </Placemark>
      <Placemark>
        <TimeSpan>
          <begin>2026-02-15T09:53:38+08:00</begin>
          <end>2026-02-15T09:53:41+08:00</end>
        </TimeSpan>
        <Style>
          <IconStyle>
            <color>FF00FFFF</color>
            <scale>0.9</scale>
            <Icon>
              <href>http://maps.google.com/mapfiles/kml/shapes/placemark_circle.png</href>
            </Icon>
          </IconStyle>
        </Style>
        <Point>
          <altitudeMode>clampToGround</altitudeMode>
          <coordinates>114.14774210192263126373291015625,22.2775737941265106201171875, 764.4000244140625</coordinates>
        </Point>
      </Placemark>
      <Placemark>
        <TimeSpan>
          <begin>2026-02-15T09:53:41+08:00</begin>
          <end>2026-02-15T09:53:45+08:00</end>
        </TimeSpan>
        <Style>
          <IconStyle>
            <color>FF00FFFF</color>
            <scale>0.9</scale>
            <Icon>
              <href>http://maps.google.com/mapfiles/kml/shapes/placemark_circle.png</href>
            </Icon>
          </IconStyle>
        </Style>
        <Point>
          <altitudeMode>clampToGround</altitudeMode>
          <coordinates>114.1476915590465068817138671875,22.27757572196424007415771484375, 764.4000244140625</coordinates>
        </Point>
      </Placemark>
      <Placemark>
        <TimeSpan>
          <begin>2026-02-15T09:53:45+08:00</begin>
          <end>2026-02-15T09:53:47+08:00</end>
        </TimeSpan>
        <Style>
          <IconStyle>
            <color>FF00FFFF</color>
            <scale>0.9</scale>
            <Icon>
              <href>http://maps.google.com/mapfiles/kml/shapes/placemark_circle.png</href>
            </Icon>
          </IconStyle>
        </Style>
        <Point>
          <altitudeMode>clampToGround</altitudeMode>
          <coordinates>114.147670269012451171875,22.27757521905004978179931640625, 764.5999755859375</coordinates>
        </Point>
      </Placemark>
      <Placemark>
        <TimeSpan>
          <begin>2026-02-15T09:53:47+08:00</begin>
          <end>2026-02-15T09:53:49+08:00</end>
        </TimeSpan>
        <Style>
          <IconStyle>
            <color>FF00FFFF</color>
            <scale>0.9</scale>
            <Icon>
              <href>http://maps.google.com/mapfiles/kml/shapes/placemark_circle.png</href>
            </Icon>
          </IconStyle>
        </Style>
        <Point>
          <altitudeMode>clampToGround</altitudeMode>
          <coordinates>114.1476503200829029083251953125,22.2775786556303501129150390625, 764.5999755859375</coordinates>
        </Point>
      </Placemark>
      <Placemark>
        <TimeSpan>
          <begin>2026-02-15T09:53:49+08:00</begin>
          <end>2026-02-15T09:53:51+08:00</end>
        </TimeSpan>
        <Style>
          <IconStyle>
            <color>FF00FFFF</color>
            <scale>0.9</scale>
            <Icon>
              <href>http://maps.google.com/mapfiles/kml/shapes/placemark_circle.png</href>
            </Icon>
          </IconStyle>
        </Style>
        <Point>
          <altitudeMode>clampToGround</altitudeMode>
          <coordinates>114.1476281918585300445556640625,22.2775883786380290985107421875, 764.5999755859375</coordinates>
        </Point>
      </Placemark>
      <Placemark>
        <TimeSpan>
          <begin>2026-02-15T09:53:51+08:00</begin>
          <end>2026-02-15T09:53:53+08:00</end>
        </TimeSpan>
        <Style>
          <IconStyle>
            <color>FF00FFFF</color>
            <scale>0.9</scale>
            <Icon>
              <href>http://maps.google.com/mapfiles/kml/shapes/placemark_circle.png</href>
            </Icon>
          </IconStyle>
        </Style>
        <Point>
          <altitudeMode>clampToGround</altitudeMode>
          <coordinates>114.14760966785252094268798828125,22.2776071541011333465576171875, 764.5999755859375</coordinates>
        </Point>
      </Placemark>
      <Placemark>
        <TimeSpan>
          <begin>2026-02-15T09:53:53+08:00</begin>
          <end>2026-02-15T09:53:58+08:00</end>
        </TimeSpan>
        <Style>
          <IconStyle>
            <color>FF00FFFF</color>
            <scale>0.9</scale>
            <Icon>
              <href>http://maps.google.com/mapfiles/kml/shapes/placemark_circle.png</href>
            </Icon>
          </IconStyle>
        </Style>
        <Point>
          <altitudeMode>clampToGround</altitudeMode>
          <coordinates>114.147535152733325958251953125,22.27765400893986225128173828125, 764.4000244140625</coordinates>
        </Point>
      </Placemark>
      <Placemark>
        <TimeSpan>
          <begin>2026-02-15T09:53:58+08:00</begin>
          <end>2026-02-15T09:53:59+08:00</end>
        </TimeSpan>
        <Style>
          <IconStyle>
            <color>FF00FFFF</color>
            <scale>0.9</scale>
            <Icon>
              <href>http://maps.google.com/mapfiles/kml/shapes/placemark_circle.png</href>
            </Icon>
          </IconStyle>
        </Style>
        <Point>
          <altitudeMode>clampToGround</altitudeMode>
          <coordinates>114.14752869866788387298583984375,22.27767244912683963775634765625, 764.4000244140625</coordinates>
        </Point>
      </Placemark>
      <Placemark>
        <TimeSpan>
          <begin>2026-02-15T09:53:59+08:00</begin>
          <end>2026-02-15T09:54:03+08:00</end>
        </TimeSpan>
        <Style>
          <IconStyle>
            <color>FF00FFFF</color>
            <scale>0.9</scale>
            <Icon>
              <href>http://maps.google.com/mapfiles/kml/shapes/placemark_circle.png</href>
            </Icon>
          </IconStyle>
        </Style>
        <Point>
          <altitudeMode>clampToGround</altitudeMode>
          <coordinates>114.147489555180072784423828125,22.27771922014653682708740234375, 764.4000244140625</coordinates>
        </Point>
      </Placemark>
      <Placemark>
        <TimeSpan>
          <begin>2026-02-15T09:54:03+08:00</begin>
          <end>2026-02-15T09:54:06+08:00</end>
        </TimeSpan>
        <Style>
          <IconStyle>
            <color>FF00FFFF</color>
            <scale>0.9</scale>
            <Icon>
              <href>http://maps.google.com/mapfiles/kml/shapes/placemark_circle.png</href>
            </Icon>
          </IconStyle>
        </Style>
        <Point>
          <altitudeMode>clampToGround</altitudeMode>
          <coordinates>114.14745862595736980438232421875,22.27775308303534984588623046875, 764.5999755859375</coordinates>
        </Point>
      </Placemark>
      <Placemark>
        <TimeSpan>
          <begin>2026-02-15T09:54:06+08:00</begin>
          <end>2026-02-15T09:54:07+08:00</end>
        </TimeSpan>
        <Style>
          <IconStyle>
            <color>FF00FFFF</color>
            <scale>0.9</scale>
            <Icon>
              <href>http://maps.google.com/mapfiles/kml/shapes/placemark_circle.png</href>
            </Icon>
          </IconStyle>
        </Style>
        <Point>
          <altitudeMode>clampToGround</altitudeMode>
          <coordinates>114.1474449634552001953125,22.27775928564369678497314453125, 764.5999755859375</coordinates>
        </Point>
      </Placemark>
      <Placemark>
        <TimeSpan>
          <begin>2026-02-15T09:54:07+08:00</begin>
          <end>2026-02-15T09:54:11+08:00</end>
        </TimeSpan>
        <Style>
          <IconStyle>
            <color>FF00FFFF</color>
            <scale>0.9</scale>
            <Icon>
              <href>http://maps.google.com/mapfiles/kml/shapes/placemark_circle.png</href>
            </Icon>
          </IconStyle>
        </Style>
        <Point>
          <altitudeMode>clampToGround</altitudeMode>
          <coordinates>114.1473928280174732208251953125,22.27776632644236087799072265625, 764.20001220703125</coordinates>
        </Point>
      </Placemark>
      <Placemark>
        <TimeSpan>
          <begin>2026-02-15T09:54:11+08:00</begin>
          <end>2026-02-15T09:54:12+08:00</end>
        </TimeSpan>
        <Style>
          <IconStyle>
            <color>FF00FFFF</color>
            <scale>0.9</scale>
            <Icon>
              <href>http://maps.google.com/mapfiles/kml/shapes/placemark_circle.png</href>
            </Icon>
          </IconStyle>
        </Style>
        <Point>
          <altitudeMode>clampToGround</altitudeMode>
          <coordinates>114.14738930761814117431640625,22.27776934392750263214111328125, 764.20001220703125</coordinates>
        </Point>
      </Placemark>
      <Placemark>
        <TimeSpan>
          <begin>2026-02-15T09:54:12+08:00</begin>
          <end>2026-02-15T09:54:15+08:00</end>
        </TimeSpan>
        <Style>
          <IconStyle>
            <color>FF00FFFF</color>
            <scale>0.9</scale>
            <Icon>
              <href>http://maps.google.com/mapfiles/kml/shapes/placemark_circle.png</href>
            </Icon>
          </IconStyle>
        </Style>
        <Point>
          <altitudeMode>clampToGround</altitudeMode>
          <coordinates>114.14738587103784084320068359375,22.27776532061398029327392578125, 764</coordinates>
        </Point>
      </Placemark>
      <Placemark>
        <TimeSpan>
          <begin>2026-02-15T09:54:15+08:00</begin>
          <end>2026-02-15T09:54:20+08:00</end>
        </TimeSpan>
        <Style>
          <IconStyle>
            <color>FF00FFFF</color>
            <scale>0.9</scale>
            <Icon>
              <href>http://maps.google.com/mapfiles/kml/shapes/placemark_circle.png</href>
            </Icon>
          </IconStyle>
        </Style>
        <Point>
          <altitudeMode>clampToGround</altitudeMode>
          <coordinates>114.14731428958475589752197265625,22.27779231034219264984130859375, 764</coordinates>
        </Point>
      </Placemark>
      <Placemark>
        <TimeSpan>
          <begin>2026-02-15T09:54:20+08:00</begin>
          <end>2026-02-15T09:54:21+08:00</end>
        </TimeSpan>
        <Style>
          <IconStyle>
            <color>FF00FFFF</color>
            <scale>0.9</scale>
            <Icon>
              <href>http://maps.google.com/mapfiles/kml/shapes/placemark_circle.png</href>
            </Icon>
          </IconStyle>
        </Style>
        <Point>
          <altitudeMode>clampToGround</altitudeMode>
          <coordinates>114.14730875752866268157958984375,22.27779331617057323455810546875, 764</coordinates>
        </Point>
      </Placemark>
      <Placemark>
        <TimeSpan>
          <begin>2026-02-15T09:54:21+08:00</begin>
          <end>2026-02-15T09:54:26+08:00</end>
        </TimeSpan>
        <Style>
          <IconStyle>
            <color>FF00FFFF</color>
            <scale>0.9</scale>
            <Icon>
              <href>http://maps.google.com/mapfiles/kml/shapes/placemark_circle.png</href>
            </Icon>
          </IconStyle>
        </Style>
        <Point>
          <altitudeMode>clampToGround</altitudeMode>
          <coordinates>114.14725544862449169158935546875,22.27778744883835315704345703125, 763.79998779296875</coordinates>
        </Point>
      </Placemark>
      <Placemark>
        <TimeSpan>
          <begin>2026-02-15T09:54:26+08:00</begin>
          <end>2026-02-15T09:54:28+08:00</end>
        </TimeSpan>
        <Style>
          <IconStyle>
            <color>FF00FFFF</color>
            <scale>0.9</scale>
            <Icon>
              <href>http://maps.google.com/mapfiles/kml/shapes/placemark_circle.png</href>
            </Icon>
          </IconStyle>
        </Style>
        <Point>
          <altitudeMode>clampToGround</altitudeMode>
          <coordinates>114.147235415875911712646484375,22.27779264561831951141357421875, 763.4000244140625</coordinates>
        </Point>
      </Placemark>
      <Placemark>
        <TimeSpan>
          <begin>2026-02-15T09:54:28+08:00</begin>
          <end>2026-02-15T09:54:30+08:00</end>
        </TimeSpan>
        <Style>
          <IconStyle>
            <color>FF00FFFF</color>
            <scale>0.9</scale>
            <Icon>
              <href>http://maps.google.com/mapfiles/kml/shapes/placemark_circle.png</href>
            </Icon>
          </IconStyle>
        </Style>
        <Point>
          <altitudeMode>clampToGround</altitudeMode>
          <coordinates>114.14721823297441005706787109375,22.27779633365571498870849609375, 763.4000244140625</coordinates>
        </Point>
      </Placemark>
      <Placemark>
        <TimeSpan>
          <begin>2026-02-15T09:54:30+08:00</begin>
          <end>2026-02-15T09:54:34+08:00</end>
        </TimeSpan>
        <Style>
          <IconStyle>
            <color>FF00FFFF</color>
            <scale>0.9</scale>
            <Icon>
              <href>http://maps.google.com/mapfiles/kml/shapes/placemark_circle.png</href>
            </Icon>
          </IconStyle>
        </Style>
        <Point>
          <altitudeMode>clampToGround</altitudeMode>
          <coordinates>114.147171713411808013916015625,22.27779180742800235748291015625, 763.4000244140625</coordinates>
        </Point>
      </Placemark>
      <Placemark>
        <TimeSpan>
          <begin>2026-02-15T09:54:34+08:00</begin>
          <end>2026-02-15T09:54:40+08:00</end>
        </TimeSpan>
        <Style>
          <IconStyle>
            <color>FF00FFFF</color>
            <scale>0.9</scale>
            <Icon>
              <href>http://maps.google.com/mapfiles/kml/shapes/placemark_circle.png</href>
            </Icon>
          </IconStyle>
        </Style>
        <Point>
          <altitudeMode>clampToGround</altitudeMode>
          <coordinates>114.1471008025109767913818359375,22.27781058289110660552978515625, 762.79998779296875</coordinates>
        </Point>
      </Placemark>
      <Placemark>
        <TimeSpan>
          <begin>2026-02-15T09:54:40+08:00</begin>
          <end>2026-02-15T09:54:42+08:00</end>
        </TimeSpan>
        <Style>
          <IconStyle>
            <color>FF00FFFF</color>
            <scale>0.9</scale>
            <Icon>
              <href>http://maps.google.com/mapfiles/kml/shapes/placemark_circle.png</href>
            </Icon>
          </IconStyle>
        </Style>
        <Point>
          <altitudeMode>clampToGround</altitudeMode>
          <coordinates>114.14706618525087833404541015625,22.277815528213977813720703125, 762.5999755859375</coordinates>
        </Point>
      </Placemark>
      <Placemark>
        <TimeSpan>
          <begin>2026-02-15T09:54:42+08:00</begin>
          <end>2026-02-15T09:54:43+08:00</end>
        </TimeSpan>
        <Style>
          <IconStyle>
            <color>FF00FFFF</color>
            <scale>0.9</scale>
            <Icon>
              <href>http://maps.google.com/mapfiles/kml/shapes/placemark_circle.png</href>
            </Icon>
          </IconStyle>
        </Style>
        <Point>
          <altitudeMode>clampToGround</altitudeMode>
          <coordinates>114.14705210365355014801025390625,22.2778187133371829986572265625, 762.5999755859375</coordinates>
        </Point>
      </Placemark>
      <Placemark>
        <TimeSpan>
          <begin>2026-02-15T09:54:43+08:00</begin>
          <end>2026-02-15T09:54:44+08:00</end>
        </TimeSpan>
        <Style>
          <IconStyle>
            <color>FF00FFFF</color>
            <scale>0.9</scale>
            <Icon>
              <href>http://maps.google.com/mapfiles/kml/shapes/placemark_circle.png</href>
            </Icon>
          </IconStyle>
        </Style>
        <Point>
          <altitudeMode>clampToGround</altitudeMode>
          <coordinates>114.1470412909984588623046875,22.2778232395648956298828125, 762.4000244140625</coordinates>
        </Point>
      </Placemark>
      <Placemark>
        <TimeSpan>
          <begin>2026-02-15T09:54:44+08:00</begin>
          <end>2026-02-15T09:54:47+08:00</end>
        </TimeSpan>
        <Style>
          <IconStyle>
            <color>FF00FFFF</color>
            <scale>0.9</scale>
            <Icon>
              <href>http://maps.google.com/mapfiles/kml/shapes/placemark_circle.png</href>
            </Icon>
          </IconStyle>
        </Style>
        <Point>
          <altitudeMode>clampToGround</altitudeMode>
          <coordinates>114.14701153524219989776611328125,22.27783874608576297760009765625, 762.4000244140625</coordinates>
        </Point>
      </Placemark>
      <Placemark>
        <TimeSpan>
          <begin>2026-02-15T09:54:47+08:00</begin>
          <end>2026-02-15T09:54:48+08:00</end>
        </TimeSpan>
        <Style>
          <IconStyle>
            <color>FF00FFFF</color>
            <scale>0.9</scale>
            <Icon>
              <href>http://maps.google.com/mapfiles/kml/shapes/placemark_circle.png</href>
            </Icon>
          </IconStyle>
        </Style>
        <Point>
          <altitudeMode>clampToGround</altitudeMode>
          <coordinates>114.1469948552548885345458984375,22.27783991955220699310302734375, 762.20001220703125</coordinates>
        </Point>
      </Placemark>
      <Placemark>
        <TimeSpan>
          <begin>2026-02-15T09:54:48+08:00</begin>
          <end>2026-02-15T09:54:50+08:00</end>
        </TimeSpan>
        <Style>
          <IconStyle>
            <color>FF00FFFF</color>
            <scale>0.9</scale>
            <Icon>
              <href>http://maps.google.com/mapfiles/kml/shapes/placemark_circle.png</href>
            </Icon>
          </IconStyle>
        </Style>
        <Point>
          <altitudeMode>clampToGround</altitudeMode>
          <coordinates>114.14695613086223602294921875,22.277849726378917694091796875, 762.20001220703125</coordinates>
        </Point>
      </Placemark>
      <Placemark>
        <TimeSpan>
          <begin>2026-02-15T09:54:50+08:00</begin>
          <end>2026-02-15T09:54:53+08:00</end>
        </TimeSpan>
        <Style>
          <IconStyle>
            <color>FF00FFFF</color>
            <scale>0.9</scale>
            <Icon>
              <href>http://maps.google.com/mapfiles/kml/shapes/placemark_circle.png</href>
            </Icon>
          </IconStyle>
        </Style>
        <Point>
          <altitudeMode>clampToGround</altitudeMode>
          <coordinates>114.14691631682217121124267578125,22.27788115851581096649169921875, 762</coordinates>
        </Point>
      </Placemark>
      <Placemark>
        <TimeSpan>
          <begin>2026-02-15T09:54:53+08:00</begin>
          <end>2026-02-15T09:54:56+08:00</end>
        </TimeSpan>
        <Style>
          <IconStyle>
            <color>FF00FFFF</color>
            <scale>0.9</scale>
            <Icon>
              <href>http://maps.google.com/mapfiles/kml/shapes/placemark_circle.png</href>
            </Icon>
          </IconStyle>
        </Style>
        <Point>
          <altitudeMode>clampToGround</altitudeMode>
          <coordinates>114.14688563905656337738037109375,22.27792491205036640167236328125, 761.79998779296875</coordinates>
        </Point>
      </Placemark>
      <Placemark>
        <TimeSpan>
          <begin>2026-02-15T09:54:56+08:00</begin>
          <end>2026-02-15T09:54:58+08:00</end>
        </TimeSpan>
        <Style>
          <IconStyle>
            <color>FF00FFFF</color>
            <scale>0.9</scale>
            <Icon>
              <href>http://maps.google.com/mapfiles/kml/shapes/placemark_circle.png</href>
            </Icon>
          </IconStyle>
        </Style>
        <Point>
          <altitudeMode>clampToGround</altitudeMode>
          <coordinates>114.14686786942183971405029296875,22.277955003082752227783203125, 761.79998779296875</coordinates>
        </Point>
      </Placemark>
      <Placemark>
        <TimeSpan>
          <begin>2026-02-15T09:54:58+08:00</begin>
          <end>2026-02-15T09:55:00+08:00</end>
        </TimeSpan>
        <Style>
          <IconStyle>
            <color>FF00FFFF</color>
            <scale>0.9</scale>
            <Icon>
              <href>http://maps.google.com/mapfiles/kml/shapes/placemark_circle.png</href>
            </Icon>
          </IconStyle>
        </Style>
        <Point>
          <altitudeMode>clampToGround</altitudeMode>
          <coordinates>114.1468634270131587982177734375,22.2779783047735691070556640625, 761.5999755859375</coordinates>
        </Point>
      </Placemark>
      <Placemark>
        <TimeSpan>
          <begin>2026-02-15T09:55:00+08:00</begin>
          <end>2026-02-15T09:55:02+08:00</end>
        </TimeSpan>
        <Style>
          <IconStyle>
            <color>FF00FFFF</color>
            <scale>0.9</scale>
            <Icon>
              <href>http://maps.google.com/mapfiles/kml/shapes/placemark_circle.png</href>
            </Icon>
          </IconStyle>
        </Style>
        <Point>
          <altitudeMode>clampToGround</altitudeMode>
          <coordinates>114.14685823023319244384765625,22.27801459841430187225341796875, 761.20001220703125</coordinates>
        </Point>
      </Placemark>
      <Placemark>
        <TimeSpan>
          <begin>2026-02-15T09:55:02+08:00</begin>
          <end>2026-02-15T09:55:04+08:00</end>
        </TimeSpan>
        <Style>
          <IconStyle>
            <color>FF00FFFF</color>
            <scale>0.9</scale>
            <Icon>
              <href>http://maps.google.com/mapfiles/kml/shapes/placemark_circle.png</href>
            </Icon>
          </IconStyle>
        </Style>
        <Point>
          <altitudeMode>clampToGround</altitudeMode>
          <coordinates>114.14685864932835102081298828125,22.27804074995219707489013671875, 760.79998779296875</coordinates>
        </Point>
      </Placemark>
      <Placemark>
        <TimeSpan>
          <begin>2026-02-15T09:55:04+08:00</begin>
          <end>2026-02-15T09:55:07+08:00</end>
        </TimeSpan>
        <Style>
          <IconStyle>
            <color>FF00FFFF</color>
            <scale>0.9</scale>
            <Icon>
              <href>http://maps.google.com/mapfiles/kml/shapes/placemark_circle.png</href>
            </Icon>
          </IconStyle>
        </Style>
        <Point>
          <altitudeMode>clampToGround</altitudeMode>
          <coordinates>114.1468594036996364593505859375,22.27807528339326381683349609375, 760.5999755859375</coordinates>
        </Point>
      </Placemark>
      <Placemark>
        <TimeSpan>
          <begin>2026-02-15T09:55:07+08:00</begin>
          <end>2026-02-15T09:55:09+08:00</end>
        </TimeSpan>
        <Style>
          <IconStyle>
            <color>FF00FFFF</color>
            <scale>0.9</scale>
            <Icon>
              <href>http://maps.google.com/mapfiles/kml/shapes/placemark_circle.png</href>
            </Icon>
          </IconStyle>
        </Style>
        <Point>
          <altitudeMode>clampToGround</altitudeMode>
          <coordinates>114.14686049334704875946044921875,22.2780906222760677337646484375, 760.4000244140625</coordinates>
        </Point>
      </Placemark>
      <Placemark>
        <TimeSpan>
          <begin>2026-02-15T09:55:09+08:00</begin>
          <end>2026-02-15T09:55:10+08:00</end>
        </TimeSpan>
        <Style>
          <IconStyle>
            <color>FF00FFFF</color>
            <scale>0.9</scale>
            <Icon>
              <href>http://maps.google.com/mapfiles/kml/shapes/placemark_circle.png</href>
            </Icon>
          </IconStyle>
        </Style>
        <Point>
          <altitudeMode>clampToGround</altitudeMode>
          <coordinates>114.1468600742518901824951171875,22.27809908799827098846435546875, 760.4000244140625</coordinates>
        </Point>
      </Placemark>
      <Placemark>
        <TimeSpan>
          <begin>2026-02-15T09:55:10+08:00</begin>
          <end>2026-02-15T09:55:12+08:00</end>
        </TimeSpan>
        <Style>
          <IconStyle>
            <color>FF00FFFF</color>
            <scale>0.9</scale>
            <Icon>
              <href>http://maps.google.com/mapfiles/kml/shapes/placemark_circle.png</href>
            </Icon>
          </IconStyle>
        </Style>
        <Point>
          <altitudeMode>clampToGround</altitudeMode>
          <coordinates>114.146848507225513458251953125,22.27810881100594997406005859375, 760.4000244140625</coordinates>
        </Point>
      </Placemark>
      <Placemark>
        <TimeSpan>
          <begin>2026-02-15T09:55:12+08:00</begin>
          <end>2026-02-15T09:55:15+08:00</end>
        </TimeSpan>
        <Style>
          <IconStyle>
            <color>FF00FFFF</color>
            <scale>0.9</scale>
            <Icon>
              <href>http://maps.google.com/mapfiles/kml/shapes/placemark_circle.png</href>
            </Icon>
          </IconStyle>
        </Style>
        <Point>
          <altitudeMode>clampToGround</altitudeMode>
          <coordinates>114.14682512171566486358642578125,22.2781375609338283538818359375, 760.20001220703125</coordinates>
        </Point>
      </Placemark>
      <Placemark>
        <TimeSpan>
          <begin>2026-02-15T09:55:15+08:00</begin>
          <end>2026-02-15T09:55:17+08:00</end>
        </TimeSpan>
        <Style>
          <IconStyle>
            <color>FF00FFFF</color>
            <scale>0.9</scale>
            <Icon>
              <href>http://maps.google.com/mapfiles/kml/shapes/placemark_circle.png</href>
            </Icon>
          </IconStyle>
        </Style>
        <Point>
          <altitudeMode>clampToGround</altitudeMode>
          <coordinates>114.14682528935372829437255859375,22.27816061116755008697509765625, 760.20001220703125</coordinates>
        </Point>
      </Placemark>
      <Placemark>
        <TimeSpan>
          <begin>2026-02-15T09:55:17+08:00</begin>
          <end>2026-02-15T09:55:19+08:00</end>
        </TimeSpan>
        <Style>
          <IconStyle>
            <color>FF00FFFF</color>
            <scale>0.9</scale>
            <Icon>
              <href>http://maps.google.com/mapfiles/kml/shapes/placemark_circle.png</href>
            </Icon>
          </IconStyle>
        </Style>
        <Point>
          <altitudeMode>clampToGround</altitudeMode>
          <coordinates>114.14682780392467975616455078125,22.27815943770110607147216796875, 760</coordinates>
        </Point>
      </Placemark>
      <Placemark>
        <TimeSpan>
          <begin>2026-02-15T09:55:19+08:00</begin>
          <end>2026-02-15T09:55:22+08:00</end>
        </TimeSpan>
        <Style>
          <IconStyle>
            <color>FF00FFFF</color>
            <scale>0.9</scale>
            <Icon>
              <href>http://maps.google.com/mapfiles/kml/shapes/placemark_circle.png</href>
            </Icon>
          </IconStyle>
        </Style>
        <Point>
          <altitudeMode>clampToGround</altitudeMode>
          <coordinates>114.1468288935720920562744140625,22.2781546600162982940673828125, 759.79998779296875</coordinates>
        </Point>
      </Placemark>
      <Placemark>
        <TimeSpan>
          <begin>2026-02-15T09:55:22+08:00</begin>
          <end>2026-02-15T09:55:28+08:00</end>
        </TimeSpan>
        <Style>
          <IconStyle>
            <color>FF00FFFF</color>
            <scale>0.9</scale>
            <Icon>
              <href>http://maps.google.com/mapfiles/kml/shapes/placemark_circle.png</href>
            </Icon>
          </IconStyle>
        </Style>
        <Point>
          <altitudeMode>clampToGround</altitudeMode>
          <coordinates>114.1468148119747638702392578125,22.2781539894640445709228515625, 759.4000244140625</coordinates>
        </Point>
      </Placemark>
      <Placemark>
        <TimeSpan>
          <begin>2026-02-15T09:55:28+08:00</begin>
          <end>2026-02-15T09:55:34+08:00</end>
        </TimeSpan>
        <Style>
          <IconStyle>
            <color>FF00FFFF</color>
            <scale>0.9</scale>
            <Icon>
              <href>http://maps.google.com/mapfiles/kml/shapes/placemark_circle.png</href>
            </Icon>
          </IconStyle>
        </Style>
        <Point>
          <altitudeMode>clampToGround</altitudeMode>
          <coordinates>114.14676561020314693450927734375,22.278191037476062774658203125, 759.79998779296875</coordinates>
        </Point>
      </Placemark>
      <Placemark>
        <TimeSpan>
          <begin>2026-02-15T09:55:34+08:00</begin>
          <end>2026-02-15T09:55:38+08:00</end>
        </TimeSpan>
        <Style>
          <IconStyle>
            <color>FF00FFFF</color>
            <scale>0.9</scale>
            <Icon>
              <href>http://maps.google.com/mapfiles/kml/shapes/placemark_circle.png</href>
            </Icon>
          </IconStyle>
        </Style>
        <Point>
          <altitudeMode>clampToGround</altitudeMode>
          <coordinates>114.14671783335506916046142578125,22.2782220505177974700927734375, 759.4000244140625</coordinates>
        </Point>
      </Placemark>
      <Placemark>
        <TimeSpan>
          <begin>2026-02-15T09:55:38+08:00</begin>
          <end>2026-02-15T09:55:41+08:00</end>
        </TimeSpan>
        <Style>
          <IconStyle>
            <color>FF00FFFF</color>
            <scale>0.9</scale>
            <Icon>
              <href>http://maps.google.com/mapfiles/kml/shapes/placemark_circle.png</href>
            </Icon>
          </IconStyle>
        </Style>
        <Point>
          <altitudeMode>clampToGround</altitudeMode>
          <coordinates>114.1466853953897953033447265625,22.2782388143241405487060546875, 759.20001220703125</coordinates>
        </Point>
      </Placemark>
      <Placemark>
        <TimeSpan>
          <begin>2026-02-15T09:55:41+08:00</begin>
          <end>2026-02-15T09:55:46+08:00</end>
        </TimeSpan>
        <Style>
          <IconStyle>
            <color>FF00FFFF</color>
            <scale>0.9</scale>
            <Icon>
              <href>http://maps.google.com/mapfiles/kml/shapes/placemark_circle.png</href>
            </Icon>
          </IconStyle>
        </Style>
        <Point>
          <altitudeMode>clampToGround</altitudeMode>
          <coordinates>114.1466397978365421295166015625,22.2782793827354907989501953125, 759</coordinates>
        </Point>
      </Placemark>
      <Placemark>
        <TimeSpan>
          <begin>2026-02-15T09:55:46+08:00</begin>
          <end>2026-02-15T09:55:47+08:00</end>
        </TimeSpan>
        <Style>
          <IconStyle>
            <color>FF00FFFF</color>
            <scale>0.9</scale>
            <Icon>
              <href>http://maps.google.com/mapfiles/kml/shapes/placemark_circle.png</href>
            </Icon>
          </IconStyle>
        </Style>
        <Point>
          <altitudeMode>clampToGround</altitudeMode>
          <coordinates>114.14662864990532398223876953125,22.278291285037994384765625, 758.79998779296875</coordinates>
        </Point>
      </Placemark>
      <Placemark>
        <TimeSpan>
          <begin>2026-02-15T09:55:47+08:00</begin>
          <end>2026-02-15T09:55:48+08:00</end>
        </TimeSpan>
        <Style>
          <IconStyle>
            <color>FF00FFFF</color>
            <scale>0.9</scale>
            <Icon>
              <href>http://maps.google.com/mapfiles/kml/shapes/placemark_circle.png</href>
            </Icon>
          </IconStyle>
        </Style>
        <Point>
          <altitudeMode>clampToGround</altitudeMode>
          <coordinates>114.14662077091634273529052734375,22.27830058895051479339599609375, 758.79998779296875</coordinates>
        </Point>
      </Placemark>
      <Placemark>
        <TimeSpan>
          <begin>2026-02-15T09:55:48+08:00</begin>
          <end>2026-02-15T09:55:49+08:00</end>
        </TimeSpan>
        <Style>
          <IconStyle>
            <color>FF00FFFF</color>
            <scale>0.9</scale>
            <Icon>
              <href>http://maps.google.com/mapfiles/kml/shapes/placemark_circle.png</href>
            </Icon>
          </IconStyle>
        </Style>
        <Point>
          <altitudeMode>clampToGround</altitudeMode>
          <coordinates>114.1466166637837886810302734375,22.278305701911449432373046875, 758.79998779296875</coordinates>
        </Point>
      </Placemark>
      <Placemark>
        <TimeSpan>
          <begin>2026-02-15T09:55:49+08:00</begin>
          <end>2026-02-15T09:55:53+08:00</end>
        </TimeSpan>
        <Style>
          <IconStyle>
            <color>FF00FFFF</color>
            <scale>0.9</scale>
            <Icon>
              <href>http://maps.google.com/mapfiles/kml/shapes/placemark_circle.png</href>
            </Icon>
          </IconStyle>
        </Style>
        <Point>
          <altitudeMode>clampToGround</altitudeMode>
          <coordinates>114.146580286324024200439453125,22.27833260782063007354736328125, 758.5999755859375</coordinates>
        </Point>
      </Placemark>
      <Placemark>
        <TimeSpan>
          <begin>2026-02-15T09:55:53+08:00</begin>
          <end>2026-02-15T09:55:56+08:00</end>
        </TimeSpan>
        <Style>
          <IconStyle>
            <color>FF00FFFF</color>
            <scale>0.9</scale>
            <Icon>
              <href>http://maps.google.com/mapfiles/kml/shapes/placemark_circle.png</href>
            </Icon>
          </IconStyle>
        </Style>
        <Point>
          <altitudeMode>clampToGround</altitudeMode>
          <coordinates>114.1465600021183490753173828125,22.27836169302463531494140625, 758.5999755859375</coordinates>
        </Point>
      </Placemark>
      <Placemark>
        <TimeSpan>
          <begin>2026-02-15T09:55:56+08:00</begin>
          <end>2026-02-15T09:55:57+08:00</end>
        </TimeSpan>
        <Style>
          <IconStyle>
            <color>FF00FFFF</color>
            <scale>0.9</scale>
            <Icon>
              <href>http://maps.google.com/mapfiles/kml/shapes/placemark_circle.png</href>
            </Icon>
          </IconStyle>
        </Style>
        <Point>
          <altitudeMode>clampToGround</altitudeMode>
          <coordinates>114.1465479321777820587158203125,22.27836613543331623077392578125, 758.4000244140625</coordinates>
        </Point>
      </Placemark>
      <Placemark>
        <TimeSpan>
          <begin>2026-02-15T09:55:57+08:00</begin>
          <end>2026-02-15T09:55:58+08:00</end>
        </TimeSpan>
        <Style>
          <IconStyle>
            <color>FF00FFFF</color>
            <scale>0.9</scale>
            <Icon>
              <href>http://maps.google.com/mapfiles/kml/shapes/placemark_circle.png</href>
            </Icon>
          </IconStyle>
        </Style>
        <Point>
          <altitudeMode>clampToGround</altitudeMode>
          <coordinates>114.14653963409364223480224609375,22.27837418206036090850830078125, 758.20001220703125</coordinates>
        </Point>
      </Placemark>
      <Placemark>
        <TimeSpan>
          <begin>2026-02-15T09:55:58+08:00</begin>
          <end>2026-02-15T09:55:59+08:00</end>
        </TimeSpan>
        <Style>
          <IconStyle>
            <color>FF00FFFF</color>
            <scale>0.9</scale>
            <Icon>
              <href>http://maps.google.com/mapfiles/kml/shapes/placemark_circle.png</href>
            </Icon>
          </IconStyle>
        </Style>
        <Point>
          <altitudeMode>clampToGround</altitudeMode>
          <coordinates>114.1465294919908046722412109375,22.27838356979191303253173828125, 758.20001220703125</coordinates>
        </Point>
      </Placemark>
      <Placemark>
        <TimeSpan>
          <begin>2026-02-15T09:55:59+08:00</begin>
          <end>2026-02-15T09:56:05+08:00</end>
        </TimeSpan>
        <Style>
          <IconStyle>
            <color>FF00FFFF</color>
            <scale>0.9</scale>
            <Icon>
              <href>http://maps.google.com/mapfiles/kml/shapes/placemark_circle.png</href>
            </Icon>
          </IconStyle>
        </Style>
        <Point>
          <altitudeMode>clampToGround</altitudeMode>
          <coordinates>114.14647509343922138214111328125,22.27841290645301342010498046875, 757.4000244140625</coordinates>
        </Point>
      </Placemark>
      <Placemark>
        <TimeSpan>
          <begin>2026-02-15T09:56:05+08:00</begin>
          <end>2026-02-15T09:56:08+08:00</end>
        </TimeSpan>
        <Style>
          <IconStyle>
            <color>FF00FFFF</color>
            <scale>0.9</scale>
            <Icon>
              <href>http://maps.google.com/mapfiles/kml/shapes/placemark_circle.png</href>
            </Icon>
          </IconStyle>
        </Style>
        <Point>
          <altitudeMode>clampToGround</altitudeMode>
          <coordinates>114.14643418975174427032470703125,22.27843184955418109893798828125, 757.20001220703125</coordinates>
        </Point>
      </Placemark>
      <Placemark>
        <TimeSpan>
          <begin>2026-02-15T09:56:08+08:00</begin>
          <end>2026-02-15T09:56:11+08:00</end>
        </TimeSpan>
        <Style>
          <IconStyle>
            <color>FF00FFFF</color>
            <scale>0.9</scale>
            <Icon>
              <href>http://maps.google.com/mapfiles/kml/shapes/placemark_circle.png</href>
            </Icon>
          </IconStyle>
        </Style>
        <Point>
          <altitudeMode>clampToGround</altitudeMode>
          <coordinates>114.1464017517864704132080078125,22.27844417095184326171875, 757</coordinates>
        </Point>
      </Placemark>
      <Placemark>
        <TimeSpan>
          <begin>2026-02-15T09:56:11+08:00</begin>
          <end>2026-02-15T09:56:13+08:00</end>
        </TimeSpan>
        <Style>
          <IconStyle>
            <color>FF00FFFF</color>
            <scale>0.9</scale>
            <Icon>
              <href>http://maps.google.com/mapfiles/kml/shapes/placemark_circle.png</href>
            </Icon>
          </IconStyle>
        </Style>
        <Point>
          <altitudeMode>clampToGround</altitudeMode>
          <coordinates>114.146385490894317626953125,22.27845950983464717864990234375, 756.5999755859375</coordinates>
        </Point>
      </Placemark>
      <Placemark>
        <TimeSpan>
          <begin>2026-02-15T09:56:13+08:00</begin>
          <end>2026-02-15T09:56:16+08:00</end>
        </TimeSpan>
        <Style>
          <IconStyle>
            <color>FF00FFFF</color>
            <scale>0.9</scale>
            <Icon>
              <href>http://maps.google.com/mapfiles/kml/shapes/placemark_circle.png</href>
            </Icon>
          </IconStyle>
        </Style>
        <Point>
          <altitudeMode>clampToGround</altitudeMode>
          <coordinates>114.1463662125170230865478515625,22.278465963900089263916015625, 756.4000244140625</coordinates>
        </Point>
      </Placemark>
      <Placemark>
        <TimeSpan>
          <begin>2026-02-15T09:56:16+08:00</begin>
          <end>2026-02-15T09:56:19+08:00</end>
        </TimeSpan>
        <Style>
          <IconStyle>
            <color>FF00FFFF</color>
            <scale>0.9</scale>
            <Icon>
              <href>http://maps.google.com/mapfiles/kml/shapes/placemark_circle.png</href>
            </Icon>
          </IconStyle>
        </Style>
        <Point>
          <altitudeMode>clampToGround</altitudeMode>
          <coordinates>114.14636545814573764801025390625,22.2784771956503391265869140625, 756.4000244140625</coordinates>
        </Point>
      </Placemark>
      <Placemark>
        <TimeSpan>
          <begin>2026-02-15T09:56:19+08:00</begin>
          <end>2026-02-15T09:56:22+08:00</end>
        </TimeSpan>
        <Style>
          <IconStyle>
            <color>FF00FFFF</color>
            <scale>0.9</scale>
            <Icon>
              <href>http://maps.google.com/mapfiles/kml/shapes/placemark_circle.png</href>
            </Icon>
          </IconStyle>
        </Style>
        <Point>
          <altitudeMode>clampToGround</altitudeMode>
          <coordinates>114.14635858498513698577880859375,22.27847493253648281097412109375, 756.5999755859375</coordinates>
        </Point>
      </Placemark>
      <Placemark>
        <TimeSpan>
          <begin>2026-02-15T09:56:22+08:00</begin>
          <end>2026-02-15T09:56:23+08:00</end>
        </TimeSpan>
        <Style>
          <IconStyle>
            <color>FF00FFFF</color>
            <scale>0.9</scale>
            <Icon>
              <href>http://maps.google.com/mapfiles/kml/shapes/placemark_circle.png</href>
            </Icon>
          </IconStyle>
        </Style>
        <Point>
          <altitudeMode>clampToGround</altitudeMode>
          <coordinates>114.14635757915675640106201171875,22.27847568690776824951171875, 756.5999755859375</coordinates>
        </Point>
      </Placemark>
      <Placemark>
        <TimeSpan>
          <begin>2026-02-15T09:56:23+08:00</begin>
          <end>2026-02-15T09:56:25+08:00</end>
        </TimeSpan>
        <Style>
          <IconStyle>
            <color>FF00FFFF</color>
            <scale>0.9</scale>
            <Icon>
              <href>http://maps.google.com/mapfiles/kml/shapes/placemark_circle.png</href>
            </Icon>
          </IconStyle>
        </Style>
        <Point>
          <altitudeMode>clampToGround</altitudeMode>
          <coordinates>114.14634668268263339996337890625,22.27847727946937084197998046875, 756.4000244140625</coordinates>
        </Point>
      </Placemark>
      <Placemark>
        <TimeSpan>
          <begin>2026-02-15T09:56:25+08:00</begin>
          <end>2026-02-15T09:56:32+08:00</end>
        </TimeSpan>
        <Style>
          <IconStyle>
            <color>FF00FFFF</color>
            <scale>0.9</scale>
            <Icon>
              <href>http://maps.google.com/mapfiles/kml/shapes/placemark_circle.png</href>
            </Icon>
          </IconStyle>
        </Style>
        <Point>
          <altitudeMode>clampToGround</altitudeMode>
          <coordinates>114.1463370434939861297607421875,22.2784802131354808807373046875, 756.4000244140625</coordinates>
        </Point>
      </Placemark>
      <Placemark>
        <TimeSpan>
          <begin>2026-02-15T09:56:32+08:00</begin>
          <end>2026-02-15T09:56:39+08:00</end>
        </TimeSpan>
        <Style>
          <IconStyle>
            <color>FF00FFFF</color>
            <scale>0.9</scale>
            <Icon>
              <href>http://maps.google.com/mapfiles/kml/shapes/placemark_circle.png</href>
            </Icon>
          </IconStyle>
        </Style>
        <Point>
          <altitudeMode>clampToGround</altitudeMode>
          <coordinates>114.14633519947528839111328125,22.27848046459257602691650390625, 756.4000244140625</coordinates>
        </Point>
      </Placemark>
      <Placemark>
        <TimeSpan>
          <begin>2026-02-15T09:56:39+08:00</begin>
          <end>2026-02-15T09:56:52+08:00</end>
        </TimeSpan>
        <Style>
          <IconStyle>
            <color>FF00FFFF</color>
            <scale>0.9</scale>
            <Icon>
              <href>http://maps.google.com/mapfiles/kml/shapes/placemark_circle.png</href>
            </Icon>
          </IconStyle>
        </Style>
        <Point>
          <altitudeMode>clampToGround</altitudeMode>
          <coordinates>114.14633394218981266021728515625,22.2784817218780517578125, 756.5999755859375</coordinates>
        </Point>
      </Placemark>
      <Placemark>
        <TimeSpan>
          <begin>2026-02-15T09:56:52+08:00</begin>
          <end>2026-02-15T09:57:00+08:00</end>
        </TimeSpan>
        <Style>
          <IconStyle>
            <color>FF00FFFF</color>
            <scale>0.9</scale>
            <Icon>
              <href>http://maps.google.com/mapfiles/kml/shapes/placemark_circle.png</href>
            </Icon>
          </IconStyle>
        </Style>
        <Point>
          <altitudeMode>clampToGround</altitudeMode>
          <coordinates>114.14633654057979583740234375,22.27848230861127376556396484375, 756.5999755859375</coordinates>
        </Point>
      </Placemark>
      <Placemark>
        <TimeSpan>
          <begin>2026-02-15T09:57:00+08:00</begin>
          <end>2026-02-15T09:57:10+08:00</end>
        </TimeSpan>
        <Style>
          <IconStyle>
            <color>FF00FFFF</color>
            <scale>0.9</scale>
            <Icon>
              <href>http://maps.google.com/mapfiles/kml/shapes/placemark_circle.png</href>
            </Icon>
          </IconStyle>
        </Style>
        <Point>
          <altitudeMode>clampToGround</altitudeMode>
          <coordinates>114.14633452892303466796875,22.27848130278289318084716796875, 756.20001220703125</coordinates>
        </Point>
      </Placemark>
      <Placemark>
        <TimeSpan>
          <begin>2026-02-15T09:57:10+08:00</begin>
          <end>2026-02-15T09:57:11+08:00</end>
        </TimeSpan>
        <Style>
          <IconStyle>
            <color>FF00FFFF</color>
            <scale>0.9</scale>
            <Icon>
              <href>http://maps.google.com/mapfiles/kml/shapes/placemark_circle.png</href>
            </Icon>
          </IconStyle>
        </Style>
        <Point>
          <altitudeMode>clampToGround</altitudeMode>
          <coordinates>114.14633494801819324493408203125,22.27848180569708347320556640625, 756.20001220703125</coordinates>
        </Point>
      </Placemark>
      <Placemark>
        <TimeSpan>
          <begin>2026-02-15T09:57:11+08:00</begin>
          <end>2026-02-15T09:57:13+08:00</end>
        </TimeSpan>
        <Style>
          <IconStyle>
            <color>FF00FFFF</color>
            <scale>0.9</scale>
            <Icon>
              <href>http://maps.google.com/mapfiles/kml/shapes/placemark_circle.png</href>
            </Icon>
          </IconStyle>
        </Style>
        <Point>
          <altitudeMode>clampToGround</altitudeMode>
          <coordinates>114.1463310085237026214599609375,22.27848147042095661163330078125, 756.20001220703125</coordinates>
        </Point>
      </Placemark>
      <Placemark>
        <TimeSpan>
          <begin>2026-02-15T09:57:13+08:00</begin>
          <end>2026-02-15T09:57:14+08:00</end>
        </TimeSpan>
        <Style>
          <IconStyle>
            <color>FF00FFFF</color>
            <scale>0.9</scale>
            <Icon>
              <href>http://maps.google.com/mapfiles/kml/shapes/placemark_circle.png</href>
            </Icon>
          </IconStyle>
        </Style>
        <Point>
          <altitudeMode>clampToGround</altitudeMode>
          <coordinates>114.14632874540984630584716796875,22.278483398258686065673828125, 756.20001220703125</coordinates>
        </Point>
      </Placemark>
      <Placemark>
        <TimeSpan>
          <begin>2026-02-15T09:57:14+08:00</begin>
          <end>2026-02-15T09:57:23+08:00</end>
        </TimeSpan>
        <Style>
          <IconStyle>
            <color>FF00FFFF</color>
            <scale>0.9</scale>
            <Icon>
              <href>http://maps.google.com/mapfiles/kml/shapes/placemark_circle.png</href>
            </Icon>
          </IconStyle>
        </Style>
        <Point>
          <altitudeMode>clampToGround</altitudeMode>
          <coordinates>114.14631566964089870452880859375,22.2784892655909061431884765625, 756.4000244140625</coordinates>
        </Point>
      </Placemark>
      <Placemark>
        <TimeSpan>
          <begin>2026-02-15T09:57:23+08:00</begin>
          <end>2026-02-15T09:57:25+08:00</end>
        </TimeSpan>
        <Style>
          <IconStyle>
            <color>FF00FFFF</color>
            <scale>0.9</scale>
            <Icon>
              <href>http://maps.google.com/mapfiles/kml/shapes/placemark_circle.png</href>
            </Icon>
          </IconStyle>
        </Style>
        <Point>
          <altitudeMode>clampToGround</altitudeMode>
          <coordinates>114.14631508290767669677734375,22.27848867885768413543701171875, 756.5999755859375</coordinates>
        </Point>
      </Placemark>
      <Placemark>
        <TimeSpan>
          <begin>2026-02-15T09:57:25+08:00</begin>
          <end>2026-02-15T09:57:31+08:00</end>
        </TimeSpan>
        <Style>
          <IconStyle>
            <color>FF00FFFF</color>
            <scale>0.9</scale>
            <Icon>
              <href>http://maps.google.com/mapfiles/kml/shapes/placemark_circle.png</href>
            </Icon>
          </IconStyle>
        </Style>
        <Point>
          <altitudeMode>clampToGround</altitudeMode>
          <coordinates>114.1462880931794643402099609375,22.27848197333514690399169921875, 756.79998779296875</coordinates>
        </Point>
      </Placemark>
      <Placemark>
        <TimeSpan>
          <begin>2026-02-15T09:57:31+08:00</begin>
          <end>2026-02-15T09:57:35+08:00</end>
        </TimeSpan>
        <Style>
          <IconStyle>
            <color>FF00FFFF</color>
            <scale>0.9</scale>
            <Icon>
              <href>http://maps.google.com/mapfiles/kml/shapes/placemark_circle.png</href>
            </Icon>
          </IconStyle>
        </Style>
        <Point>
          <altitudeMode>clampToGround</altitudeMode>
          <coordinates>114.14624266326427459716796875,22.27846588008105754852294921875, 756.79998779296875</coordinates>
        </Point>
      </Placemark>
      <Placemark>
        <TimeSpan>
          <begin>2026-02-15T09:57:35+08:00</begin>
          <end>2026-02-15T09:57:36+08:00</end>
        </TimeSpan>
        <Style>
          <IconStyle>
            <color>FF00FFFF</color>
            <scale>0.9</scale>
            <Icon>
              <href>http://maps.google.com/mapfiles/kml/shapes/placemark_circle.png</href>
            </Icon>
          </IconStyle>
        </Style>
        <Point>
          <altitudeMode>clampToGround</altitudeMode>
          <coordinates>114.1462310962378978729248046875,22.27845632471144199371337890625, 756.79998779296875</coordinates>
        </Point>
      </Placemark>
      <Placemark>
        <TimeSpan>
          <begin>2026-02-15T09:57:36+08:00</begin>
          <end>2026-02-15T09:57:38+08:00</end>
        </TimeSpan>
        <Style>
          <IconStyle>
            <color>FF00FFFF</color>
            <scale>0.9</scale>
            <Icon>
              <href>http://maps.google.com/mapfiles/kml/shapes/placemark_circle.png</href>
            </Icon>
          </IconStyle>
        </Style>
        <Point>
          <altitudeMode>clampToGround</altitudeMode>
          <coordinates>114.1462207026779651641845703125,22.27844928391277790069580078125, 756.79998779296875</coordinates>
        </Point>
      </Placemark>
      <Placemark>
        <TimeSpan>
          <begin>2026-02-15T09:57:38+08:00</begin>
          <end>2026-02-15T09:57:40+08:00</end>
        </TimeSpan>
        <Style>
          <IconStyle>
            <color>FF00FFFF</color>
            <scale>0.9</scale>
            <Icon>
              <href>http://maps.google.com/mapfiles/kml/shapes/placemark_circle.png</href>
            </Icon>
          </IconStyle>
        </Style>
        <Point>
          <altitudeMode>clampToGround</altitudeMode>
          <coordinates>114.14620779454708099365234375,22.27843545377254486083984375, 756.20001220703125</coordinates>
        </Point>
      </Placemark>
      <Placemark>
        <TimeSpan>
          <begin>2026-02-15T09:57:40+08:00</begin>
          <end>2026-02-15T09:57:42+08:00</end>
        </TimeSpan>
        <Style>
          <IconStyle>
            <color>FF00FFFF</color>
            <scale>0.9</scale>
            <Icon>
              <href>http://maps.google.com/mapfiles/kml/shapes/placemark_circle.png</href>
            </Icon>
          </IconStyle>
        </Style>
        <Point>
          <altitudeMode>clampToGround</altitudeMode>
          <coordinates>114.1461952216923236846923828125,22.2784292511641979217529296875, 756</coordinates>
        </Point>
      </Placemark>
      <Placemark>
        <TimeSpan>
          <begin>2026-02-15T09:57:42+08:00</begin>
          <end>2026-02-15T09:57:45+08:00</end>
        </TimeSpan>
        <Style>
          <IconStyle>
            <color>FF00FFFF</color>
            <scale>0.9</scale>
            <Icon>
              <href>http://maps.google.com/mapfiles/kml/shapes/placemark_circle.png</href>
            </Icon>
          </IconStyle>
        </Style>
        <Point>
          <altitudeMode>clampToGround</altitudeMode>
          <coordinates>114.14618692360818386077880859375,22.27842480875551700592041015625, 755.5999755859375</coordinates>
        </Point>
      </Placemark>
      <Placemark>
        <TimeSpan>
          <begin>2026-02-15T09:57:45+08:00</begin>
          <end>2026-02-15T09:57:48+08:00</end>
        </TimeSpan>
        <Style>
          <IconStyle>
            <color>FF00FFFF</color>
            <scale>0.9</scale>
            <Icon>
              <href>http://maps.google.com/mapfiles/kml/shapes/placemark_circle.png</href>
            </Icon>
          </IconStyle>
        </Style>
        <Point>
          <altitudeMode>clampToGround</altitudeMode>
          <coordinates>114.146153144538402557373046875,22.2784061171114444732666015625, 755.4000244140625</coordinates>
        </Point>
      </Placemark>
      <Placemark>
        <TimeSpan>
          <begin>2026-02-15T09:57:48+08:00</begin>
          <end>2026-02-15T09:57:50+08:00</end>
        </TimeSpan>
        <Style>
          <IconStyle>
            <color>FF00FFFF</color>
            <scale>0.9</scale>
            <Icon>
              <href>http://maps.google.com/mapfiles/kml/shapes/placemark_circle.png</href>
            </Icon>
          </IconStyle>
        </Style>
        <Point>
          <altitudeMode>clampToGround</altitudeMode>
          <coordinates>114.146137051284313201904296875,22.2784027643501758575439453125, 755.20001220703125</coordinates>
        </Point>
      </Placemark>
      <Placemark>
        <TimeSpan>
          <begin>2026-02-15T09:57:50+08:00</begin>
          <end>2026-02-15T09:57:58+08:00</end>
        </TimeSpan>
        <Style>
          <IconStyle>
            <color>FF00FFFF</color>
            <scale>0.9</scale>
            <Icon>
              <href>http://maps.google.com/mapfiles/kml/shapes/placemark_circle.png</href>
            </Icon>
          </IconStyle>
        </Style>
        <Point>
          <altitudeMode>clampToGround</altitudeMode>
          <coordinates>114.14604828692972660064697265625,22.27836781181395053863525390625, 755</coordinates>
        </Point>
      </Placemark>
      <Placemark>
        <TimeSpan>
          <begin>2026-02-15T09:57:58+08:00</begin>
          <end>2026-02-15T09:58:03+08:00</end>
        </TimeSpan>
        <Style>
          <IconStyle>
            <color>FF00FFFF</color>
            <scale>0.9</scale>
            <Icon>
              <href>http://maps.google.com/mapfiles/kml/shapes/placemark_circle.png</href>
            </Icon>
          </IconStyle>
        </Style>
        <Point>
          <altitudeMode>clampToGround</altitudeMode>
          <coordinates>114.1459964029490947723388671875,22.2783635370433330535888671875, 754.79998779296875</coordinates>
        </Point>
      </Placemark>
      <Placemark>
        <TimeSpan>
          <begin>2026-02-15T09:58:03+08:00</begin>
          <end>2026-02-15T09:58:05+08:00</end>
        </TimeSpan>
        <Style>
          <IconStyle>
            <color>FF00FFFF</color>
            <scale>0.9</scale>
            <Icon>
              <href>http://maps.google.com/mapfiles/kml/shapes/placemark_circle.png</href>
            </Icon>
          </IconStyle>
        </Style>
        <Point>
          <altitudeMode>clampToGround</altitudeMode>
          <coordinates>114.14595239795744419097900390625,22.278371416032314300537109375, 754.79998779296875</coordinates>
        </Point>
      </Placemark>
      <Placemark>
        <TimeSpan>
          <begin>2026-02-15T09:58:05+08:00</begin>
          <end>2026-02-15T09:58:09+08:00</end>
        </TimeSpan>
        <Style>
          <IconStyle>
            <color>FF00FFFF</color>
            <scale>0.9</scale>
            <Icon>
              <href>http://maps.google.com/mapfiles/kml/shapes/placemark_circle.png</href>
            </Icon>
          </IconStyle>
        </Style>
        <Point>
          <altitudeMode>clampToGround</altitudeMode>
          <coordinates>114.1458974964916706085205078125,22.27839111350476741790771484375, 754.79998779296875</coordinates>
        </Point>
      </Placemark>
      <Placemark>
        <TimeSpan>
          <begin>2026-02-15T09:58:09+08:00</begin>
          <end>2026-02-15T09:58:12+08:00</end>
        </TimeSpan>
        <Style>
          <IconStyle>
            <color>FF00FFFF</color>
            <scale>0.9</scale>
            <Icon>
              <href>http://maps.google.com/mapfiles/kml/shapes/placemark_circle.png</href>
            </Icon>
          </IconStyle>
        </Style>
        <Point>
          <altitudeMode>clampToGround</altitudeMode>
          <coordinates>114.145869500935077667236328125,22.278396897017955780029296875, 754.5999755859375</coordinates>
        </Point>
      </Placemark>
      <Placemark>
        <TimeSpan>
          <begin>2026-02-15T09:58:12+08:00</begin>
          <end>2026-02-15T09:58:16+08:00</end>
        </TimeSpan>
        <Style>
          <IconStyle>
            <color>FF00FFFF</color>
            <scale>0.9</scale>
            <Icon>
              <href>http://maps.google.com/mapfiles/kml/shapes/placemark_circle.png</href>
            </Icon>
          </IconStyle>
        </Style>
        <Point>
          <altitudeMode>clampToGround</altitudeMode>
          <coordinates>114.14582197554409503936767578125,22.27839731611311435699462890625, 754.4000244140625</coordinates>
        </Point>
      </Placemark>
      <Placemark>
        <TimeSpan>
          <begin>2026-02-15T09:58:16+08:00</begin>
          <end>2026-02-15T09:58:18+08:00</end>
        </TimeSpan>
        <Style>
          <IconStyle>
            <color>FF00FFFF</color>
            <scale>0.9</scale>
            <Icon>
              <href>http://maps.google.com/mapfiles/kml/shapes/placemark_circle.png</href>
            </Icon>
          </IconStyle>
        </Style>
        <Point>
          <altitudeMode>clampToGround</altitudeMode>
          <coordinates>114.14580278098583221435546875,22.27839262224733829498291015625, 754.4000244140625</coordinates>
        </Point>
      </Placemark>
      <Placemark>
        <TimeSpan>
          <begin>2026-02-15T09:58:18+08:00</begin>
          <end>2026-02-15T09:58:21+08:00</end>
        </TimeSpan>
        <Style>
          <IconStyle>
            <color>FF00FFFF</color>
            <scale>0.9</scale>
            <Icon>
              <href>http://maps.google.com/mapfiles/kml/shapes/placemark_circle.png</href>
            </Icon>
          </IconStyle>
        </Style>
        <Point>
          <altitudeMode>clampToGround</altitudeMode>
          <coordinates>114.14575517177581787109375,22.27837854065001010894775390625, 754.4000244140625</coordinates>
        </Point>
      </Placemark>
      <Placemark>
        <TimeSpan>
          <begin>2026-02-15T09:58:21+08:00</begin>
          <end>2026-02-15T09:58:25+08:00</end>
        </TimeSpan>
        <Style>
          <IconStyle>
            <color>FF00FFFF</color>
            <scale>0.9</scale>
            <Icon>
              <href>http://maps.google.com/mapfiles/kml/shapes/placemark_circle.png</href>
            </Icon>
          </IconStyle>
        </Style>
        <Point>
          <altitudeMode>clampToGround</altitudeMode>
          <coordinates>114.145699851214885711669921875,22.278387844562530517578125, 754</coordinates>
        </Point>
      </Placemark>
      <Placemark>
        <TimeSpan>
          <begin>2026-02-15T09:58:25+08:00</begin>
          <end>2026-02-15T09:58:26+08:00</end>
        </TimeSpan>
        <Style>
          <IconStyle>
            <color>FF00FFFF</color>
            <scale>0.9</scale>
            <Icon>
              <href>http://maps.google.com/mapfiles/kml/shapes/placemark_circle.png</href>
            </Icon>
          </IconStyle>
        </Style>
        <Point>
          <altitudeMode>clampToGround</altitudeMode>
          <coordinates>114.14568032138049602508544921875,22.27839119732379913330078125, 754</coordinates>
        </Point>
      </Placemark>
      <Placemark>
        <TimeSpan>
          <begin>2026-02-15T09:58:26+08:00</begin>
          <end>2026-02-15T09:58:28+08:00</end>
        </TimeSpan>
        <Style>
          <IconStyle>
            <color>FF00FFFF</color>
            <scale>0.9</scale>
            <Icon>
              <href>http://maps.google.com/mapfiles/kml/shapes/placemark_circle.png</href>
            </Icon>
          </IconStyle>
        </Style>
        <Point>
          <altitudeMode>clampToGround</altitudeMode>
          <coordinates>114.1456503979861736297607421875,22.2784010879695415496826171875, 753.79998779296875</coordinates>
        </Point>
      </Placemark>
      <Placemark>
        <TimeSpan>
          <begin>2026-02-15T09:58:28+08:00</begin>
          <end>2026-02-15T09:58:31+08:00</end>
        </TimeSpan>
        <Style>
          <IconStyle>
            <color>FF00FFFF</color>
            <scale>0.9</scale>
            <Icon>
              <href>http://maps.google.com/mapfiles/kml/shapes/placemark_circle.png</href>
            </Icon>
          </IconStyle>
        </Style>
        <Point>
          <altitudeMode>clampToGround</altitudeMode>
          <coordinates>114.1456175409257411956787109375,22.2784155048429965972900390625, 753.5999755859375</coordinates>
        </Point>
      </Placemark>
      <Placemark>
        <TimeSpan>
          <begin>2026-02-15T09:58:31+08:00</begin>
          <end>2026-02-15T09:58:34+08:00</end>
        </TimeSpan>
        <Style>
          <IconStyle>
            <color>FF00FFFF</color>
            <scale>0.9</scale>
            <Icon>
              <href>http://maps.google.com/mapfiles/kml/shapes/placemark_circle.png</href>
            </Icon>
          </IconStyle>
        </Style>
        <Point>
          <altitudeMode>clampToGround</altitudeMode>
          <coordinates>114.1455960832536220550537109375,22.278429083526134490966796875, 753.20001220703125</coordinates>
        </Point>
      </Placemark>
      <Placemark>
        <TimeSpan>
          <begin>2026-02-15T09:58:34+08:00</begin>
          <end>2026-02-15T09:58:36+08:00</end>
        </TimeSpan>
        <Style>
          <IconStyle>
            <color>FF00FFFF</color>
            <scale>0.9</scale>
            <Icon>
              <href>http://maps.google.com/mapfiles/kml/shapes/placemark_circle.png</href>
            </Icon>
          </IconStyle>
        </Style>
        <Point>
          <altitudeMode>clampToGround</altitudeMode>
          <coordinates>114.1455816663801670074462890625,22.2784339450299739837646484375, 753</coordinates>
        </Point>
      </Placemark>
      <Placemark>
        <TimeSpan>
          <begin>2026-02-15T09:58:36+08:00</begin>
          <end>2026-02-15T09:58:37+08:00</end>
        </TimeSpan>
        <Style>
          <IconStyle>
            <color>FF00FFFF</color>
            <scale>0.9</scale>
            <Icon>
              <href>http://maps.google.com/mapfiles/kml/shapes/placemark_circle.png</href>
            </Icon>
          </IconStyle>
        </Style>
        <Point>
          <altitudeMode>clampToGround</altitudeMode>
          <coordinates>114.14557873271405696868896484375,22.27843570522964000701904296875, 752.79998779296875</coordinates>
        </Point>
      </Placemark>
      <Placemark>
        <TimeSpan>
          <begin>2026-02-15T09:58:37+08:00</begin>
          <end>2026-02-15T09:58:40+08:00</end>
        </TimeSpan>
        <Style>
          <IconStyle>
            <color>FF00FFFF</color>
            <scale>0.9</scale>
            <Icon>
              <href>http://maps.google.com/mapfiles/kml/shapes/placemark_circle.png</href>
            </Icon>
          </IconStyle>
        </Style>
        <Point>
          <altitudeMode>clampToGround</altitudeMode>
          <coordinates>114.1455665789544582366943359375,22.27843687869608402252197265625, 752.5999755859375</coordinates>
        </Point>
      </Placemark>
      <Placemark>
        <TimeSpan>
          <begin>2026-02-15T09:58:40+08:00</begin>
          <end>2026-02-15T09:58:48+08:00</end>
        </TimeSpan>
        <Style>
          <IconStyle>
            <color>FF00FFFF</color>
            <scale>0.9</scale>
            <Icon>
              <href>http://maps.google.com/mapfiles/kml/shapes/placemark_circle.png</href>
            </Icon>
          </IconStyle>
        </Style>
        <Point>
          <altitudeMode>clampToGround</altitudeMode>
          <coordinates>114.14556046016514301300048828125,22.27843771688640117645263671875, 752.5999755859375</coordinates>
        </Point>
      </Placemark>
      <Placemark>
        <TimeSpan>
          <begin>2026-02-15T09:58:48+08:00</begin>
          <end>2026-02-15T09:58:54+08:00</end>
        </TimeSpan>
        <Style>
          <IconStyle>
            <color>FF00FFFF</color>
            <scale>0.9</scale>
            <Icon>
              <href>http://maps.google.com/mapfiles/kml/shapes/placemark_circle.png</href>
            </Icon>
          </IconStyle>
        </Style>
        <Point>
          <altitudeMode>clampToGround</altitudeMode>
          <coordinates>114.14555777795612812042236328125,22.2784379683434963226318359375, 752.79998779296875</coordinates>
        </Point>
      </Placemark>
      <Placemark>
        <TimeSpan>
          <begin>2026-02-15T09:58:54+08:00</begin>
          <end>2026-02-15T09:59:00+08:00</end>
        </TimeSpan>
        <Style>
          <IconStyle>
            <color>FF00FFFF</color>
            <scale>0.9</scale>
            <Icon>
              <href>http://maps.google.com/mapfiles/kml/shapes/placemark_circle.png</href>
            </Icon>
          </IconStyle>
        </Style>
        <Point>
          <altitudeMode>clampToGround</altitudeMode>
          <coordinates>114.14555610157549381256103515625,22.27843872271478176116943359375, 752.4000244140625</coordinates>
        </Point>
      </Placemark>
      <Placemark>
        <TimeSpan>
          <begin>2026-02-15T09:59:00+08:00</begin>
          <end>2026-02-15T09:59:06+08:00</end>
        </TimeSpan>
        <Style>
          <IconStyle>
            <color>FF00FFFF</color>
            <scale>0.9</scale>
            <Icon>
              <href>http://maps.google.com/mapfiles/kml/shapes/placemark_circle.png</href>
            </Icon>
          </IconStyle>
        </Style>
        <Point>
          <altitudeMode>clampToGround</altitudeMode>
          <coordinates>114.145558364689350128173828125,22.278441153466701507568359375, 753.4000244140625</coordinates>
        </Point>
      </Placemark>
      <Placemark>
        <TimeSpan>
          <begin>2026-02-15T09:59:06+08:00</begin>
          <end>2026-02-15T09:59:08+08:00</end>
        </TimeSpan>
        <Style>
          <IconStyle>
            <color>FF00FFFF</color>
            <scale>0.9</scale>
            <Icon>
              <href>http://maps.google.com/mapfiles/kml/shapes/placemark_circle.png</href>
            </Icon>
          </IconStyle>
        </Style>
        <Point>
          <altitudeMode>clampToGround</altitudeMode>
          <coordinates>114.14555995725095272064208984375,22.27844090200960636138916015625, 753</coordinates>
        </Point>
      </Placemark>
      <Placemark>
        <TimeSpan>
          <begin>2026-02-15T09:59:08+08:00</begin>
          <end>2026-02-15T09:59:18+08:00</end>
        </TimeSpan>
        <Style>
          <IconStyle>
            <color>FF00FFFF</color>
            <scale>0.9</scale>
            <Icon>
              <href>http://maps.google.com/mapfiles/kml/shapes/placemark_circle.png</href>
            </Icon>
          </IconStyle>
        </Style>
        <Point>
          <altitudeMode>clampToGround</altitudeMode>
          <coordinates>114.1455645672976970672607421875,22.27844609878957271575927734375, 753</coordinates>
        </Point>
      </Placemark>
      <Placemark>
        <TimeSpan>
          <begin>2026-02-15T09:59:18+08:00</begin>
          <end>2026-02-15T09:59:22+08:00</end>
        </TimeSpan>
        <Style>
          <IconStyle>
            <color>FF00FFFF</color>
            <scale>0.9</scale>
            <Icon>
              <href>http://maps.google.com/mapfiles/kml/shapes/placemark_circle.png</href>
            </Icon>
          </IconStyle>
        </Style>
        <Point>
          <altitudeMode>clampToGround</altitudeMode>
          <coordinates>114.14556599222123622894287109375,22.278443165123462677001953125, 752.5999755859375</coordinates>
        </Point>
      </Placemark>
      <Placemark>
        <TimeSpan>
          <begin>2026-02-15T09:59:22+08:00</begin>
          <end>2026-02-15T09:59:24+08:00</end>
        </TimeSpan>
        <Style>
          <IconStyle>
            <color>FF00FFFF</color>
            <scale>0.9</scale>
            <Icon>
              <href>http://maps.google.com/mapfiles/kml/shapes/placemark_circle.png</href>
            </Icon>
          </IconStyle>
        </Style>
        <Point>
          <altitudeMode>clampToGround</altitudeMode>
          <coordinates>114.1455682553350925445556640625,22.27843771688640117645263671875, 752.79998779296875</coordinates>
        </Point>
      </Placemark>
      <Placemark>
        <TimeSpan>
          <begin>2026-02-15T09:59:24+08:00</begin>
          <end>2026-02-15T09:59:25+08:00</end>
        </TimeSpan>
        <Style>
          <IconStyle>
            <color>FF00FFFF</color>
            <scale>0.9</scale>
            <Icon>
              <href>http://maps.google.com/mapfiles/kml/shapes/placemark_circle.png</href>
            </Icon>
          </IconStyle>
        </Style>
        <Point>
          <altitudeMode>clampToGround</altitudeMode>
          <coordinates>114.14557705633342266082763671875,22.278439812362194061279296875, 752.79998779296875</coordinates>
        </Point>
      </Placemark>
      <Placemark>
        <TimeSpan>
          <begin>2026-02-15T09:59:25+08:00</begin>
          <end>2026-02-15T09:59:31+08:00</end>
        </TimeSpan>
        <Style>
          <IconStyle>
            <color>FF00FFFF</color>
            <scale>0.9</scale>
            <Icon>
              <href>http://maps.google.com/mapfiles/kml/shapes/placemark_circle.png</href>
            </Icon>
          </IconStyle>
        </Style>
        <Point>
          <altitudeMode>clampToGround</altitudeMode>
          <coordinates>114.14562684483826160430908203125,22.2784144990146160125732421875, 753.20001220703125</coordinates>
        </Point>
      </Placemark>
      <Placemark>
        <TimeSpan>
          <begin>2026-02-15T09:59:31+08:00</begin>
          <end>2026-02-15T09:59:38+08:00</end>
        </TimeSpan>
        <Style>
          <IconStyle>
            <color>FF00FFFF</color>
            <scale>0.9</scale>
            <Icon>
              <href>http://maps.google.com/mapfiles/kml/shapes/placemark_circle.png</href>
            </Icon>
          </IconStyle>
        </Style>
        <Point>
          <altitudeMode>clampToGround</altitudeMode>
          <coordinates>114.14562575519084930419921875,22.27840200997889041900634765625, 753</coordinates>
        </Point>
      </Placemark>
      <Placemark>
        <TimeSpan>
          <begin>2026-02-15T09:59:38+08:00</begin>
          <end>2026-02-15T09:59:46+08:00</end>
        </TimeSpan>
        <Style>
          <IconStyle>
            <color>FF00FFFF</color>
            <scale>0.9</scale>
            <Icon>
              <href>http://maps.google.com/mapfiles/kml/shapes/placemark_circle.png</href>
            </Icon>
          </IconStyle>
        </Style>
        <Point>
          <altitudeMode>clampToGround</altitudeMode>
          <coordinates>114.14562567137181758880615234375,22.2783958911895751953125, 753.4000244140625</coordinates>
        </Point>
      </Placemark>
      <Placemark>
        <TimeSpan>
          <begin>2026-02-15T09:59:46+08:00</begin>
          <end>2026-02-15T09:59:54+08:00</end>
        </TimeSpan>
        <Style>
          <IconStyle>
            <color>FF00FFFF</color>
            <scale>0.9</scale>
            <Icon>
              <href>http://maps.google.com/mapfiles/kml/shapes/placemark_circle.png</href>
            </Icon>
          </IconStyle>
        </Style>
        <Point>
          <altitudeMode>clampToGround</altitudeMode>
          <coordinates>114.1456296108663082122802734375,22.27838206104934215545654296875, 753.5999755859375</coordinates>
        </Point>
      </Placemark>
      <Placemark>
        <TimeSpan>
          <begin>2026-02-15T09:59:54+08:00</begin>
          <end>2026-02-15T09:59:55+08:00</end>
        </TimeSpan>
        <Style>
          <IconStyle>
            <color>FF00FFFF</color>
            <scale>0.9</scale>
            <Icon>
              <href>http://maps.google.com/mapfiles/kml/shapes/placemark_circle.png</href>
            </Icon>
          </IconStyle>
        </Style>
        <Point>
          <altitudeMode>clampToGround</altitudeMode>
          <coordinates>114.14563321508467197418212890625,22.27838071994483470916748046875, 753.5999755859375</coordinates>
        </Point>
      </Placemark>
      <Placemark>
        <TimeSpan>
          <begin>2026-02-15T09:59:55+08:00</begin>
          <end>2026-02-15T10:00:02+08:00</end>
        </TimeSpan>
        <Style>
          <IconStyle>
            <color>FF00FFFF</color>
            <scale>0.9</scale>
            <Icon>
              <href>http://maps.google.com/mapfiles/kml/shapes/placemark_circle.png</href>
            </Icon>
          </IconStyle>
        </Style>
        <Point>
          <altitudeMode>clampToGround</altitudeMode>
          <coordinates>114.145647548139095306396484375,22.2783843241631984710693359375, 753.4000244140625</coordinates>
        </Point>
      </Placemark>
      <Placemark>
        <TimeSpan>
          <begin>2026-02-15T10:00:02+08:00</begin>
          <end>2026-02-15T10:00:03+08:00</end>
        </TimeSpan>
        <Style>
          <IconStyle>
            <color>FF00FFFF</color>
            <scale>0.9</scale>
            <Icon>
              <href>http://maps.google.com/mapfiles/kml/shapes/placemark_circle.png</href>
            </Icon>
          </IconStyle>
        </Style>
        <Point>
          <altitudeMode>clampToGround</altitudeMode>
          <coordinates>114.145647548139095306396484375,22.27838139049708843231201171875, 753.4000244140625</coordinates>
        </Point>
      </Placemark>
      <Placemark>
        <TimeSpan>
          <begin>2026-02-15T10:00:03+08:00</begin>
          <end>2026-02-15T10:00:09+08:00</end>
        </TimeSpan>
        <Style>
          <IconStyle>
            <color>FF00FFFF</color>
            <scale>0.9</scale>
            <Icon>
              <href>http://maps.google.com/mapfiles/kml/shapes/placemark_circle.png</href>
            </Icon>
          </IconStyle>
        </Style>
        <Point>
          <altitudeMode>clampToGround</altitudeMode>
          <coordinates>114.14564712904393672943115234375,22.2783838212490081787109375, 753.20001220703125</coordinates>
        </Point>
      </Placemark>
      <Placemark>
        <TimeSpan>
          <begin>2026-02-15T10:00:09+08:00</begin>
          <end>2026-02-15T10:00:11+08:00</end>
        </TimeSpan>
        <Style>
          <IconStyle>
            <color>FF00FFFF</color>
            <scale>0.9</scale>
            <Icon>
              <href>http://maps.google.com/mapfiles/kml/shapes/placemark_circle.png</href>
            </Icon>
          </IconStyle>
        </Style>
        <Point>
          <altitudeMode>clampToGround</altitudeMode>
          <coordinates>114.14564453065395355224609375,22.2783883474767208099365234375, 753.20001220703125</coordinates>
        </Point>
      </Placemark>
      <Placemark>
        <TimeSpan>
          <begin>2026-02-15T10:00:11+08:00</begin>
          <end>2026-02-15T10:00:18+08:00</end>
        </TimeSpan>
        <Style>
          <IconStyle>
            <color>FF00FFFF</color>
            <scale>0.9</scale>
            <Icon>
              <href>http://maps.google.com/mapfiles/kml/shapes/placemark_circle.png</href>
            </Icon>
          </IconStyle>
        </Style>
        <Point>
          <altitudeMode>clampToGround</altitudeMode>
          <coordinates>114.1456286050379276275634765625,22.2784051112830638885498046875, 753</coordinates>
        </Point>
      </Placemark>
      <Placemark>
        <TimeSpan>
          <begin>2026-02-15T10:00:18+08:00</begin>
          <end>2026-02-15T10:00:25+08:00</end>
        </TimeSpan>
        <Style>
          <IconStyle>
            <color>FF00FFFF</color>
            <scale>0.9</scale>
            <Icon>
              <href>http://maps.google.com/mapfiles/kml/shapes/placemark_circle.png</href>
            </Icon>
          </IconStyle>
        </Style>
        <Point>
          <altitudeMode>clampToGround</altitudeMode>
          <coordinates>114.1456252522766590118408203125,22.2784121520817279815673828125, 753</coordinates>
        </Point>
      </Placemark>
      <Placemark>
        <TimeSpan>
          <begin>2026-02-15T10:00:25+08:00</begin>
          <end>2026-02-15T10:00:27+08:00</end>
        </TimeSpan>
        <Style>
          <IconStyle>
            <color>FF00FFFF</color>
            <scale>0.9</scale>
            <Icon>
              <href>http://maps.google.com/mapfiles/kml/shapes/placemark_circle.png</href>
            </Icon>
          </IconStyle>
        </Style>
        <Point>
          <altitudeMode>clampToGround</altitudeMode>
          <coordinates>114.14562952704727649688720703125,22.2784121520817279815673828125, 753.20001220703125</coordinates>
        </Point>
      </Placemark>
      <Placemark>
        <TimeSpan>
          <begin>2026-02-15T10:00:27+08:00</begin>
          <end>2026-02-15T10:00:28+08:00</end>
        </TimeSpan>
        <Style>
          <IconStyle>
            <color>FF00FFFF</color>
            <scale>0.9</scale>
            <Icon>
              <href>http://maps.google.com/mapfiles/kml/shapes/placemark_circle.png</href>
            </Icon>
          </IconStyle>
        </Style>
        <Point>
          <altitudeMode>clampToGround</altitudeMode>
          <coordinates>114.14563103578984737396240234375,22.27841106243431568145751953125, 753.20001220703125</coordinates>
        </Point>
      </Placemark>
      <Placemark>
        <TimeSpan>
          <begin>2026-02-15T10:00:28+08:00</begin>
          <end>2026-02-15T10:00:29+08:00</end>
        </TimeSpan>
        <Style>
          <IconStyle>
            <color>FF00FFFF</color>
            <scale>0.9</scale>
            <Icon>
              <href>http://maps.google.com/mapfiles/kml/shapes/placemark_circle.png</href>
            </Icon>
          </IconStyle>
        </Style>
        <Point>
          <altitudeMode>clampToGround</altitudeMode>
          <coordinates>114.145630784332752227783203125,22.2784084640443325042724609375, 753.4000244140625</coordinates>
        </Point>
      </Placemark>
      <Placemark>
        <TimeSpan>
          <begin>2026-02-15T10:00:29+08:00</begin>
          <end>2026-02-15T10:00:33+08:00</end>
        </TimeSpan>
        <Style>
          <IconStyle>
            <color>FF00FFFF</color>
            <scale>0.9</scale>
            <Icon>
              <href>http://maps.google.com/mapfiles/kml/shapes/placemark_circle.png</href>
            </Icon>
          </IconStyle>
        </Style>
        <Point>
          <altitudeMode>clampToGround</altitudeMode>
          <coordinates>114.14562483318150043487548828125,22.27841223590075969696044921875, 753.4000244140625</coordinates>
        </Point>
      </Placemark>
      <Placemark>
        <TimeSpan>
          <begin>2026-02-15T10:00:33+08:00</begin>
          <end>2026-02-15T10:00:38+08:00</end>
        </TimeSpan>
        <Style>
          <IconStyle>
            <color>FF00FFFF</color>
            <scale>0.9</scale>
            <Icon>
              <href>http://maps.google.com/mapfiles/kml/shapes/placemark_circle.png</href>
            </Icon>
          </IconStyle>
        </Style>
        <Point>
          <altitudeMode>clampToGround</altitudeMode>
          <coordinates>114.145638830959796905517578125,22.27843252010643482208251953125, 753.20001220703125</coordinates>
        </Point>
      </Placemark>
      <Placemark>
        <TimeSpan>
          <begin>2026-02-15T10:00:38+08:00</begin>
          <end>2026-02-15T10:00:44+08:00</end>
        </TimeSpan>
        <Style>
          <IconStyle>
            <color>FF00FFFF</color>
            <scale>0.9</scale>
            <Icon>
              <href>http://maps.google.com/mapfiles/kml/shapes/placemark_circle.png</href>
            </Icon>
          </IconStyle>
        </Style>
        <Point>
          <altitudeMode>clampToGround</altitudeMode>
          <coordinates>114.14562977850437164306640625,22.2784191928803920745849609375, 753</coordinates>
        </Point>
      </Placemark>
      <Placemark>
        <TimeSpan>
          <begin>2026-02-15T10:00:44+08:00</begin>
          <end>2026-02-15T10:00:50+08:00</end>
        </TimeSpan>
        <Style>
          <IconStyle>
            <color>FF00FFFF</color>
            <scale>0.9</scale>
            <Icon>
              <href>http://maps.google.com/mapfiles/kml/shapes/placemark_circle.png</href>
            </Icon>
          </IconStyle>
        </Style>
        <Point>
          <altitudeMode>clampToGround</altitudeMode>
          <coordinates>114.14563992060720920562744140625,22.27841793559491634368896484375, 753.20001220703125</coordinates>
        </Point>
      </Placemark>
      <Placemark>
        <TimeSpan>
          <begin>2026-02-15T10:00:50+08:00</begin>
          <end>2026-02-15T10:00:53+08:00</end>
        </TimeSpan>
        <Style>
          <IconStyle>
            <color>FF00FFFF</color>
            <scale>0.9</scale>
            <Icon>
              <href>http://maps.google.com/mapfiles/kml/shapes/placemark_circle.png</href>
            </Icon>
          </IconStyle>
        </Style>
        <Point>
          <altitudeMode>clampToGround</altitudeMode>
          <coordinates>114.14562785066664218902587890625,22.2784279100596904754638671875, 753.4000244140625</coordinates>
        </Point>
      </Placemark>
      <Placemark>
        <TimeSpan>
          <begin>2026-02-15T10:00:53+08:00</begin>
          <end>2026-02-15T10:00:54+08:00</end>
        </TimeSpan>
        <Style>
          <IconStyle>
            <color>FF00FFFF</color>
            <scale>0.9</scale>
            <Icon>
              <href>http://maps.google.com/mapfiles/kml/shapes/placemark_circle.png</href>
            </Icon>
          </IconStyle>
        </Style>
        <Point>
          <altitudeMode>clampToGround</altitudeMode>
          <coordinates>114.1456245817244052886962890625,22.27842648513615131378173828125, 753.4000244140625</coordinates>
        </Point>
      </Placemark>
      <Placemark>
        <TimeSpan>
          <begin>2026-02-15T10:00:54+08:00</begin>
          <end>2026-02-15T10:00:59+08:00</end>
        </TimeSpan>
        <Style>
          <IconStyle>
            <color>FF00FFFF</color>
            <scale>0.9</scale>
            <Icon>
              <href>http://maps.google.com/mapfiles/kml/shapes/placemark_circle.png</href>
            </Icon>
          </IconStyle>
        </Style>
        <Point>
          <altitudeMode>clampToGround</altitudeMode>
          <coordinates>114.14557470940053462982177734375,22.27843050844967365264892578125, 752.79998779296875</coordinates>
        </Point>
      </Placemark>
      <Placemark>
        <TimeSpan>
          <begin>2026-02-15T10:00:59+08:00</begin>
          <end>2026-02-15T10:01:03+08:00</end>
        </TimeSpan>
        <Style>
          <IconStyle>
            <color>FF00FFFF</color>
            <scale>0.9</scale>
            <Icon>
              <href>http://maps.google.com/mapfiles/kml/shapes/placemark_circle.png</href>
            </Icon>
          </IconStyle>
        </Style>
        <Point>
          <altitudeMode>clampToGround</altitudeMode>
          <coordinates>114.14555777795612812042236328125,22.2784429974853992462158203125, 752.79998779296875</coordinates>
        </Point>
      </Placemark>
      <Placemark>
        <TimeSpan>
          <begin>2026-02-15T10:01:03+08:00</begin>
          <end>2026-02-15T10:01:04+08:00</end>
        </TimeSpan>
        <Style>
          <IconStyle>
            <color>FF00FFFF</color>
            <scale>0.9</scale>
            <Icon>
              <href>http://maps.google.com/mapfiles/kml/shapes/placemark_circle.png</href>
            </Icon>
          </IconStyle>
        </Style>
        <Point>
          <altitudeMode>clampToGround</altitudeMode>
          <coordinates>114.1455545090138912200927734375,22.27844559587538242340087890625, 752.79998779296875</coordinates>
        </Point>
      </Placemark>
      <Placemark>
        <TimeSpan>
          <begin>2026-02-15T10:01:04+08:00</begin>
          <end>2026-02-15T10:01:08+08:00</end>
        </TimeSpan>
        <Style>
          <IconStyle>
            <color>FF00FFFF</color>
            <scale>0.9</scale>
            <Icon>
              <href>http://maps.google.com/mapfiles/kml/shapes/placemark_circle.png</href>
            </Icon>
          </IconStyle>
        </Style>
        <Point>
          <altitudeMode>clampToGround</altitudeMode>
          <coordinates>114.14554906077682971954345703125,22.27844157256186008453369140625, 753</coordinates>
        </Point>
      </Placemark>
      <Placemark>
        <TimeSpan>
          <begin>2026-02-15T10:01:08+08:00</begin>
          <end>2026-02-15T10:01:10+08:00</end>
        </TimeSpan>
        <Style>
          <IconStyle>
            <color>FF00FFFF</color>
            <scale>0.9</scale>
            <Icon>
              <href>http://maps.google.com/mapfiles/kml/shapes/placemark_circle.png</href>
            </Icon>
          </IconStyle>
        </Style>
        <Point>
          <altitudeMode>clampToGround</altitudeMode>
          <coordinates>114.145543277263641357421875,22.27844442240893840789794921875, 753</coordinates>
        </Point>
      </Placemark>
      <Placemark>
        <TimeSpan>
          <begin>2026-02-15T10:01:10+08:00</begin>
          <end>2026-02-15T10:01:16+08:00</end>
        </TimeSpan>
        <Style>
          <IconStyle>
            <color>FF00FFFF</color>
            <scale>0.9</scale>
            <Icon>
              <href>http://maps.google.com/mapfiles/kml/shapes/placemark_circle.png</href>
            </Icon>
          </IconStyle>
        </Style>
        <Point>
          <altitudeMode>clampToGround</altitudeMode>
          <coordinates>114.1455400921404361724853515625,22.2784396447241306304931640625, 752.79998779296875</coordinates>
        </Point>
      </Placemark>
      <Placemark>
        <TimeSpan>
          <begin>2026-02-15T10:01:16+08:00</begin>
          <end>2026-02-15T10:01:23+08:00</end>
        </TimeSpan>
        <Style>
          <IconStyle>
            <color>FF00FFFF</color>
            <scale>0.9</scale>
            <Icon>
              <href>http://maps.google.com/mapfiles/kml/shapes/placemark_circle.png</href>
            </Icon>
          </IconStyle>
        </Style>
        <Point>
          <altitudeMode>clampToGround</altitudeMode>
          <coordinates>114.14554067887365818023681640625,22.27843604050576686859130859375, 752.4000244140625</coordinates>
        </Point>
      </Placemark>
      <Placemark>
        <TimeSpan>
          <begin>2026-02-15T10:01:23+08:00</begin>
          <end>2026-02-15T10:01:25+08:00</end>
        </TimeSpan>
        <Style>
          <IconStyle>
            <color>FF00FFFF</color>
            <scale>0.9</scale>
            <Icon>
              <href>http://maps.google.com/mapfiles/kml/shapes/placemark_circle.png</href>
            </Icon>
          </IconStyle>
        </Style>
        <Point>
          <altitudeMode>clampToGround</altitudeMode>
          <coordinates>114.1455434449017047882080078125,22.27843738161027431488037109375, 752.4000244140625</coordinates>
        </Point>
      </Placemark>
      <Placemark>
        <TimeSpan>
          <begin>2026-02-15T10:01:25+08:00</begin>
          <end>2026-02-15T10:01:35+08:00</end>
        </TimeSpan>
        <Style>
          <IconStyle>
            <color>FF00FFFF</color>
            <scale>0.9</scale>
            <Icon>
              <href>http://maps.google.com/mapfiles/kml/shapes/placemark_circle.png</href>
            </Icon>
          </IconStyle>
        </Style>
        <Point>
          <altitudeMode>clampToGround</altitudeMode>
          <coordinates>114.1455431096255779266357421875,22.27844174019992351531982421875, 752</coordinates>
        </Point>
      </Placemark>
      <Placemark>
        <TimeSpan>
          <begin>2026-02-15T10:01:35+08:00</begin>
          <end>2026-02-15T10:01:36+08:00</end>
        </TimeSpan>
        <Style>
          <IconStyle>
            <color>FF00FFFF</color>
            <scale>0.9</scale>
            <Icon>
              <href>http://maps.google.com/mapfiles/kml/shapes/placemark_circle.png</href>
            </Icon>
          </IconStyle>
        </Style>
        <Point>
          <altitudeMode>clampToGround</altitudeMode>
          <coordinates>114.14554319344460964202880859375,22.27844106964766979217529296875, 752</coordinates>
        </Point>
      </Placemark>
      <Placemark>
        <TimeSpan>
          <begin>2026-02-15T10:01:36+08:00</begin>
          <end>2026-02-15T10:01:37+08:00</end>
        </TimeSpan>
        <Style>
          <IconStyle>
            <color>FF00FFFF</color>
            <scale>0.9</scale>
            <Icon>
              <href>http://maps.google.com/mapfiles/kml/shapes/placemark_circle.png</href>
            </Icon>
          </IconStyle>
        </Style>
        <Point>
          <altitudeMode>clampToGround</altitudeMode>
          <coordinates>114.14554386399686336517333984375,22.27844090200960636138916015625, 752</coordinates>
        </Point>
      </Placemark>
      <Placemark>
        <TimeSpan>
          <begin>2026-02-15T10:01:37+08:00</begin>
          <end>2026-02-15T10:01:42+08:00</end>
        </TimeSpan>
        <Style>
          <IconStyle>
            <color>FF00FFFF</color>
            <scale>0.9</scale>
            <Icon>
              <href>http://maps.google.com/mapfiles/kml/shapes/placemark_circle.png</href>
            </Icon>
          </IconStyle>
        </Style>
        <Point>
          <altitudeMode>clampToGround</altitudeMode>
          <coordinates>114.14554436691105365753173828125,22.2784399800002574920654296875, 752.4000244140625</coordinates>
        </Point>
      </Placemark>
      <Placemark>
        <TimeSpan>
          <begin>2026-02-15T10:01:42+08:00</begin>
          <end>2026-02-15T10:01:47+08:00</end>
        </TimeSpan>
        <Style>
          <IconStyle>
            <color>FF00FFFF</color>
            <scale>0.9</scale>
            <Icon>
              <href>http://maps.google.com/mapfiles/kml/shapes/placemark_circle.png</href>
            </Icon>
          </IconStyle>
        </Style>
        <Point>
          <altitudeMode>clampToGround</altitudeMode>
          <coordinates>114.14554336108267307281494140625,22.27843721397221088409423828125, 752.5999755859375</coordinates>
        </Point>
      </Placemark>
      <Placemark>
        <TimeSpan>
          <begin>2026-02-15T10:01:47+08:00</begin>
          <end>2026-02-15T10:01:49+08:00</end>
        </TimeSpan>
        <Style>
          <IconStyle>
            <color>FF00FFFF</color>
            <scale>0.9</scale>
            <Icon>
              <href>http://maps.google.com/mapfiles/kml/shapes/placemark_circle.png</href>
            </Icon>
          </IconStyle>
        </Style>
        <Point>
          <altitudeMode>clampToGround</altitudeMode>
          <coordinates>114.14554302580654621124267578125,22.27843771688640117645263671875, 752.5999755859375</coordinates>
        </Point>
      </Placemark>
      <Placemark>
        <TimeSpan>
          <begin>2026-02-15T10:01:49+08:00</begin>
          <end>2026-02-15T10:01:59+08:00</end>
        </TimeSpan>
        <Style>
          <IconStyle>
            <color>FF00FFFF</color>
            <scale>0.9</scale>
            <Icon>
              <href>http://maps.google.com/mapfiles/kml/shapes/placemark_circle.png</href>
            </Icon>
          </IconStyle>
        </Style>
        <Point>
          <altitudeMode>clampToGround</altitudeMode>
          <coordinates>114.14554587565362453460693359375,22.27843620814383029937744140625, 752.5999755859375</coordinates>
        </Point>
      </Placemark>
      <Placemark>
        <TimeSpan>
          <begin>2026-02-15T10:01:59+08:00</begin>
          <end>2026-02-15T10:02:02+08:00</end>
        </TimeSpan>
        <Style>
          <IconStyle>
            <color>FF00FFFF</color>
            <scale>0.9</scale>
            <Icon>
              <href>http://maps.google.com/mapfiles/kml/shapes/placemark_circle.png</href>
            </Icon>
          </IconStyle>
        </Style>
        <Point>
          <altitudeMode>clampToGround</altitudeMode>
          <coordinates>114.1455446183681488037109375,22.27843654341995716094970703125, 752.5999755859375</coordinates>
        </Point>
      </Placemark>
      <Placemark>
        <TimeSpan>
          <begin>2026-02-15T10:02:02+08:00</begin>
          <end>2026-02-15T10:02:10+08:00</end>
        </TimeSpan>
        <Style>
          <IconStyle>
            <color>FF00FFFF</color>
            <scale>0.9</scale>
            <Icon>
              <href>http://maps.google.com/mapfiles/kml/shapes/placemark_circle.png</href>
            </Icon>
          </IconStyle>
        </Style>
        <Point>
          <altitudeMode>clampToGround</altitudeMode>
          <coordinates>114.1455417685210704803466796875,22.27844291366636753082275390625, 752.5999755859375</coordinates>
        </Point>
      </Placemark>
      <Placemark>
        <TimeSpan>
          <begin>2026-02-15T10:02:10+08:00</begin>
          <end>2026-02-15T10:02:13+08:00</end>
        </TimeSpan>
        <Style>
          <IconStyle>
            <color>FF00FFFF</color>
            <scale>0.9</scale>
            <Icon>
              <href>http://maps.google.com/mapfiles/kml/shapes/placemark_circle.png</href>
            </Icon>
          </IconStyle>
        </Style>
        <Point>
          <altitudeMode>clampToGround</altitudeMode>
          <coordinates>114.14554235525429248809814453125,22.27844459004700183868408203125, 752.5999755859375</coordinates>
        </Point>
      </Placemark>
      <Placemark>
        <TimeSpan>
          <begin>2026-02-15T10:02:13+08:00</begin>
          <end>2026-02-15T10:02:19+08:00</end>
        </TimeSpan>
        <Style>
          <IconStyle>
            <color>FF00FFFF</color>
            <scale>0.9</scale>
            <Icon>
              <href>http://maps.google.com/mapfiles/kml/shapes/placemark_circle.png</href>
            </Icon>
          </IconStyle>
        </Style>
        <Point>
          <altitudeMode>clampToGround</altitudeMode>
          <coordinates>114.1455421037971973419189453125,22.27845481596887111663818359375, 752.5999755859375</coordinates>
        </Point>
      </Placemark>
      <Placemark>
        <TimeSpan>
          <begin>2026-02-15T10:02:19+08:00</begin>
          <end>2026-02-15T10:02:25+08:00</end>
        </TimeSpan>
        <Style>
          <IconStyle>
            <color>FF00FFFF</color>
            <scale>0.9</scale>
            <Icon>
              <href>http://maps.google.com/mapfiles/kml/shapes/placemark_circle.png</href>
            </Icon>
          </IconStyle>
        </Style>
        <Point>
          <altitudeMode>clampToGround</altitudeMode>
          <coordinates>114.1455327160656452178955078125,22.2784822247922420501708984375, 752.5999755859375</coordinates>
        </Point>
      </Placemark>
      <Placemark>
        <TimeSpan>
          <begin>2026-02-15T10:02:25+08:00</begin>
          <end>2026-02-15T10:02:28+08:00</end>
        </TimeSpan>
        <Style>
          <IconStyle>
            <color>FF00FFFF</color>
            <scale>0.9</scale>
            <Icon>
              <href>http://maps.google.com/mapfiles/kml/shapes/placemark_circle.png</href>
            </Icon>
          </IconStyle>
        </Style>
        <Point>
          <altitudeMode>clampToGround</altitudeMode>
          <coordinates>114.1455454565584659576416015625,22.2784882597625255584716796875, 752.5999755859375</coordinates>
        </Point>
      </Placemark>
      <Placemark>
        <TimeSpan>
          <begin>2026-02-15T10:02:28+08:00</begin>
          <end>2026-02-15T10:02:35+08:00</end>
        </TimeSpan>
        <Style>
          <IconStyle>
            <color>FF00FFFF</color>
            <scale>0.9</scale>
            <Icon>
              <href>http://maps.google.com/mapfiles/kml/shapes/placemark_circle.png</href>
            </Icon>
          </IconStyle>
        </Style>
        <Point>
          <altitudeMode>clampToGround</altitudeMode>
          <coordinates>114.14555945433676242828369140625,22.27848599664866924285888671875, 752.5999755859375</coordinates>
        </Point>
      </Placemark>
      <Placemark>
        <TimeSpan>
          <begin>2026-02-15T10:02:35+08:00</begin>
          <end>2026-02-15T10:02:36+08:00</end>
        </TimeSpan>
        <Style>
          <IconStyle>
            <color>FF00FFFF</color>
            <scale>0.9</scale>
            <Icon>
              <href>http://maps.google.com/mapfiles/kml/shapes/placemark_circle.png</href>
            </Icon>
          </IconStyle>
        </Style>
        <Point>
          <altitudeMode>clampToGround</altitudeMode>
          <coordinates>114.14556062780320644378662109375,22.2784822247922420501708984375, 752.5999755859375</coordinates>
        </Point>
      </Placemark>
      <Placemark>
        <TimeSpan>
          <begin>2026-02-15T10:02:36+08:00</begin>
          <end>2026-02-15T10:02:37+08:00</end>
        </TimeSpan>
        <Style>
          <IconStyle>
            <color>FF00FFFF</color>
            <scale>0.9</scale>
            <Icon>
              <href>http://maps.google.com/mapfiles/kml/shapes/placemark_circle.png</href>
            </Icon>
          </IconStyle>
        </Style>
        <Point>
          <altitudeMode>clampToGround</altitudeMode>
          <coordinates>114.14556163363158702850341796875,22.2784830629825592041015625, 752.5999755859375</coordinates>
        </Point>
      </Placemark>
      <Placemark>
        <TimeSpan>
          <begin>2026-02-15T10:02:37+08:00</begin>
          <end>2026-02-15T10:02:46+08:00</end>
        </TimeSpan>
        <Style>
          <IconStyle>
            <color>FF00FFFF</color>
            <scale>0.9</scale>
            <Icon>
              <href>http://maps.google.com/mapfiles/kml/shapes/placemark_circle.png</href>
            </Icon>
          </IconStyle>
        </Style>
        <Point>
          <altitudeMode>clampToGround</altitudeMode>
          <coordinates>114.14556900970637798309326171875,22.27848130278289318084716796875, 752.5999755859375</coordinates>
        </Point>
      </Placemark>
      <Placemark>
        <TimeSpan>
          <begin>2026-02-15T10:02:46+08:00</begin>
          <end>2026-02-15T10:02:54+08:00</end>
        </TimeSpan>
        <Style>
          <IconStyle>
            <color>FF00FFFF</color>
            <scale>0.9</scale>
            <Icon>
              <href>http://maps.google.com/mapfiles/kml/shapes/placemark_circle.png</href>
            </Icon>
          </IconStyle>
        </Style>
        <Point>
          <altitudeMode>clampToGround</altitudeMode>
          <coordinates>114.14557621814310550689697265625,22.2784771956503391265869140625, 752.5999755859375</coordinates>
        </Point>
      </Placemark>
      <Placemark>
        <TimeSpan>
          <begin>2026-02-15T10:02:54+08:00</begin>
          <end>2026-02-15T10:03:05+08:00</end>
        </TimeSpan>
        <Style>
          <IconStyle>
            <color>FF00FFFF</color>
            <scale>0.9</scale>
            <Icon>
              <href>http://maps.google.com/mapfiles/kml/shapes/placemark_circle.png</href>
            </Icon>
          </IconStyle>
        </Style>
        <Point>
          <altitudeMode>clampToGround</altitudeMode>
          <coordinates>114.1455739550292491912841796875,22.27847107686102390289306640625, 752.5999755859375</coordinates>
        </Point>
      </Placemark>
      <Placemark>
        <TimeSpan>
          <begin>2026-02-15T10:03:05+08:00</begin>
          <end>2026-02-15T10:03:14+08:00</end>
        </TimeSpan>
        <Style>
          <IconStyle>
            <color>FF00FFFF</color>
            <scale>0.9</scale>
            <Icon>
              <href>http://maps.google.com/mapfiles/kml/shapes/placemark_circle.png</href>
            </Icon>
          </IconStyle>
        </Style>
        <Point>
          <altitudeMode>clampToGround</altitudeMode>
          <coordinates>114.14556666277348995208740234375,22.27846621535718441009521484375, 752.5999755859375</coordinates>
        </Point>
      </Placemark>
      <Placemark>
        <TimeSpan>
          <begin>2026-02-15T10:03:14+08:00</begin>
          <end>2026-02-15T10:03:20+08:00</end>
        </TimeSpan>
        <Style>
          <IconStyle>
            <color>FF00FFFF</color>
            <scale>0.9</scale>
            <Icon>
              <href>http://maps.google.com/mapfiles/kml/shapes/placemark_circle.png</href>
            </Icon>
          </IconStyle>
        </Style>
        <Point>
          <altitudeMode>clampToGround</altitudeMode>
          <coordinates>114.14555744268000125885009765625,22.27846068330109119415283203125, 752.5999755859375</coordinates>
        </Point>
      </Placemark>
      <Placemark>
        <TimeSpan>
          <begin>2026-02-15T10:03:20+08:00</begin>
          <end>2026-02-15T10:03:25+08:00</end>
        </TimeSpan>
        <Style>
          <IconStyle>
            <color>FF00FFFF</color>
            <scale>0.9</scale>
            <Icon>
              <href>http://maps.google.com/mapfiles/kml/shapes/placemark_circle.png</href>
            </Icon>
          </IconStyle>
        </Style>
        <Point>
          <altitudeMode>clampToGround</altitudeMode>
          <coordinates>114.145539589226245880126953125,22.2784550674259662628173828125, 752.5999755859375</coordinates>
        </Point>
      </Placemark>
      <Placemark>
        <TimeSpan>
          <begin>2026-02-15T10:03:25+08:00</begin>
          <end>2026-02-15T10:03:27+08:00</end>
        </TimeSpan>
        <Style>
          <IconStyle>
            <color>FF00FFFF</color>
            <scale>0.9</scale>
            <Icon>
              <href>http://maps.google.com/mapfiles/kml/shapes/placemark_circle.png</href>
            </Icon>
          </IconStyle>
        </Style>
        <Point>
          <altitudeMode>clampToGround</altitudeMode>
          <coordinates>114.14553615264594554901123046875,22.27846034802496433258056640625, 752.5999755859375</coordinates>
        </Point>
      </Placemark>
      <Placemark>
        <TimeSpan>
          <begin>2026-02-15T10:03:27+08:00</begin>
          <end>2026-02-15T10:03:30+08:00</end>
        </TimeSpan>
        <Style>
          <IconStyle>
            <color>FF00FFFF</color>
            <scale>0.9</scale>
            <Icon>
              <href>http://maps.google.com/mapfiles/kml/shapes/placemark_circle.png</href>
            </Icon>
          </IconStyle>
        </Style>
        <Point>
          <altitudeMode>clampToGround</altitudeMode>
          <coordinates>114.14553782902657985687255859375,22.27846034802496433258056640625, 752.5999755859375</coordinates>
        </Point>
      </Placemark>
      <Placemark>
        <TimeSpan>
          <begin>2026-02-15T10:03:30+08:00</begin>
          <end>2026-02-15T10:03:33+08:00</end>
        </TimeSpan>
        <Style>
          <IconStyle>
            <color>FF00FFFF</color>
            <scale>0.9</scale>
            <Icon>
              <href>http://maps.google.com/mapfiles/kml/shapes/placemark_circle.png</href>
            </Icon>
          </IconStyle>
        </Style>
        <Point>
          <altitudeMode>clampToGround</altitudeMode>
          <coordinates>114.145542271435260772705078125,22.2784523852169513702392578125, 752.5999755859375</coordinates>
        </Point>
      </Placemark>
      <Placemark>
        <TimeSpan>
          <begin>2026-02-15T10:03:33+08:00</begin>
          <end>2026-02-15T10:03:36+08:00</end>
        </TimeSpan>
        <Style>
          <IconStyle>
            <color>FF00FFFF</color>
            <scale>0.9</scale>
            <Icon>
              <href>http://maps.google.com/mapfiles/kml/shapes/placemark_circle.png</href>
            </Icon>
          </IconStyle>
        </Style>
        <Point>
          <altitudeMode>clampToGround</altitudeMode>
          <coordinates>114.14554336108267307281494140625,22.27845297195017337799072265625, 752.5999755859375</coordinates>
        </Point>
      </Placemark>
      <Placemark>
        <TimeSpan>
          <begin>2026-02-15T10:03:36+08:00</begin>
          <end>2026-02-15T10:03:39+08:00</end>
        </TimeSpan>
        <Style>
          <IconStyle>
            <color>FF00FFFF</color>
            <scale>0.9</scale>
            <Icon>
              <href>http://maps.google.com/mapfiles/kml/shapes/placemark_circle.png</href>
            </Icon>
          </IconStyle>
        </Style>
        <Point>
          <altitudeMode>clampToGround</altitudeMode>
          <coordinates>114.1455454565584659576416015625,22.2784507088363170623779296875, 752.5999755859375</coordinates>
        </Point>
      </Placemark>
      <Placemark>
        <TimeSpan>
          <begin>2026-02-15T10:03:39+08:00</begin>
          <end>2026-02-15T10:03:43+08:00</end>
        </TimeSpan>
        <Style>
          <IconStyle>
            <color>FF00FFFF</color>
            <scale>0.9</scale>
            <Icon>
              <href>http://maps.google.com/mapfiles/kml/shapes/placemark_circle.png</href>
            </Icon>
          </IconStyle>
        </Style>
        <Point>
          <altitudeMode>clampToGround</altitudeMode>
          <coordinates>114.14554771967232227325439453125,22.2784486971795558929443359375, 752.5999755859375</coordinates>
        </Point>
      </Placemark>
      <Placemark>
        <TimeSpan>
          <begin>2026-02-15T10:03:43+08:00</begin>
          <end>2026-02-15T10:03:47+08:00</end>
        </TimeSpan>
        <Style>
          <IconStyle>
            <color>FF00FFFF</color>
            <scale>0.9</scale>
            <Icon>
              <href>http://maps.google.com/mapfiles/kml/shapes/placemark_circle.png</href>
            </Icon>
          </IconStyle>
        </Style>
        <Point>
          <altitudeMode>clampToGround</altitudeMode>
          <coordinates>114.14555559866130352020263671875,22.27844978682696819305419921875, 752.5999755859375</coordinates>
        </Point>
      </Placemark>
      <Placemark>
        <TimeSpan>
          <begin>2026-02-15T10:03:47+08:00</begin>
          <end>2026-02-15T10:03:48+08:00</end>
        </TimeSpan>
        <Style>
          <IconStyle>
            <color>FF00FFFF</color>
            <scale>0.9</scale>
            <Icon>
              <href>http://maps.google.com/mapfiles/kml/shapes/placemark_circle.png</href>
            </Icon>
          </IconStyle>
        </Style>
        <Point>
          <altitudeMode>clampToGround</altitudeMode>
          <coordinates>114.1455561853945255279541015625,22.2784500382840633392333984375, 752.5999755859375</coordinates>
        </Point>
      </Placemark>
      <Placemark>
        <TimeSpan>
          <begin>2026-02-15T10:03:48+08:00</begin>
          <end>2026-02-15T10:03:52+08:00</end>
        </TimeSpan>
        <Style>
          <IconStyle>
            <color>FF00FFFF</color>
            <scale>0.9</scale>
            <Icon>
              <href>http://maps.google.com/mapfiles/kml/shapes/placemark_circle.png</href>
            </Icon>
          </IconStyle>
        </Style>
        <Point>
          <altitudeMode>clampToGround</altitudeMode>
          <coordinates>114.1455565206706523895263671875,22.27844861336052417755126953125, 752.5999755859375</coordinates>
        </Point>
      </Placemark>
      <Placemark>
        <TimeSpan>
          <begin>2026-02-15T10:03:52+08:00</begin>
          <end>2026-02-15T10:23:19+08:00</end>
        </TimeSpan>
        <Style>
          <IconStyle>
            <color>FF00FFFF</color>
            <scale>0.9</scale>
            <Icon>
              <href>http://maps.google.com/mapfiles/kml/shapes/placemark_circle.png</href>
            </Icon>
          </IconStyle>
        </Style>
        <Point>
          <altitudeMode>clampToGround</altitudeMode>
          <coordinates>114.1455893777310848236083984375,22.27847702801227569580078125, 752.5999755859375</coordinates>
        </Point>
      </Placemark>
      <Placemark>
        <TimeSpan>
          <begin>2026-02-15T10:23:19+08:00</begin>
          <end>2026-02-15T10:23:20+08:00</end>
        </TimeSpan>
        <Style>
          <IconStyle>
            <color>FF00FFFF</color>
            <scale>0.9</scale>
            <Icon>
              <href>http://maps.google.com/mapfiles/kml/shapes/placemark_circle.png</href>
            </Icon>
          </IconStyle>
        </Style>
        <Point>
          <altitudeMode>clampToGround</altitudeMode>
          <coordinates>114.14559901691973209381103515625,22.278477363288402557373046875, 752.5999755859375</coordinates>
        </Point>
      </Placemark>
      <Placemark>
        <TimeSpan>
          <begin>2026-02-15T10:23:20+08:00</begin>
          <end>2026-02-15T10:23:21+08:00</end>
        </TimeSpan>
        <Style>
          <IconStyle>
            <color>FF00FFFF</color>
            <scale>0.9</scale>
            <Icon>
              <href>http://maps.google.com/mapfiles/kml/shapes/placemark_circle.png</href>
            </Icon>
          </IconStyle>
        </Style>
        <Point>
          <altitudeMode>clampToGround</altitudeMode>
          <coordinates>114.14560656063258647918701171875,22.2784802131354808807373046875, 752.5999755859375</coordinates>
        </Point>
      </Placemark>
      <Placemark>
        <TimeSpan>
          <begin>2026-02-15T10:23:21+08:00</begin>
          <end>2026-02-15T10:23:22+08:00</end>
        </TimeSpan>
        <Style>
          <IconStyle>
            <color>FF00FFFF</color>
            <scale>0.9</scale>
            <Icon>
              <href>http://maps.google.com/mapfiles/kml/shapes/placemark_circle.png</href>
            </Icon>
          </IconStyle>
        </Style>
        <Point>
          <altitudeMode>clampToGround</altitudeMode>
          <coordinates>114.14561259560286998748779296875,22.27848649956285953521728515625, 752.5999755859375</coordinates>
        </Point>
      </Placemark>
      <Placemark>
        <TimeSpan>
          <begin>2026-02-15T10:23:22+08:00</begin>
          <end>2026-02-15T10:23:26+08:00</end>
        </TimeSpan>
        <Style>
          <IconStyle>
            <color>FF00FFFF</color>
            <scale>0.9</scale>
            <Icon>
              <href>http://maps.google.com/mapfiles/kml/shapes/placemark_circle.png</href>
            </Icon>
          </IconStyle>
        </Style>
        <Point>
          <altitudeMode>clampToGround</altitudeMode>
          <coordinates>114.14565618149936199188232421875,22.27846504189074039459228515625, 754</coordinates>
        </Point>
      </Placemark>
      <Placemark>
        <TimeSpan>
          <begin>2026-02-15T10:23:26+08:00</begin>
          <end>2026-02-15T10:23:27+08:00</end>
        </TimeSpan>
        <Style>
          <IconStyle>
            <color>FF00FFFF</color>
            <scale>0.9</scale>
            <Icon>
              <href>http://maps.google.com/mapfiles/kml/shapes/placemark_circle.png</href>
            </Icon>
          </IconStyle>
        </Style>
        <Point>
          <altitudeMode>clampToGround</altitudeMode>
          <coordinates>114.14567277766764163970947265625,22.2784624435007572174072265625, 754</coordinates>
        </Point>
      </Placemark>
      <Placemark>
        <TimeSpan>
          <begin>2026-02-15T10:23:27+08:00</begin>
          <end>2026-02-15T10:23:32+08:00</end>
        </TimeSpan>
        <Style>
          <IconStyle>
            <color>FF00FFFF</color>
            <scale>0.9</scale>
            <Icon>
              <href>http://maps.google.com/mapfiles/kml/shapes/placemark_circle.png</href>
            </Icon>
          </IconStyle>
        </Style>
        <Point>
          <altitudeMode>clampToGround</altitudeMode>
          <coordinates>114.145738743245601654052734375,22.27848297916352748870849609375, 754.4000244140625</coordinates>
        </Point>
      </Placemark>
      <Placemark>
        <TimeSpan>
          <begin>2026-02-15T10:23:32+08:00</begin>
          <end>2026-02-15T10:23:41+08:00</end>
        </TimeSpan>
        <Style>
          <IconStyle>
            <color>FF00FFFF</color>
            <scale>0.9</scale>
            <Icon>
              <href>http://maps.google.com/mapfiles/kml/shapes/placemark_circle.png</href>
            </Icon>
          </IconStyle>
        </Style>
        <Point>
          <altitudeMode>clampToGround</altitudeMode>
          <coordinates>114.1458170302212238311767578125,22.27848482318222522735595703125, 754.79998779296875</coordinates>
        </Point>
      </Placemark>
      <Placemark>
        <TimeSpan>
          <begin>2026-02-15T10:23:41+08:00</begin>
          <end>2026-02-15T10:23:42+08:00</end>
        </TimeSpan>
        <Style>
          <IconStyle>
            <color>FF00FFFF</color>
            <scale>0.9</scale>
            <Icon>
              <href>http://maps.google.com/mapfiles/kml/shapes/placemark_circle.png</href>
            </Icon>
          </IconStyle>
        </Style>
        <Point>
          <altitudeMode>clampToGround</altitudeMode>
          <coordinates>114.14582465775310993194580078125,22.27848448790609836578369140625, 755</coordinates>
        </Point>
      </Placemark>
      <Placemark>
        <TimeSpan>
          <begin>2026-02-15T10:23:42+08:00</begin>
          <end>2026-02-15T10:23:45+08:00</end>
        </TimeSpan>
        <Style>
          <IconStyle>
            <color>FF00FFFF</color>
            <scale>0.9</scale>
            <Icon>
              <href>http://maps.google.com/mapfiles/kml/shapes/placemark_circle.png</href>
            </Icon>
          </IconStyle>
        </Style>
        <Point>
          <altitudeMode>clampToGround</altitudeMode>
          <coordinates>114.14585131220519542694091796875,22.2784882597625255584716796875, 755</coordinates>
        </Point>
      </Placemark>
      <Placemark>
        <TimeSpan>
          <begin>2026-02-15T10:23:45+08:00</begin>
          <end>2026-02-15T10:23:47+08:00</end>
        </TimeSpan>
        <Style>
          <IconStyle>
            <color>FF00FFFF</color>
            <scale>0.9</scale>
            <Icon>
              <href>http://maps.google.com/mapfiles/kml/shapes/placemark_circle.png</href>
            </Icon>
          </IconStyle>
        </Style>
        <Point>
          <altitudeMode>clampToGround</altitudeMode>
          <coordinates>114.14587327279150485992431640625,22.27849018760025501251220703125, 755</coordinates>
        </Point>
      </Placemark>
      <Placemark>
        <TimeSpan>
          <begin>2026-02-15T10:23:47+08:00</begin>
          <end>2026-02-15T10:23:48+08:00</end>
        </TimeSpan>
        <Style>
          <IconStyle>
            <color>FF00FFFF</color>
            <scale>0.9</scale>
            <Icon>
              <href>http://maps.google.com/mapfiles/kml/shapes/placemark_circle.png</href>
            </Icon>
          </IconStyle>
        </Style>
        <Point>
          <altitudeMode>clampToGround</altitudeMode>
          <coordinates>114.14588333107531070709228515625,22.27849018760025501251220703125, 755.20001220703125</coordinates>
        </Point>
      </Placemark>
      <Placemark>
        <TimeSpan>
          <begin>2026-02-15T10:23:48+08:00</begin>
          <end>2026-02-15T10:23:50+08:00</end>
        </TimeSpan>
        <Style>
          <IconStyle>
            <color>FF00FFFF</color>
            <scale>0.9</scale>
            <Icon>
              <href>http://maps.google.com/mapfiles/kml/shapes/placemark_circle.png</href>
            </Icon>
          </IconStyle>
        </Style>
        <Point>
          <altitudeMode>clampToGround</altitudeMode>
          <coordinates>114.14590311236679553985595703125,22.2785003297030925750732421875, 755.20001220703125</coordinates>
        </Point>
      </Placemark>
      <Placemark>
        <TimeSpan>
          <begin>2026-02-15T10:23:50+08:00</begin>
          <end>2026-02-15T10:23:51+08:00</end>
        </TimeSpan>
        <Style>
          <IconStyle>
            <color>FF00FFFF</color>
            <scale>0.9</scale>
            <Icon>
              <href>http://maps.google.com/mapfiles/kml/shapes/placemark_circle.png</href>
            </Icon>
          </IconStyle>
        </Style>
        <Point>
          <altitudeMode>clampToGround</altitudeMode>
          <coordinates>114.14591032080352306365966796875,22.2785003297030925750732421875, 755.20001220703125</coordinates>
        </Point>
      </Placemark>
      <Placemark>
        <TimeSpan>
          <begin>2026-02-15T10:23:51+08:00</begin>
          <end>2026-02-15T10:23:56+08:00</end>
        </TimeSpan>
        <Style>
          <IconStyle>
            <color>FF00FFFF</color>
            <scale>0.9</scale>
            <Icon>
              <href>http://maps.google.com/mapfiles/kml/shapes/placemark_circle.png</href>
            </Icon>
          </IconStyle>
        </Style>
        <Point>
          <altitudeMode>clampToGround</altitudeMode>
          <coordinates>114.14594250731170177459716796875,22.27849555201828479766845703125, 755.4000244140625</coordinates>
        </Point>
      </Placemark>
      <Placemark>
        <TimeSpan>
          <begin>2026-02-15T10:23:56+08:00</begin>
          <end>2026-02-15T10:23:57+08:00</end>
        </TimeSpan>
        <Style>
          <IconStyle>
            <color>FF00FFFF</color>
            <scale>0.9</scale>
            <Icon>
              <href>http://maps.google.com/mapfiles/kml/shapes/placemark_circle.png</href>
            </Icon>
          </IconStyle>
        </Style>
        <Point>
          <altitudeMode>clampToGround</altitudeMode>
          <coordinates>114.14595373906195163726806640625,22.27849069051444530487060546875, 755.4000244140625</coordinates>
        </Point>
      </Placemark>
      <Placemark>
        <TimeSpan>
          <begin>2026-02-15T10:23:57+08:00</begin>
          <end>2026-02-15T10:24:05+08:00</end>
        </TimeSpan>
        <Style>
          <IconStyle>
            <color>FF00FFFF</color>
            <scale>0.9</scale>
            <Icon>
              <href>http://maps.google.com/mapfiles/kml/shapes/placemark_circle.png</href>
            </Icon>
          </IconStyle>
        </Style>
        <Point>
          <altitudeMode>clampToGround</altitudeMode>
          <coordinates>114.14603940211236476898193359375,22.2784616053104400634765625, 755.5999755859375</coordinates>
        </Point>
      </Placemark>
      <Placemark>
        <TimeSpan>
          <begin>2026-02-15T10:24:05+08:00</begin>
          <end>2026-02-15T10:24:08+08:00</end>
        </TimeSpan>
        <Style>
          <IconStyle>
            <color>FF00FFFF</color>
            <scale>0.9</scale>
            <Icon>
              <href>http://maps.google.com/mapfiles/kml/shapes/placemark_circle.png</href>
            </Icon>
          </IconStyle>
        </Style>
        <Point>
          <altitudeMode>clampToGround</altitudeMode>
          <coordinates>114.14607276208698749542236328125,22.27846772409975528717041015625, 755.5999755859375</coordinates>
        </Point>
      </Placemark>
      <Placemark>
        <TimeSpan>
          <begin>2026-02-15T10:24:08+08:00</begin>
          <end>2026-02-15T10:24:11+08:00</end>
        </TimeSpan>
        <Style>
          <IconStyle>
            <color>FF00FFFF</color>
            <scale>0.9</scale>
            <Icon>
              <href>http://maps.google.com/mapfiles/kml/shapes/placemark_circle.png</href>
            </Icon>
          </IconStyle>
        </Style>
        <Point>
          <altitudeMode>clampToGround</altitudeMode>
          <coordinates>114.1461063735187053680419921875,22.2784808836877346038818359375, 755.79998779296875</coordinates>
        </Point>
      </Placemark>
      <Placemark>
        <TimeSpan>
          <begin>2026-02-15T10:24:11+08:00</begin>
          <end>2026-02-15T10:24:12+08:00</end>
        </TimeSpan>
        <Style>
          <IconStyle>
            <color>FF00FFFF</color>
            <scale>0.9</scale>
            <Icon>
              <href>http://maps.google.com/mapfiles/kml/shapes/placemark_circle.png</href>
            </Icon>
          </IconStyle>
        </Style>
        <Point>
          <altitudeMode>clampToGround</altitudeMode>
          <coordinates>114.14611869491636753082275390625,22.27848750539124011993408203125, 755.79998779296875</coordinates>
        </Point>
      </Placemark>
      <Placemark>
        <TimeSpan>
          <begin>2026-02-15T10:24:12+08:00</begin>
          <end>2026-02-15T10:24:16+08:00</end>
        </TimeSpan>
        <Style>
          <IconStyle>
            <color>FF00FFFF</color>
            <scale>0.9</scale>
            <Icon>
              <href>http://maps.google.com/mapfiles/kml/shapes/placemark_circle.png</href>
            </Icon>
          </IconStyle>
        </Style>
        <Point>
          <altitudeMode>clampToGround</altitudeMode>
          <coordinates>114.14616747759282588958740234375,22.2785040177404880523681640625, 755.79998779296875</coordinates>
        </Point>
      </Placemark>
      <Placemark>
        <TimeSpan>
          <begin>2026-02-15T10:24:16+08:00</begin>
          <end>2026-02-15T10:24:17+08:00</end>
        </TimeSpan>
        <Style>
          <IconStyle>
            <color>FF00FFFF</color>
            <scale>0.9</scale>
            <Icon>
              <href>http://maps.google.com/mapfiles/kml/shapes/placemark_circle.png</href>
            </Icon>
          </IconStyle>
        </Style>
        <Point>
          <altitudeMode>clampToGround</altitudeMode>
          <coordinates>114.1461784578859806060791015625,22.27850854396820068359375, 755.79998779296875</coordinates>
        </Point>
      </Placemark>
      <Placemark>
        <TimeSpan>
          <begin>2026-02-15T10:24:17+08:00</begin>
          <end>2026-02-15T10:24:18+08:00</end>
        </TimeSpan>
        <Style>
          <IconStyle>
            <color>FF00FFFF</color>
            <scale>0.9</scale>
            <Icon>
              <href>http://maps.google.com/mapfiles/kml/shapes/placemark_circle.png</href>
            </Icon>
          </IconStyle>
        </Style>
        <Point>
          <altitudeMode>clampToGround</altitudeMode>
          <coordinates>114.1461891867220401763916015625,22.27851265110075473785400390625, 755.79998779296875</coordinates>
        </Point>
      </Placemark>
      <Placemark>
        <TimeSpan>
          <begin>2026-02-15T10:24:18+08:00</begin>
          <end>2026-02-15T10:24:21+08:00</end>
        </TimeSpan>
        <Style>
          <IconStyle>
            <color>FF00FFFF</color>
            <scale>0.9</scale>
            <Icon>
              <href>http://maps.google.com/mapfiles/kml/shapes/placemark_circle.png</href>
            </Icon>
          </IconStyle>
        </Style>
        <Point>
          <altitudeMode>clampToGround</altitudeMode>
          <coordinates>114.1462297551333904266357421875,22.2785187698900699615478515625, 756</coordinates>
        </Point>
      </Placemark>
      <Placemark>
        <TimeSpan>
          <begin>2026-02-15T10:24:21+08:00</begin>
          <end>2026-02-15T10:24:24+08:00</end>
        </TimeSpan>
        <Style>
          <IconStyle>
            <color>FF00FFFF</color>
            <scale>0.9</scale>
            <Icon>
              <href>http://maps.google.com/mapfiles/kml/shapes/placemark_circle.png</href>
            </Icon>
          </IconStyle>
        </Style>
        <Point>
          <altitudeMode>clampToGround</altitudeMode>
          <coordinates>114.14626940153539180755615234375,22.27853603661060333251953125, 756.20001220703125</coordinates>
        </Point>
      </Placemark>
      <Placemark>
        <TimeSpan>
          <begin>2026-02-15T10:24:24+08:00</begin>
          <end>2026-02-15T10:24:29+08:00</end>
        </TimeSpan>
        <Style>
          <IconStyle>
            <color>FF00FFFF</color>
            <scale>0.9</scale>
            <Icon>
              <href>http://maps.google.com/mapfiles/kml/shapes/placemark_circle.png</href>
            </Icon>
          </IconStyle>
        </Style>
        <Point>
          <altitudeMode>clampToGround</altitudeMode>
          <coordinates>114.1463390551507472991943359375,22.27852019481360912322998046875, 756.5999755859375</coordinates>
        </Point>
      </Placemark>
      <Placemark>
        <TimeSpan>
          <begin>2026-02-15T10:24:29+08:00</begin>
          <end>2026-02-15T10:24:30+08:00</end>
        </TimeSpan>
        <Style>
          <IconStyle>
            <color>FF00FFFF</color>
            <scale>0.9</scale>
            <Icon>
              <href>http://maps.google.com/mapfiles/kml/shapes/placemark_circle.png</href>
            </Icon>
          </IconStyle>
        </Style>
        <Point>
          <altitudeMode>clampToGround</altitudeMode>
          <coordinates>114.1463524661958217620849609375,22.27851650677621364593505859375, 756.5999755859375</coordinates>
        </Point>
      </Placemark>
      <Placemark>
        <TimeSpan>
          <begin>2026-02-15T10:24:30+08:00</begin>
          <end>2026-02-15T10:24:33+08:00</end>
        </TimeSpan>
        <Style>
          <IconStyle>
            <color>FF00FFFF</color>
            <scale>0.9</scale>
            <Icon>
              <href>http://maps.google.com/mapfiles/kml/shapes/placemark_circle.png</href>
            </Icon>
          </IconStyle>
        </Style>
        <Point>
          <altitudeMode>clampToGround</altitudeMode>
          <coordinates>114.1463814675807952880859375,22.27848633192479610443115234375, 756.79998779296875</coordinates>
        </Point>
      </Placemark>
      <Placemark>
        <TimeSpan>
          <begin>2026-02-15T10:24:33+08:00</begin>
          <end>2026-02-15T10:24:36+08:00</end>
        </TimeSpan>
        <Style>
          <IconStyle>
            <color>FF00FFFF</color>
            <scale>0.9</scale>
            <Icon>
              <href>http://maps.google.com/mapfiles/kml/shapes/placemark_circle.png</href>
            </Icon>
          </IconStyle>
        </Style>
        <Point>
          <altitudeMode>clampToGround</altitudeMode>
          <coordinates>114.1464067809283733367919921875,22.27847040630877017974853515625, 757.20001220703125</coordinates>
        </Point>
      </Placemark>
      <Placemark>
        <TimeSpan>
          <begin>2026-02-15T10:24:36+08:00</begin>
          <end>2026-02-15T10:24:39+08:00</end>
        </TimeSpan>
        <Style>
          <IconStyle>
            <color>FF00FFFF</color>
            <scale>0.9</scale>
            <Icon>
              <href>http://maps.google.com/mapfiles/kml/shapes/placemark_circle.png</href>
            </Icon>
          </IconStyle>
        </Style>
        <Point>
          <altitudeMode>clampToGround</altitudeMode>
          <coordinates>114.1464389674365520477294921875,22.27845833636820316314697265625, 757.20001220703125</coordinates>
        </Point>
      </Placemark>
      <Placemark>
        <TimeSpan>
          <begin>2026-02-15T10:24:39+08:00</begin>
          <end>2026-02-15T10:24:42+08:00</end>
        </TimeSpan>
        <Style>
          <IconStyle>
            <color>FF00FFFF</color>
            <scale>0.9</scale>
            <Icon>
              <href>http://maps.google.com/mapfiles/kml/shapes/placemark_circle.png</href>
            </Icon>
          </IconStyle>
        </Style>
        <Point>
          <altitudeMode>clampToGround</altitudeMode>
          <coordinates>114.1464657895267009735107421875,22.27844509296119213104248046875, 757.4000244140625</coordinates>
        </Point>
      </Placemark>
      <Placemark>
        <TimeSpan>
          <begin>2026-02-15T10:24:42+08:00</begin>
          <end>2026-02-15T10:24:48+08:00</end>
        </TimeSpan>
        <Style>
          <IconStyle>
            <color>FF00FFFF</color>
            <scale>0.9</scale>
            <Icon>
              <href>http://maps.google.com/mapfiles/kml/shapes/placemark_circle.png</href>
            </Icon>
          </IconStyle>
        </Style>
        <Point>
          <altitudeMode>clampToGround</altitudeMode>
          <coordinates>114.1464922763407230377197265625,22.2784000821411609649658203125, 757.5999755859375</coordinates>
        </Point>
      </Placemark>
      <Placemark>
        <TimeSpan>
          <begin>2026-02-15T10:24:48+08:00</begin>
          <end>2026-02-15T10:24:59+08:00</end>
        </TimeSpan>
        <Style>
          <IconStyle>
            <color>FF00FFFF</color>
            <scale>0.9</scale>
            <Icon>
              <href>http://maps.google.com/mapfiles/kml/shapes/placemark_circle.png</href>
            </Icon>
          </IconStyle>
        </Style>
        <Point>
          <altitudeMode>clampToGround</altitudeMode>
          <coordinates>114.146534018218517303466796875,22.27829589508473873138427734375, 758.20001220703125</coordinates>
        </Point>
      </Placemark>
      <Placemark>
        <TimeSpan>
          <begin>2026-02-15T10:24:59+08:00</begin>
          <end>2026-02-15T10:25:01+08:00</end>
        </TimeSpan>
        <Style>
          <IconStyle>
            <color>FF00FFFF</color>
            <scale>0.9</scale>
            <Icon>
              <href>http://maps.google.com/mapfiles/kml/shapes/placemark_circle.png</href>
            </Icon>
          </IconStyle>
        </Style>
        <Point>
          <altitudeMode>clampToGround</altitudeMode>
          <coordinates>114.14654986001551151275634765625,22.27828064002096652984619140625, 758.20001220703125</coordinates>
        </Point>
      </Placemark>
      <Placemark>
        <TimeSpan>
          <begin>2026-02-15T10:25:01+08:00</begin>
          <end>2026-02-15T10:25:02+08:00</end>
        </TimeSpan>
        <Style>
          <IconStyle>
            <color>FF00FFFF</color>
            <scale>0.9</scale>
            <Icon>
              <href>http://maps.google.com/mapfiles/kml/shapes/placemark_circle.png</href>
            </Icon>
          </IconStyle>
        </Style>
        <Point>
          <altitudeMode>clampToGround</altitudeMode>
          <coordinates>114.1465566493570804595947265625,22.27827426977455615997314453125, 758.20001220703125</coordinates>
        </Point>
      </Placemark>
      <Placemark>
        <TimeSpan>
          <begin>2026-02-15T10:25:02+08:00</begin>
          <end>2026-02-15T10:25:05+08:00</end>
        </TimeSpan>
        <Style>
          <IconStyle>
            <color>FF00FFFF</color>
            <scale>0.9</scale>
            <Icon>
              <href>http://maps.google.com/mapfiles/kml/shapes/placemark_circle.png</href>
            </Icon>
          </IconStyle>
        </Style>
        <Point>
          <altitudeMode>clampToGround</altitudeMode>
          <coordinates>114.1465844772756099700927734375,22.27826136164367198944091796875, 758.5999755859375</coordinates>
        </Point>
      </Placemark>
      <Placemark>
        <TimeSpan>
          <begin>2026-02-15T10:25:05+08:00</begin>
          <end>2026-02-15T10:25:06+08:00</end>
        </TimeSpan>
        <Style>
          <IconStyle>
            <color>FF00FFFF</color>
            <scale>0.9</scale>
            <Icon>
              <href>http://maps.google.com/mapfiles/kml/shapes/placemark_circle.png</href>
            </Icon>
          </IconStyle>
        </Style>
        <Point>
          <altitudeMode>clampToGround</altitudeMode>
          <coordinates>114.14659193716943264007568359375,22.27825767360627651214599609375, 758.5999755859375</coordinates>
        </Point>
      </Placemark>
      <Placemark>
        <TimeSpan>
          <begin>2026-02-15T10:25:06+08:00</begin>
          <end>2026-02-15T10:25:07+08:00</end>
        </TimeSpan>
        <Style>
          <IconStyle>
            <color>FF00FFFF</color>
            <scale>0.9</scale>
            <Icon>
              <href>http://maps.google.com/mapfiles/kml/shapes/placemark_circle.png</href>
            </Icon>
          </IconStyle>
        </Style>
        <Point>
          <altitudeMode>clampToGround</altitudeMode>
          <coordinates>114.14660451002418994903564453125,22.278252057731151580810546875, 758.5999755859375</coordinates>
        </Point>
      </Placemark>
      <Placemark>
        <TimeSpan>
          <begin>2026-02-15T10:25:07+08:00</begin>
          <end>2026-02-15T10:25:10+08:00</end>
        </TimeSpan>
        <Style>
          <IconStyle>
            <color>FF00FFFF</color>
            <scale>0.9</scale>
            <Icon>
              <href>http://maps.google.com/mapfiles/kml/shapes/placemark_circle.png</href>
            </Icon>
          </IconStyle>
        </Style>
        <Point>
          <altitudeMode>clampToGround</altitudeMode>
          <coordinates>114.14662730880081653594970703125,22.27823185734450817108154296875, 758.79998779296875</coordinates>
        </Point>
      </Placemark>
      <Placemark>
        <TimeSpan>
          <begin>2026-02-15T10:25:10+08:00</begin>
          <end>2026-02-15T10:25:13+08:00</end>
        </TimeSpan>
        <Style>
          <IconStyle>
            <color>FF00FFFF</color>
            <scale>0.9</scale>
            <Icon>
              <href>http://maps.google.com/mapfiles/kml/shapes/placemark_circle.png</href>
            </Icon>
          </IconStyle>
        </Style>
        <Point>
          <altitudeMode>clampToGround</altitudeMode>
          <coordinates>114.14666335098445415496826171875,22.27821626700460910797119140625, 758.79998779296875</coordinates>
        </Point>
      </Placemark>
      <Placemark>
        <TimeSpan>
          <begin>2026-02-15T10:25:13+08:00</begin>
          <end>2026-02-15T10:25:14+08:00</end>
        </TimeSpan>
        <Style>
          <IconStyle>
            <color>FF00FFFF</color>
            <scale>0.9</scale>
            <Icon>
              <href>http://maps.google.com/mapfiles/kml/shapes/placemark_circle.png</href>
            </Icon>
          </IconStyle>
        </Style>
        <Point>
          <altitudeMode>clampToGround</altitudeMode>
          <coordinates>114.1466753371059894561767578125,22.27821174077689647674560546875, 758.79998779296875</coordinates>
        </Point>
      </Placemark>
      <Placemark>
        <TimeSpan>
          <begin>2026-02-15T10:25:14+08:00</begin>
          <end>2026-02-15T10:25:15+08:00</end>
        </TimeSpan>
        <Style>
          <IconStyle>
            <color>FF00FFFF</color>
            <scale>0.9</scale>
            <Icon>
              <href>http://maps.google.com/mapfiles/kml/shapes/placemark_circle.png</href>
            </Icon>
          </IconStyle>
        </Style>
        <Point>
          <altitudeMode>clampToGround</altitudeMode>
          <coordinates>114.146686904132366180419921875,22.27820612490177154541015625, 758.79998779296875</coordinates>
        </Point>
      </Placemark>
      <Placemark>
        <TimeSpan>
          <begin>2026-02-15T10:25:15+08:00</begin>
          <end>2026-02-15T10:25:17+08:00</end>
        </TimeSpan>
        <Style>
          <IconStyle>
            <color>FF00FFFF</color>
            <scale>0.9</scale>
            <Icon>
              <href>http://maps.google.com/mapfiles/kml/shapes/placemark_circle.png</href>
            </Icon>
          </IconStyle>
        </Style>
        <Point>
          <altitudeMode>clampToGround</altitudeMode>
          <coordinates>114.14669704623520374298095703125,22.27819145657122135162353515625, 759</coordinates>
        </Point>
      </Placemark>
      <Placemark>
        <TimeSpan>
          <begin>2026-02-15T10:25:17+08:00</begin>
          <end>2026-02-15T10:25:20+08:00</end>
        </TimeSpan>
        <Style>
          <IconStyle>
            <color>FF00FFFF</color>
            <scale>0.9</scale>
            <Icon>
              <href>http://maps.google.com/mapfiles/kml/shapes/placemark_circle.png</href>
            </Icon>
          </IconStyle>
        </Style>
        <Point>
          <altitudeMode>clampToGround</altitudeMode>
          <coordinates>114.14673191495239734649658203125,22.27817988954484462738037109375, 759.20001220703125</coordinates>
        </Point>
      </Placemark>
      <Placemark>
        <TimeSpan>
          <begin>2026-02-15T10:25:20+08:00</begin>
          <end>2026-02-15T10:25:21+08:00</end>
        </TimeSpan>
        <Style>
          <IconStyle>
            <color>FF00FFFF</color>
            <scale>0.9</scale>
            <Icon>
              <href>http://maps.google.com/mapfiles/kml/shapes/placemark_circle.png</href>
            </Icon>
          </IconStyle>
        </Style>
        <Point>
          <altitudeMode>clampToGround</altitudeMode>
          <coordinates>114.14673744700849056243896484375,22.27817930281162261962890625, 759.4000244140625</coordinates>
        </Point>
      </Placemark>
      <Placemark>
        <TimeSpan>
          <begin>2026-02-15T10:25:21+08:00</begin>
          <end>2026-02-15T10:25:23+08:00</end>
        </TimeSpan>
        <Style>
          <IconStyle>
            <color>FF00FFFF</color>
            <scale>0.9</scale>
            <Icon>
              <href>http://maps.google.com/mapfiles/kml/shapes/placemark_circle.png</href>
            </Icon>
          </IconStyle>
        </Style>
        <Point>
          <altitudeMode>clampToGround</altitudeMode>
          <coordinates>114.1467417217791080474853515625,22.27818022482097148895263671875, 759.4000244140625</coordinates>
        </Point>
      </Placemark>
      <Placemark>
        <TimeSpan>
          <begin>2026-02-15T10:25:23+08:00</begin>
          <end>2026-02-15T10:25:25+08:00</end>
        </TimeSpan>
        <Style>
          <IconStyle>
            <color>FF00FFFF</color>
            <scale>0.9</scale>
            <Icon>
              <href>http://maps.google.com/mapfiles/kml/shapes/placemark_circle.png</href>
            </Icon>
          </IconStyle>
        </Style>
        <Point>
          <altitudeMode>clampToGround</altitudeMode>
          <coordinates>114.14674867875874042510986328125,22.27818039245903491973876953125, 759.5999755859375</coordinates>
        </Point>
      </Placemark>
      <Placemark>
        <TimeSpan>
          <begin>2026-02-15T10:25:25+08:00</begin>
          <end>2026-02-15T10:25:26+08:00</end>
        </TimeSpan>
        <Style>
          <IconStyle>
            <color>FF00FFFF</color>
            <scale>0.9</scale>
            <Icon>
              <href>http://maps.google.com/mapfiles/kml/shapes/placemark_circle.png</href>
            </Icon>
          </IconStyle>
        </Style>
        <Point>
          <altitudeMode>clampToGround</altitudeMode>
          <coordinates>114.14674951694905757904052734375,22.27817988954484462738037109375, 759.5999755859375</coordinates>
        </Point>
      </Placemark>
      <Placemark>
        <TimeSpan>
          <begin>2026-02-15T10:25:26+08:00</begin>
          <end>2026-02-15T10:25:32+08:00</end>
        </TimeSpan>
        <Style>
          <IconStyle>
            <color>FF00FFFF</color>
            <scale>0.9</scale>
            <Icon>
              <href>http://maps.google.com/mapfiles/kml/shapes/placemark_circle.png</href>
            </Icon>
          </IconStyle>
        </Style>
        <Point>
          <altitudeMode>clampToGround</altitudeMode>
          <coordinates>114.146768040955066680908203125,22.2781479544937610626220703125, 759.5999755859375</coordinates>
        </Point>
      </Placemark>
      <Placemark>
        <TimeSpan>
          <begin>2026-02-15T10:25:32+08:00</begin>
          <end>2026-02-15T10:25:41+08:00</end>
        </TimeSpan>
        <Style>
          <IconStyle>
            <color>FF00FFFF</color>
            <scale>0.9</scale>
            <Icon>
              <href>http://maps.google.com/mapfiles/kml/shapes/placemark_circle.png</href>
            </Icon>
          </IconStyle>
        </Style>
        <Point>
          <altitudeMode>clampToGround</altitudeMode>
          <coordinates>114.1468077711760997772216796875,22.27804929949343204498291015625, 760.4000244140625</coordinates>
        </Point>
      </Placemark>
      <Placemark>
        <TimeSpan>
          <begin>2026-02-15T10:25:41+08:00</begin>
          <end>2026-02-15T10:25:49+08:00</end>
        </TimeSpan>
        <Style>
          <IconStyle>
            <color>FF00FFFF</color>
            <scale>0.9</scale>
            <Icon>
              <href>http://maps.google.com/mapfiles/kml/shapes/placemark_circle.png</href>
            </Icon>
          </IconStyle>
        </Style>
        <Point>
          <altitudeMode>clampToGround</altitudeMode>
          <coordinates>114.14681187830865383148193359375,22.27793899364769458770751953125, 761</coordinates>
        </Point>
      </Placemark>
      <Placemark>
        <TimeSpan>
          <begin>2026-02-15T10:25:49+08:00</begin>
          <end>2026-02-15T10:25:53+08:00</end>
        </TimeSpan>
        <Style>
          <IconStyle>
            <color>FF00FFFF</color>
            <scale>0.9</scale>
            <Icon>
              <href>http://maps.google.com/mapfiles/kml/shapes/placemark_circle.png</href>
            </Icon>
          </IconStyle>
        </Style>
        <Point>
          <altitudeMode>clampToGround</altitudeMode>
          <coordinates>114.1468428075313568115234375,22.2779112495481967926025390625, 761</coordinates>
        </Point>
      </Placemark>
      <Placemark>
        <TimeSpan>
          <begin>2026-02-15T10:25:53+08:00</begin>
          <end>2026-02-15T10:25:56+08:00</end>
        </TimeSpan>
        <Style>
          <IconStyle>
            <color>FF00FFFF</color>
            <scale>0.9</scale>
            <Icon>
              <href>http://maps.google.com/mapfiles/kml/shapes/placemark_circle.png</href>
            </Icon>
          </IconStyle>
        </Style>
        <Point>
          <altitudeMode>clampToGround</altitudeMode>
          <coordinates>114.1468771733343601226806640625,22.2779021970927715301513671875, 760.79998779296875</coordinates>
        </Point>
      </Placemark>
      <Placemark>
        <TimeSpan>
          <begin>2026-02-15T10:25:56+08:00</begin>
          <end>2026-02-15T10:26:00+08:00</end>
        </TimeSpan>
        <Style>
          <IconStyle>
            <color>FF00FFFF</color>
            <scale>0.9</scale>
            <Icon>
              <href>http://maps.google.com/mapfiles/kml/shapes/placemark_circle.png</href>
            </Icon>
          </IconStyle>
        </Style>
        <Point>
          <altitudeMode>clampToGround</altitudeMode>
          <coordinates>114.1469291411340236663818359375,22.27787679992616176605224609375, 761.4000244140625</coordinates>
        </Point>
      </Placemark>
      <Placemark>
        <TimeSpan>
          <begin>2026-02-15T10:26:00+08:00</begin>
          <end>2026-02-15T10:26:01+08:00</end>
        </TimeSpan>
        <Style>
          <IconStyle>
            <color>FF00FFFF</color>
            <scale>0.9</scale>
            <Icon>
              <href>http://maps.google.com/mapfiles/kml/shapes/placemark_circle.png</href>
            </Icon>
          </IconStyle>
        </Style>
        <Point>
          <altitudeMode>clampToGround</altitudeMode>
          <coordinates>114.14694515056908130645751953125,22.27787009440362453460693359375, 761.5999755859375</coordinates>
        </Point>
      </Placemark>
      <Placemark>
        <TimeSpan>
          <begin>2026-02-15T10:26:01+08:00</begin>
          <end>2026-02-15T10:26:03+08:00</end>
        </TimeSpan>
        <Style>
          <IconStyle>
            <color>FF00FFFF</color>
            <scale>0.9</scale>
            <Icon>
              <href>http://maps.google.com/mapfiles/kml/shapes/placemark_circle.png</href>
            </Icon>
          </IconStyle>
        </Style>
        <Point>
          <altitudeMode>clampToGround</altitudeMode>
          <coordinates>114.14697649888694286346435546875,22.27786355651915073394775390625, 761.5999755859375</coordinates>
        </Point>
      </Placemark>
      <Placemark>
        <TimeSpan>
          <begin>2026-02-15T10:26:03+08:00</begin>
          <end>2026-02-15T10:26:06+08:00</end>
        </TimeSpan>
        <Style>
          <IconStyle>
            <color>FF00FFFF</color>
            <scale>0.9</scale>
            <Icon>
              <href>http://maps.google.com/mapfiles/kml/shapes/placemark_circle.png</href>
            </Icon>
          </IconStyle>
        </Style>
        <Point>
          <altitudeMode>clampToGround</altitudeMode>
          <coordinates>114.1470086015760898590087890625,22.277855761349201202392578125, 761.5999755859375</coordinates>
        </Point>
      </Placemark>
      <Placemark>
        <TimeSpan>
          <begin>2026-02-15T10:26:06+08:00</begin>
          <end>2026-02-15T10:26:07+08:00</end>
        </TimeSpan>
        <Style>
          <IconStyle>
            <color>FF00FFFF</color>
            <scale>0.9</scale>
            <Icon>
              <href>http://maps.google.com/mapfiles/kml/shapes/placemark_circle.png</href>
            </Icon>
          </IconStyle>
        </Style>
        <Point>
          <altitudeMode>clampToGround</altitudeMode>
          <coordinates>114.1470166482031345367431640625,22.27785450406372547149658203125, 761.5999755859375</coordinates>
        </Point>
      </Placemark>
      <Placemark>
        <TimeSpan>
          <begin>2026-02-15T10:26:07+08:00</begin>
          <end>2026-02-15T10:26:11+08:00</end>
        </TimeSpan>
        <Style>
          <IconStyle>
            <color>FF00FFFF</color>
            <scale>0.9</scale>
            <Icon>
              <href>http://maps.google.com/mapfiles/kml/shapes/placemark_circle.png</href>
            </Icon>
          </IconStyle>
        </Style>
        <Point>
          <altitudeMode>clampToGround</altitudeMode>
          <coordinates>114.14704875089228153228759765625,22.2778539173305034637451171875, 762</coordinates>
        </Point>
      </Placemark>
      <Placemark>
        <TimeSpan>
          <begin>2026-02-15T10:26:11+08:00</begin>
          <end>2026-02-15T10:26:14+08:00</end>
        </TimeSpan>
        <Style>
          <IconStyle>
            <color>FF00FFFF</color>
            <scale>0.9</scale>
            <Icon>
              <href>http://maps.google.com/mapfiles/kml/shapes/placemark_circle.png</href>
            </Icon>
          </IconStyle>
        </Style>
        <Point>
          <altitudeMode>clampToGround</altitudeMode>
          <coordinates>114.14708890020847320556640625,22.2778554260730743408203125, 762</coordinates>
        </Point>
      </Placemark>
      <Placemark>
        <TimeSpan>
          <begin>2026-02-15T10:26:14+08:00</begin>
          <end>2026-02-15T10:26:19+08:00</end>
        </TimeSpan>
        <Style>
          <IconStyle>
            <color>FF00FFFF</color>
            <scale>0.9</scale>
            <Icon>
              <href>http://maps.google.com/mapfiles/kml/shapes/placemark_circle.png</href>
            </Icon>
          </IconStyle>
        </Style>
        <Point>
          <altitudeMode>clampToGround</altitudeMode>
          <coordinates>114.14715184830129146575927734375,22.277857102453708648681640625, 762.5999755859375</coordinates>
        </Point>
      </Placemark>
      <Placemark>
        <TimeSpan>
          <begin>2026-02-15T10:26:19+08:00</begin>
          <end>2026-02-15T10:26:22+08:00</end>
        </TimeSpan>
        <Style>
          <IconStyle>
            <color>FF00FFFF</color>
            <scale>0.9</scale>
            <Icon>
              <href>http://maps.google.com/mapfiles/kml/shapes/placemark_circle.png</href>
            </Icon>
          </IconStyle>
        </Style>
        <Point>
          <altitudeMode>clampToGround</altitudeMode>
          <coordinates>114.14719124324619770050048828125,22.277865149080753326416015625, 762.5999755859375</coordinates>
        </Point>
      </Placemark>
      <Placemark>
        <TimeSpan>
          <begin>2026-02-15T10:26:22+08:00</begin>
          <end>2026-02-15T10:26:23+08:00</end>
        </TimeSpan>
        <Style>
          <IconStyle>
            <color>FF00FFFF</color>
            <scale>0.9</scale>
            <Icon>
              <href>http://maps.google.com/mapfiles/kml/shapes/placemark_circle.png</href>
            </Icon>
          </IconStyle>
        </Style>
        <Point>
          <altitudeMode>clampToGround</altitudeMode>
          <coordinates>114.14719476364552974700927734375,22.277867496013641357421875, 762.5999755859375</coordinates>
        </Point>
      </Placemark>
      <Placemark>
        <TimeSpan>
          <begin>2026-02-15T10:26:23+08:00</begin>
          <end>2026-02-15T10:26:24+08:00</end>
        </TimeSpan>
        <Style>
          <IconStyle>
            <color>FF00FFFF</color>
            <scale>0.9</scale>
            <Icon>
              <href>http://maps.google.com/mapfiles/kml/shapes/placemark_circle.png</href>
            </Icon>
          </IconStyle>
        </Style>
        <Point>
          <altitudeMode>clampToGround</altitudeMode>
          <coordinates>114.14720599539577960968017578125,22.27786414325237274169921875, 762.5999755859375</coordinates>
        </Point>
      </Placemark>
      <Placemark>
        <TimeSpan>
          <begin>2026-02-15T10:26:24+08:00</begin>
          <end>2026-02-15T10:26:27+08:00</end>
        </TimeSpan>
        <Style>
          <IconStyle>
            <color>FF00FFFF</color>
            <scale>0.9</scale>
            <Icon>
              <href>http://maps.google.com/mapfiles/kml/shapes/placemark_circle.png</href>
            </Icon>
          </IconStyle>
        </Style>
        <Point>
          <altitudeMode>clampToGround</altitudeMode>
          <coordinates>114.1472382657229900360107421875,22.27785266004502773284912109375, 762.5999755859375</coordinates>
        </Point>
      </Placemark>
      <Placemark>
        <TimeSpan>
          <begin>2026-02-15T10:26:27+08:00</begin>
          <end>2026-02-15T10:26:28+08:00</end>
        </TimeSpan>
        <Style>
          <IconStyle>
            <color>FF00FFFF</color>
            <scale>0.9</scale>
            <Icon>
              <href>http://maps.google.com/mapfiles/kml/shapes/placemark_circle.png</href>
            </Icon>
          </IconStyle>
        </Style>
        <Point>
          <altitudeMode>clampToGround</altitudeMode>
          <coordinates>114.14724958129227161407470703125,22.27784804999828338623046875, 762.79998779296875</coordinates>
        </Point>
      </Placemark>
      <Placemark>
        <TimeSpan>
          <begin>2026-02-15T10:26:28+08:00</begin>
          <end>2026-02-15T10:26:30+08:00</end>
        </TimeSpan>
        <Style>
          <IconStyle>
            <color>FF00FFFF</color>
            <scale>0.9</scale>
            <Icon>
              <href>http://maps.google.com/mapfiles/kml/shapes/placemark_circle.png</href>
            </Icon>
          </IconStyle>
        </Style>
        <Point>
          <altitudeMode>clampToGround</altitudeMode>
          <coordinates>114.147272296249866485595703125,22.2778374888002872467041015625, 762.79998779296875</coordinates>
        </Point>
      </Placemark>
      <Placemark>
        <TimeSpan>
          <begin>2026-02-15T10:26:30+08:00</begin>
          <end>2026-02-15T10:26:34+08:00</end>
        </TimeSpan>
        <Style>
          <IconStyle>
            <color>FF00FFFF</color>
            <scale>0.9</scale>
            <Icon>
              <href>http://maps.google.com/mapfiles/kml/shapes/placemark_circle.png</href>
            </Icon>
          </IconStyle>
        </Style>
        <Point>
          <altitudeMode>clampToGround</altitudeMode>
          <coordinates>114.1473207436501979827880859375,22.277830950915813446044921875, 763.20001220703125</coordinates>
        </Point>
      </Placemark>
      <Placemark>
        <TimeSpan>
          <begin>2026-02-15T10:26:34+08:00</begin>
          <end>2026-02-15T10:26:41+08:00</end>
        </TimeSpan>
        <Style>
          <IconStyle>
            <color>FF00FFFF</color>
            <scale>0.9</scale>
            <Icon>
              <href>http://maps.google.com/mapfiles/kml/shapes/placemark_circle.png</href>
            </Icon>
          </IconStyle>
        </Style>
        <Point>
          <altitudeMode>clampToGround</altitudeMode>
          <coordinates>114.1473867930471897125244140625,22.277788035571575164794921875, 763</coordinates>
        </Point>
      </Placemark>
      <Placemark>
        <TimeSpan>
          <begin>2026-02-15T10:26:41+08:00</begin>
          <end>2026-02-15T10:26:48+08:00</end>
        </TimeSpan>
        <Style>
          <IconStyle>
            <color>FF00FFFF</color>
            <scale>0.9</scale>
            <Icon>
              <href>http://maps.google.com/mapfiles/kml/shapes/placemark_circle.png</href>
            </Icon>
          </IconStyle>
        </Style>
        <Point>
          <altitudeMode>clampToGround</altitudeMode>
          <coordinates>114.1474206559360027313232421875,22.27771620266139507293701171875, 763</coordinates>
        </Point>
      </Placemark>
      <Placemark>
        <TimeSpan>
          <begin>2026-02-15T10:26:48+08:00</begin>
          <end>2026-02-15T10:26:54+08:00</end>
        </TimeSpan>
        <Style>
          <IconStyle>
            <color>FF00FFFF</color>
            <scale>0.9</scale>
            <Icon>
              <href>http://maps.google.com/mapfiles/kml/shapes/placemark_circle.png</href>
            </Icon>
          </IconStyle>
        </Style>
        <Point>
          <altitudeMode>clampToGround</altitudeMode>
          <coordinates>114.147434234619140625,22.2776638157665729522705078125, 763.4000244140625</coordinates>
        </Point>
      </Placemark>
      <Placemark>
        <TimeSpan>
          <begin>2026-02-15T10:26:54+08:00</begin>
          <end>2026-02-15T10:26:55+08:00</end>
        </TimeSpan>
        <Style>
          <IconStyle>
            <color>FF00FFFF</color>
            <scale>0.9</scale>
            <Icon>
              <href>http://maps.google.com/mapfiles/kml/shapes/placemark_circle.png</href>
            </Icon>
          </IconStyle>
        </Style>
        <Point>
          <altitudeMode>clampToGround</altitudeMode>
          <coordinates>114.14744018577039241790771484375,22.27765618823468685150146484375, 763.4000244140625</coordinates>
        </Point>
      </Placemark>
      <Placemark>
        <TimeSpan>
          <begin>2026-02-15T10:26:55+08:00</begin>
          <end>2026-02-15T10:27:00+08:00</end>
        </TimeSpan>
        <Style>
          <IconStyle>
            <color>FF00FFFF</color>
            <scale>0.9</scale>
            <Icon>
              <href>http://maps.google.com/mapfiles/kml/shapes/placemark_circle.png</href>
            </Icon>
          </IconStyle>
        </Style>
        <Point>
          <altitudeMode>clampToGround</altitudeMode>
          <coordinates>114.14750053547322750091552734375,22.2776366584002971649169921875, 763</coordinates>
        </Point>
      </Placemark>
      <Placemark>
        <TimeSpan>
          <begin>2026-02-15T10:27:00+08:00</begin>
          <end>2026-02-15T10:27:02+08:00</end>
        </TimeSpan>
        <Style>
          <IconStyle>
            <color>FF00FFFF</color>
            <scale>0.9</scale>
            <Icon>
              <href>http://maps.google.com/mapfiles/kml/shapes/placemark_circle.png</href>
            </Icon>
          </IconStyle>
        </Style>
        <Point>
          <altitudeMode>clampToGround</altitudeMode>
          <coordinates>114.1475214064121246337890625,22.2776266001164913177490234375, 763</coordinates>
        </Point>
      </Placemark>
      <Placemark>
        <TimeSpan>
          <begin>2026-02-15T10:27:02+08:00</begin>
          <end>2026-02-15T10:27:04+08:00</end>
        </TimeSpan>
        <Style>
          <IconStyle>
            <color>FF00FFFF</color>
            <scale>0.9</scale>
            <Icon>
              <href>http://maps.google.com/mapfiles/kml/shapes/placemark_circle.png</href>
            </Icon>
          </IconStyle>
        </Style>
        <Point>
          <altitudeMode>clampToGround</altitudeMode>
          <coordinates>114.1475470550358295440673828125,22.2776279412209987640380859375, 763</coordinates>
        </Point>
      </Placemark>
      <Placemark>
        <TimeSpan>
          <begin>2026-02-15T10:27:04+08:00</begin>
          <end>2026-02-15T10:27:05+08:00</end>
        </TimeSpan>
        <Style>
          <IconStyle>
            <color>FF00FFFF</color>
            <scale>0.9</scale>
            <Icon>
              <href>http://maps.google.com/mapfiles/kml/shapes/placemark_circle.png</href>
            </Icon>
          </IconStyle>
        </Style>
        <Point>
          <altitudeMode>clampToGround</altitudeMode>
          <coordinates>114.14755937643349170684814453125,22.2776242531836032867431640625, 764.5999755859375</coordinates>
        </Point>
      </Placemark>
      <Placemark>
        <TimeSpan>
          <begin>2026-02-15T10:27:05+08:00</begin>
          <end>2026-02-15T10:27:07+08:00</end>
        </TimeSpan>
        <Style>
          <IconStyle>
            <color>FF00FFFF</color>
            <scale>0.9</scale>
            <Icon>
              <href>http://maps.google.com/mapfiles/kml/shapes/placemark_circle.png</href>
            </Icon>
          </IconStyle>
        </Style>
        <Point>
          <altitudeMode>clampToGround</altitudeMode>
          <coordinates>114.14758921600878238677978515625,22.2776135243475437164306640625, 764.5999755859375</coordinates>
        </Point>
      </Placemark>
      <Placemark>
        <TimeSpan>
          <begin>2026-02-15T10:27:07+08:00</begin>
          <end>2026-02-15T10:27:08+08:00</end>
        </TimeSpan>
        <Style>
          <IconStyle>
            <color>FF00FFFF</color>
            <scale>0.9</scale>
            <Icon>
              <href>http://maps.google.com/mapfiles/kml/shapes/placemark_circle.png</href>
            </Icon>
          </IconStyle>
        </Style>
        <Point>
          <altitudeMode>clampToGround</altitudeMode>
          <coordinates>114.14761461317539215087890625,22.277606315910816192626953125, 764.5999755859375</coordinates>
        </Point>
      </Placemark>
      <Placemark>
        <TimeSpan>
          <begin>2026-02-15T10:27:08+08:00</begin>
          <end>2026-02-15T10:27:09+08:00</end>
        </TimeSpan>
        <Style>
          <IconStyle>
            <color>FF00FFFF</color>
            <scale>0.9</scale>
            <Icon>
              <href>http://maps.google.com/mapfiles/kml/shapes/placemark_circle.png</href>
            </Icon>
          </IconStyle>
        </Style>
        <Point>
          <altitudeMode>clampToGround</altitudeMode>
          <coordinates>114.147624671459197998046875,22.27760103531181812286376953125, 764.5999755859375</coordinates>
        </Point>
      </Placemark>
      <Placemark>
        <TimeSpan>
          <begin>2026-02-15T10:27:09+08:00</begin>
          <end>2026-02-15T10:27:10+08:00</end>
        </TimeSpan>
        <Style>
          <IconStyle>
            <color>FF00FFFF</color>
            <scale>0.9</scale>
            <Icon>
              <href>http://maps.google.com/mapfiles/kml/shapes/placemark_circle.png</href>
            </Icon>
          </IconStyle>
        </Style>
        <Point>
          <altitudeMode>clampToGround</altitudeMode>
          <coordinates>114.1476340591907501220703125,22.27760153822600841522216796875, 764.5999755859375</coordinates>
        </Point>
      </Placemark>
      <Placemark>
        <TimeSpan>
          <begin>2026-02-15T10:27:10+08:00</begin>
          <end>2026-02-15T10:27:13+08:00</end>
        </TimeSpan>
        <Style>
          <IconStyle>
            <color>FF00FFFF</color>
            <scale>0.9</scale>
            <Icon>
              <href>http://maps.google.com/mapfiles/kml/shapes/placemark_circle.png</href>
            </Icon>
          </IconStyle>
        </Style>
        <Point>
          <altitudeMode>clampToGround</altitudeMode>
          <coordinates>114.14766632951796054840087890625,22.277586869895458221435546875, 765</coordinates>
        </Point>
      </Placemark>
      <Placemark>
        <TimeSpan>
          <begin>2026-02-15T10:27:13+08:00</begin>
          <end>2026-02-15T10:27:15+08:00</end>
        </TimeSpan>
        <Style>
          <IconStyle>
            <color>FF00FFFF</color>
            <scale>0.9</scale>
            <Icon>
              <href>http://maps.google.com/mapfiles/kml/shapes/placemark_circle.png</href>
            </Icon>
          </IconStyle>
        </Style>
        <Point>
          <altitudeMode>clampToGround</altitudeMode>
          <coordinates>114.147682674229145050048828125,22.27757438085973262786865234375, 765</coordinates>
        </Point>
      </Placemark>
      <Placemark>
        <TimeSpan>
          <begin>2026-02-15T10:27:15+08:00</begin>
          <end>2026-02-15T10:27:21+08:00</end>
        </TimeSpan>
        <Style>
          <IconStyle>
            <color>FF00FFFF</color>
            <scale>0.9</scale>
            <Icon>
              <href>http://maps.google.com/mapfiles/kml/shapes/placemark_circle.png</href>
            </Icon>
          </IconStyle>
        </Style>
        <Point>
          <altitudeMode>clampToGround</altitudeMode>
          <coordinates>114.1477455385029315948486328125,22.27752325125038623809814453125, 764.5999755859375</coordinates>
        </Point>
      </Placemark>
      <Placemark>
        <TimeSpan>
          <begin>2026-02-15T10:27:21+08:00</begin>
          <end>2026-02-15T10:27:29+08:00</end>
        </TimeSpan>
        <Style>
          <IconStyle>
            <color>FF00FFFF</color>
            <scale>0.9</scale>
            <Icon>
              <href>http://maps.google.com/mapfiles/kml/shapes/placemark_circle.png</href>
            </Icon>
          </IconStyle>
        </Style>
        <Point>
          <altitudeMode>clampToGround</altitudeMode>
          <coordinates>114.1478270106017589569091796875,22.277448065578937530517578125, 764.20001220703125</coordinates>
        </Point>
      </Placemark>
      <Placemark>
        <TimeSpan>
          <begin>2026-02-15T10:27:29+08:00</begin>
          <end>2026-02-15T10:27:38+08:00</end>
        </TimeSpan>
        <Style>
          <IconStyle>
            <color>FF00FFFF</color>
            <scale>0.9</scale>
            <Icon>
              <href>http://maps.google.com/mapfiles/kml/shapes/placemark_circle.png</href>
            </Icon>
          </IconStyle>
        </Style>
        <Point>
          <altitudeMode>clampToGround</altitudeMode>
          <coordinates>114.1479076445102691650390625,22.27735846303403377532958984375, 763.5999755859375</coordinates>
        </Point>
      </Placemark>
      <Placemark>
        <TimeSpan>
          <begin>2026-02-15T10:27:38+08:00</begin>
          <end>2026-02-15T10:27:39+08:00</end>
        </TimeSpan>
        <Style>
          <IconStyle>
            <color>FF00FFFF</color>
            <scale>0.9</scale>
            <Icon>
              <href>http://maps.google.com/mapfiles/kml/shapes/placemark_circle.png</href>
            </Icon>
          </IconStyle>
        </Style>
        <Point>
          <altitudeMode>clampToGround</altitudeMode>
          <coordinates>114.14791409857571125030517578125,22.27734773419797420501708984375, 763.5999755859375</coordinates>
        </Point>
      </Placemark>
      <Placemark>
        <TimeSpan>
          <begin>2026-02-15T10:27:39+08:00</begin>
          <end>2026-02-15T10:27:46+08:00</end>
        </TimeSpan>
        <Style>
          <IconStyle>
            <color>FF00FFFF</color>
            <scale>0.9</scale>
            <Icon>
              <href>http://maps.google.com/mapfiles/kml/shapes/placemark_circle.png</href>
            </Icon>
          </IconStyle>
        </Style>
        <Point>
          <altitudeMode>clampToGround</altitudeMode>
          <coordinates>114.1479718498885631561279296875,22.277282774448394775390625, 762.79998779296875</coordinates>
        </Point>
      </Placemark>
      <Placemark>
        <TimeSpan>
          <begin>2026-02-15T10:27:46+08:00</begin>
          <end>2026-02-15T10:27:53+08:00</end>
        </TimeSpan>
        <Style>
          <IconStyle>
            <color>FF00FFFF</color>
            <scale>0.9</scale>
            <Icon>
              <href>http://maps.google.com/mapfiles/kml/shapes/placemark_circle.png</href>
            </Icon>
          </IconStyle>
        </Style>
        <Point>
          <altitudeMode>clampToGround</altitudeMode>
          <coordinates>114.148003868758678436279296875,22.27719820104539394378662109375, 762.5999755859375</coordinates>
        </Point>
      </Placemark>
      <Placemark>
        <TimeSpan>
          <begin>2026-02-15T10:27:53+08:00</begin>
          <end>2026-02-15T10:27:55+08:00</end>
        </TimeSpan>
        <Style>
          <IconStyle>
            <color>FF00FFFF</color>
            <scale>0.9</scale>
            <Icon>
              <href>http://maps.google.com/mapfiles/kml/shapes/placemark_circle.png</href>
            </Icon>
          </IconStyle>
        </Style>
        <Point>
          <altitudeMode>clampToGround</altitudeMode>
          <coordinates>114.14800889790058135986328125,22.2771773301064968109130859375, 762.4000244140625</coordinates>
        </Point>
      </Placemark>
      <Placemark>
        <TimeSpan>
          <begin>2026-02-15T10:27:55+08:00</begin>
          <end>2026-02-15T10:27:57+08:00</end>
        </TimeSpan>
        <Style>
          <IconStyle>
            <color>FF00FFFF</color>
            <scale>0.9</scale>
            <Icon>
              <href>http://maps.google.com/mapfiles/kml/shapes/placemark_circle.png</href>
            </Icon>
          </IconStyle>
        </Style>
        <Point>
          <altitudeMode>clampToGround</altitudeMode>
          <coordinates>114.14801082573831081390380859375,22.27716316469013690948486328125, 762</coordinates>
        </Point>
      </Placemark>
      <Placemark>
        <TimeSpan>
          <begin>2026-02-15T10:27:57+08:00</begin>
          <end>2026-02-15T10:27:59+08:00</end>
        </TimeSpan>
        <Style>
          <IconStyle>
            <color>FF00FFFF</color>
            <scale>0.9</scale>
            <Icon>
              <href>http://maps.google.com/mapfiles/kml/shapes/placemark_circle.png</href>
            </Icon>
          </IconStyle>
        </Style>
        <Point>
          <altitudeMode>clampToGround</altitudeMode>
          <coordinates>114.1480040363967418670654296875,22.2771545313298702239990234375, 761.79998779296875</coordinates>
        </Point>
      </Placemark>
      <Placemark>
        <TimeSpan>
          <begin>2026-02-15T10:27:59+08:00</begin>
          <end>2026-02-15T10:28:03+08:00</end>
        </TimeSpan>
        <Style>
          <IconStyle>
            <color>FF00FFFF</color>
            <scale>0.9</scale>
            <Icon>
              <href>http://maps.google.com/mapfiles/kml/shapes/placemark_circle.png</href>
            </Icon>
          </IconStyle>
        </Style>
        <Point>
          <altitudeMode>clampToGround</altitudeMode>
          <coordinates>114.1479842551052570343017578125,22.27713097818195819854736328125, 761.4000244140625</coordinates>
        </Point>
      </Placemark>
      <Placemark>
        <TimeSpan>
          <begin>2026-02-15T10:28:03+08:00</begin>
          <end>2026-02-15T10:28:04+08:00</end>
        </TimeSpan>
        <Style>
          <IconStyle>
            <color>FF00FFFF</color>
            <scale>0.9</scale>
            <Icon>
              <href>http://maps.google.com/mapfiles/kml/shapes/placemark_circle.png</href>
            </Icon>
          </IconStyle>
        </Style>
        <Point>
          <altitudeMode>clampToGround</altitudeMode>
          <coordinates>114.14797444827854633331298828125,22.2771263681352138519287109375, 761.4000244140625</coordinates>
        </Point>
      </Placemark>
      <Placemark>
        <TimeSpan>
          <begin>2026-02-15T10:28:04+08:00</begin>
          <end>2026-02-15T10:28:06+08:00</end>
        </TimeSpan>
        <Style>
          <IconStyle>
            <color>FF00FFFF</color>
            <scale>0.9</scale>
            <Icon>
              <href>http://maps.google.com/mapfiles/kml/shapes/placemark_circle.png</href>
            </Icon>
          </IconStyle>
        </Style>
        <Point>
          <altitudeMode>clampToGround</altitudeMode>
          <coordinates>114.14798081852495670318603515625,22.277114130556583404541015625, 761.20001220703125</coordinates>
        </Point>
      </Placemark>
      <Placemark>
        <TimeSpan>
          <begin>2026-02-15T10:28:06+08:00</begin>
          <end>2026-02-15T10:28:12+08:00</end>
        </TimeSpan>
        <Style>
          <IconStyle>
            <color>FF00FFFF</color>
            <scale>0.9</scale>
            <Icon>
              <href>http://maps.google.com/mapfiles/kml/shapes/placemark_circle.png</href>
            </Icon>
          </IconStyle>
        </Style>
        <Point>
          <altitudeMode>clampToGround</altitudeMode>
          <coordinates>114.1479738615453243255615234375,22.27708001621067523956298828125, 760.79998779296875</coordinates>
        </Point>
      </Placemark>
      <Placemark>
        <TimeSpan>
          <begin>2026-02-15T10:28:12+08:00</begin>
          <end>2026-02-15T10:28:15+08:00</end>
        </TimeSpan>
        <Style>
          <IconStyle>
            <color>FF00FFFF</color>
            <scale>0.9</scale>
            <Icon>
              <href>http://maps.google.com/mapfiles/kml/shapes/placemark_circle.png</href>
            </Icon>
          </IconStyle>
        </Style>
        <Point>
          <altitudeMode>clampToGround</altitudeMode>
          <coordinates>114.1479758732020854949951171875,22.27704145945608615875244140625, 760.5999755859375</coordinates>
        </Point>
      </Placemark>
      <Placemark>
        <TimeSpan>
          <begin>2026-02-15T10:28:15+08:00</begin>
          <end>2026-02-15T10:28:21+08:00</end>
        </TimeSpan>
        <Style>
          <IconStyle>
            <color>FF00FFFF</color>
            <scale>0.9</scale>
            <Icon>
              <href>http://maps.google.com/mapfiles/kml/shapes/placemark_circle.png</href>
            </Icon>
          </IconStyle>
        </Style>
        <Point>
          <altitudeMode>clampToGround</altitudeMode>
          <coordinates>114.14797830395400524139404296875,22.2769902460277080535888671875, 760.4000244140625</coordinates>
        </Point>
      </Placemark>
      <Placemark>
        <TimeSpan>
          <begin>2026-02-15T10:28:21+08:00</begin>
          <end>2026-02-15T10:28:31+08:00</end>
        </TimeSpan>
        <Style>
          <IconStyle>
            <color>FF00FFFF</color>
            <scale>0.9</scale>
            <Icon>
              <href>http://maps.google.com/mapfiles/kml/shapes/placemark_circle.png</href>
            </Icon>
          </IconStyle>
        </Style>
        <Point>
          <altitudeMode>clampToGround</altitudeMode>
          <coordinates>114.1480147652328014373779296875,22.27693299762904644012451171875, 760.20001220703125</coordinates>
        </Point>
      </Placemark>
      <Placemark>
        <TimeSpan>
          <begin>2026-02-15T10:28:31+08:00</begin>
          <end>2026-02-15T10:28:37+08:00</end>
        </TimeSpan>
        <Style>
          <IconStyle>
            <color>FF00FFFF</color>
            <scale>0.9</scale>
            <Icon>
              <href>http://maps.google.com/mapfiles/kml/shapes/placemark_circle.png</href>
            </Icon>
          </IconStyle>
        </Style>
        <Point>
          <altitudeMode>clampToGround</altitudeMode>
          <coordinates>114.14802524261176586151123046875,22.27688186801970005035400390625, 760.20001220703125</coordinates>
        </Point>
      </Placemark>
      <Placemark>
        <TimeSpan>
          <begin>2026-02-15T10:28:37+08:00</begin>
          <end>2026-02-15T10:28:44+08:00</end>
        </TimeSpan>
        <Style>
          <IconStyle>
            <color>FF00FFFF</color>
            <scale>0.9</scale>
            <Icon>
              <href>http://maps.google.com/mapfiles/kml/shapes/placemark_circle.png</href>
            </Icon>
          </IconStyle>
        </Style>
        <Point>
          <altitudeMode>clampToGround</altitudeMode>
          <coordinates>114.14799070917069911956787109375,22.27684088051319122314453125, 759.5999755859375</coordinates>
        </Point>
      </Placemark>
      <Placemark>
        <TimeSpan>
          <begin>2026-02-15T10:28:44+08:00</begin>
          <end>2026-02-15T10:28:45+08:00</end>
        </TimeSpan>
        <Style>
          <IconStyle>
            <color>FF00FFFF</color>
            <scale>0.9</scale>
            <Icon>
              <href>http://maps.google.com/mapfiles/kml/shapes/placemark_circle.png</href>
            </Icon>
          </IconStyle>
        </Style>
        <Point>
          <altitudeMode>clampToGround</altitudeMode>
          <coordinates>114.147984422743320465087890625,22.2768383659422397613525390625, 759.5999755859375</coordinates>
        </Point>
      </Placemark>
      <Placemark>
        <TimeSpan>
          <begin>2026-02-15T10:28:45+08:00</begin>
          <end>2026-02-15T10:28:46+08:00</end>
        </TimeSpan>
        <Style>
          <IconStyle>
            <color>FF00FFFF</color>
            <scale>0.9</scale>
            <Icon>
              <href>http://maps.google.com/mapfiles/kml/shapes/placemark_circle.png</href>
            </Icon>
          </IconStyle>
        </Style>
        <Point>
          <altitudeMode>clampToGround</altitudeMode>
          <coordinates>114.14797537028789520263671875,22.2768336720764636993408203125, 759.4000244140625</coordinates>
        </Point>
      </Placemark>
      <Placemark>
        <TimeSpan>
          <begin>2026-02-15T10:28:46+08:00</begin>
          <end>2026-02-15T10:28:47+08:00</end>
        </TimeSpan>
        <Style>
          <IconStyle>
            <color>FF00FFFF</color>
            <scale>0.9</scale>
            <Icon>
              <href>http://maps.google.com/mapfiles/kml/shapes/placemark_circle.png</href>
            </Icon>
          </IconStyle>
        </Style>
        <Point>
          <altitudeMode>clampToGround</altitudeMode>
          <coordinates>114.1479661501944065093994140625,22.2768283076584339141845703125, 759.20001220703125</coordinates>
        </Point>
      </Placemark>
      <Placemark>
        <TimeSpan>
          <begin>2026-02-15T10:28:47+08:00</begin>
          <end>2026-02-15T10:28:49+08:00</end>
        </TimeSpan>
        <Style>
          <IconStyle>
            <color>FF00FFFF</color>
            <scale>0.9</scale>
            <Icon>
              <href>http://maps.google.com/mapfiles/kml/shapes/placemark_circle.png</href>
            </Icon>
          </IconStyle>
        </Style>
        <Point>
          <altitudeMode>clampToGround</altitudeMode>
          <coordinates>114.14795123040676116943359375,22.27680793963372707366943359375, 759.20001220703125</coordinates>
        </Point>
      </Placemark>
      <Placemark>
        <TimeSpan>
          <begin>2026-02-15T10:28:49+08:00</begin>
          <end>2026-02-15T10:28:50+08:00</end>
        </TimeSpan>
        <Style>
          <IconStyle>
            <color>FF00FFFF</color>
            <scale>0.9</scale>
            <Icon>
              <href>http://maps.google.com/mapfiles/kml/shapes/placemark_circle.png</href>
            </Icon>
          </IconStyle>
        </Style>
        <Point>
          <altitudeMode>clampToGround</altitudeMode>
          <coordinates>114.14794377051293849945068359375,22.27679654024541378021240234375, 759.20001220703125</coordinates>
        </Point>
      </Placemark>
      <Placemark>
        <TimeSpan>
          <begin>2026-02-15T10:28:50+08:00</begin>
          <end>2026-02-15T10:28:52+08:00</end>
        </TimeSpan>
        <Style>
          <IconStyle>
            <color>FF00FFFF</color>
            <scale>0.9</scale>
            <Icon>
              <href>http://maps.google.com/mapfiles/kml/shapes/placemark_circle.png</href>
            </Icon>
          </IconStyle>
        </Style>
        <Point>
          <altitudeMode>clampToGround</altitudeMode>
          <coordinates>114.14793136529624462127685546875,22.276766113936901092529296875, 759</coordinates>
        </Point>
      </Placemark>
      <Placemark>
        <TimeSpan>
          <begin>2026-02-15T10:28:52+08:00</begin>
          <end>2026-02-15T10:28:54+08:00</end>
        </TimeSpan>
        <Style>
          <IconStyle>
            <color>FF00FFFF</color>
            <scale>0.9</scale>
            <Icon>
              <href>http://maps.google.com/mapfiles/kml/shapes/placemark_circle.png</href>
            </Icon>
          </IconStyle>
        </Style>
        <Point>
          <altitudeMode>clampToGround</altitudeMode>
          <coordinates>114.14793245494365692138671875,22.276741974055767059326171875, 758.79998779296875</coordinates>
        </Point>
      </Placemark>
      <Placemark>
        <TimeSpan>
          <begin>2026-02-15T10:28:54+08:00</begin>
          <end>2026-02-15T10:28:56+08:00</end>
        </TimeSpan>
        <Style>
          <IconStyle>
            <color>FF00FFFF</color>
            <scale>0.9</scale>
            <Icon>
              <href>http://maps.google.com/mapfiles/kml/shapes/placemark_circle.png</href>
            </Icon>
          </IconStyle>
        </Style>
        <Point>
          <altitudeMode>clampToGround</altitudeMode>
          <coordinates>114.1479332931339740753173828125,22.276711799204349517822265625, 758.5999755859375</coordinates>
        </Point>
      </Placemark>
      <Placemark>
        <TimeSpan>
          <begin>2026-02-15T10:28:56+08:00</begin>
          <end>2026-02-15T10:28:59+08:00</end>
        </TimeSpan>
        <Style>
          <IconStyle>
            <color>FF00FFFF</color>
            <scale>0.9</scale>
            <Icon>
              <href>http://maps.google.com/mapfiles/kml/shapes/placemark_circle.png</href>
            </Icon>
          </IconStyle>
        </Style>
        <Point>
          <altitudeMode>clampToGround</altitudeMode>
          <coordinates>114.1479309462010860443115234375,22.27666930295526981353759765625, 758.5999755859375</coordinates>
        </Point>
      </Placemark>
      <Placemark>
        <TimeSpan>
          <begin>2026-02-15T10:28:59+08:00</begin>
          <end>2026-02-15T10:29:00+08:00</end>
        </TimeSpan>
        <Style>
          <IconStyle>
            <color>FF00FFFF</color>
            <scale>0.9</scale>
            <Icon>
              <href>http://maps.google.com/mapfiles/kml/shapes/placemark_circle.png</href>
            </Icon>
          </IconStyle>
        </Style>
        <Point>
          <altitudeMode>clampToGround</altitudeMode>
          <coordinates>114.147931449115276336669921875,22.27665455080568790435791015625, 758.5999755859375</coordinates>
        </Point>
      </Placemark>
      <Placemark>
        <TimeSpan>
          <begin>2026-02-15T10:29:00+08:00</begin>
          <end>2026-02-15T10:29:02+08:00</end>
        </TimeSpan>
        <Style>
          <IconStyle>
            <color>FF00FFFF</color>
            <scale>0.9</scale>
            <Icon>
              <href>http://maps.google.com/mapfiles/kml/shapes/placemark_circle.png</href>
            </Icon>
          </IconStyle>
        </Style>
        <Point>
          <altitudeMode>clampToGround</altitudeMode>
          <coordinates>114.147939495742321014404296875,22.276624627411365509033203125, 758.4000244140625</coordinates>
        </Point>
      </Placemark>
      <Placemark>
        <TimeSpan>
          <begin>2026-02-15T10:29:02+08:00</begin>
          <end>2026-02-15T10:29:08+08:00</end>
        </TimeSpan>
        <Style>
          <IconStyle>
            <color>FF00FFFF</color>
            <scale>0.9</scale>
            <Icon>
              <href>http://maps.google.com/mapfiles/kml/shapes/placemark_circle.png</href>
            </Icon>
          </IconStyle>
        </Style>
        <Point>
          <altitudeMode>clampToGround</altitudeMode>
          <coordinates>114.14795148186385631561279296875,22.2765540517866611480712890625, 757.5999755859375</coordinates>
        </Point>
      </Placemark>
      <Placemark>
        <TimeSpan>
          <begin>2026-02-15T10:29:08+08:00</begin>
          <end>2026-02-15T10:29:10+08:00</end>
        </TimeSpan>
        <Style>
          <IconStyle>
            <color>FF00FFFF</color>
            <scale>0.9</scale>
            <Icon>
              <href>http://maps.google.com/mapfiles/kml/shapes/placemark_circle.png</href>
            </Icon>
          </IconStyle>
        </Style>
        <Point>
          <altitudeMode>clampToGround</altitudeMode>
          <coordinates>114.14794611744582653045654296875,22.27653619833290576934814453125, 757.5999755859375</coordinates>
        </Point>
      </Placemark>
      <Placemark>
        <TimeSpan>
          <begin>2026-02-15T10:29:10+08:00</begin>
          <end>2026-02-15T10:29:16+08:00</end>
        </TimeSpan>
        <Style>
          <IconStyle>
            <color>FF00FFFF</color>
            <scale>0.9</scale>
            <Icon>
              <href>http://maps.google.com/mapfiles/kml/shapes/placemark_circle.png</href>
            </Icon>
          </IconStyle>
        </Style>
        <Point>
          <altitudeMode>clampToGround</altitudeMode>
          <coordinates>114.1479961574077606201171875,22.2764437459409236907958984375, 757.20001220703125</coordinates>
        </Point>
      </Placemark>
      <Placemark>
        <TimeSpan>
          <begin>2026-02-15T10:29:16+08:00</begin>
          <end>2026-02-15T10:29:17+08:00</end>
        </TimeSpan>
        <Style>
          <IconStyle>
            <color>FF00FFFF</color>
            <scale>0.9</scale>
            <Icon>
              <href>http://maps.google.com/mapfiles/kml/shapes/placemark_circle.png</href>
            </Icon>
          </IconStyle>
        </Style>
        <Point>
          <altitudeMode>clampToGround</altitudeMode>
          <coordinates>114.1480033658444881439208984375,22.2764284908771514892578125, 757.20001220703125</coordinates>
        </Point>
      </Placemark>
      <Placemark>
        <TimeSpan>
          <begin>2026-02-15T10:29:17+08:00</begin>
          <end>2026-02-15T10:29:19+08:00</end>
        </TimeSpan>
        <Style>
          <IconStyle>
            <color>FF00FFFF</color>
            <scale>0.9</scale>
            <Icon>
              <href>http://maps.google.com/mapfiles/kml/shapes/placemark_circle.png</href>
            </Icon>
          </IconStyle>
        </Style>
        <Point>
          <altitudeMode>clampToGround</altitudeMode>
          <coordinates>114.1480094008147716522216796875,22.27640158496797084808349609375, 757</coordinates>
        </Point>
      </Placemark>
      <Placemark>
        <TimeSpan>
          <begin>2026-02-15T10:29:19+08:00</begin>
          <end>2026-02-15T10:29:25+08:00</end>
        </TimeSpan>
        <Style>
          <IconStyle>
            <color>FF00FFFF</color>
            <scale>0.9</scale>
            <Icon>
              <href>http://maps.google.com/mapfiles/kml/shapes/placemark_circle.png</href>
            </Icon>
          </IconStyle>
        </Style>
        <Point>
          <altitudeMode>clampToGround</altitudeMode>
          <coordinates>114.14805851876735687255859375,22.276327572762966156005859375, 756.4000244140625</coordinates>
        </Point>
      </Placemark>
      <Placemark>
        <TimeSpan>
          <begin>2026-02-15T10:29:25+08:00</begin>
          <end>2026-02-15T10:29:26+08:00</end>
        </TimeSpan>
        <Style>
          <IconStyle>
            <color>FF00FFFF</color>
            <scale>0.9</scale>
            <Icon>
              <href>http://maps.google.com/mapfiles/kml/shapes/placemark_circle.png</href>
            </Icon>
          </IconStyle>
        </Style>
        <Point>
          <altitudeMode>clampToGround</altitudeMode>
          <coordinates>114.14806078188121318817138671875,22.27631776593625545501708984375, 756.20001220703125</coordinates>
        </Point>
      </Placemark>
      <Placemark>
        <TimeSpan>
          <begin>2026-02-15T10:29:26+08:00</begin>
          <end>2026-02-15T10:29:27+08:00</end>
        </TimeSpan>
        <Style>
          <IconStyle>
            <color>FF00FFFF</color>
            <scale>0.9</scale>
            <Icon>
              <href>http://maps.google.com/mapfiles/kml/shapes/placemark_circle.png</href>
            </Icon>
          </IconStyle>
        </Style>
        <Point>
          <altitudeMode>clampToGround</altitudeMode>
          <coordinates>114.1480653919279575347900390625,22.27630485780537128448486328125, 756.20001220703125</coordinates>
        </Point>
      </Placemark>
      <Placemark>
        <TimeSpan>
          <begin>2026-02-15T10:29:27+08:00</begin>
          <end>2026-02-15T10:29:32+08:00</end>
        </TimeSpan>
        <Style>
          <IconStyle>
            <color>FF00FFFF</color>
            <scale>0.9</scale>
            <Icon>
              <href>http://maps.google.com/mapfiles/kml/shapes/placemark_circle.png</href>
            </Icon>
          </IconStyle>
        </Style>
        <Point>
          <altitudeMode>clampToGround</altitudeMode>
          <coordinates>114.1480761207640171051025390625,22.27624651975929737091064453125, 756.20001220703125</coordinates>
        </Point>
      </Placemark>
      <Placemark>
        <TimeSpan>
          <begin>2026-02-15T10:29:32+08:00</begin>
          <end>2026-02-15T10:29:38+08:00</end>
        </TimeSpan>
        <Style>
          <IconStyle>
            <color>FF00FFFF</color>
            <scale>0.9</scale>
            <Icon>
              <href>http://maps.google.com/mapfiles/kml/shapes/placemark_circle.png</href>
            </Icon>
          </IconStyle>
        </Style>
        <Point>
          <altitudeMode>clampToGround</altitudeMode>
          <coordinates>114.148076958954334259033203125,22.2761768661439418792724609375, 755.5999755859375</coordinates>
        </Point>
      </Placemark>
      <Placemark>
        <TimeSpan>
          <begin>2026-02-15T10:29:38+08:00</begin>
          <end>2026-02-15T10:29:39+08:00</end>
        </TimeSpan>
        <Style>
          <IconStyle>
            <color>FF00FFFF</color>
            <scale>0.9</scale>
            <Icon>
              <href>http://maps.google.com/mapfiles/kml/shapes/placemark_circle.png</href>
            </Icon>
          </IconStyle>
        </Style>
        <Point>
          <altitudeMode>clampToGround</altitudeMode>
          <coordinates>114.14808106608688831329345703125,22.27616957388818264007568359375, 755.5999755859375</coordinates>
        </Point>
      </Placemark>
      <Placemark>
        <TimeSpan>
          <begin>2026-02-15T10:29:39+08:00</begin>
          <end>2026-02-15T10:29:44+08:00</end>
        </TimeSpan>
        <Style>
          <IconStyle>
            <color>FF00FFFF</color>
            <scale>0.9</scale>
            <Icon>
              <href>http://maps.google.com/mapfiles/kml/shapes/placemark_circle.png</href>
            </Icon>
          </IconStyle>
        </Style>
        <Point>
          <altitudeMode>clampToGround</altitudeMode>
          <coordinates>114.1481193713843822479248046875,22.276117019355297088623046875, 755.20001220703125</coordinates>
        </Point>
      </Placemark>
      <Placemark>
        <TimeSpan>
          <begin>2026-02-15T10:29:44+08:00</begin>
          <end>2026-02-15T10:29:46+08:00</end>
        </TimeSpan>
        <Style>
          <IconStyle>
            <color>FF00FFFF</color>
            <scale>0.9</scale>
            <Icon>
              <href>http://maps.google.com/mapfiles/kml/shapes/placemark_circle.png</href>
            </Icon>
          </IconStyle>
        </Style>
        <Point>
          <altitudeMode>clampToGround</altitudeMode>
          <coordinates>114.1481183655560016632080078125,22.27609715424478054046630859375, 755.20001220703125</coordinates>
        </Point>
      </Placemark>
      <Placemark>
        <TimeSpan>
          <begin>2026-02-15T10:29:46+08:00</begin>
          <end>2026-02-15T10:29:52+08:00</end>
        </TimeSpan>
        <Style>
          <IconStyle>
            <color>FF00FFFF</color>
            <scale>0.9</scale>
            <Icon>
              <href>http://maps.google.com/mapfiles/kml/shapes/placemark_circle.png</href>
            </Icon>
          </IconStyle>
        </Style>
        <Point>
          <altitudeMode>clampToGround</altitudeMode>
          <coordinates>114.14814191870391368865966796875,22.2760209627449512481689453125, 754.5999755859375</coordinates>
        </Point>
      </Placemark>
      <Placemark>
        <TimeSpan>
          <begin>2026-02-15T10:29:52+08:00</begin>
          <end>2026-02-15T10:29:55+08:00</end>
        </TimeSpan>
        <Style>
          <IconStyle>
            <color>FF00FFFF</color>
            <scale>0.9</scale>
            <Icon>
              <href>http://maps.google.com/mapfiles/kml/shapes/placemark_circle.png</href>
            </Icon>
          </IconStyle>
        </Style>
        <Point>
          <altitudeMode>clampToGround</altitudeMode>
          <coordinates>114.1481651365756988525390625,22.27599053643643856048583984375, 754.20001220703125</coordinates>
        </Point>
      </Placemark>
      <Placemark>
        <TimeSpan>
          <begin>2026-02-15T10:29:55+08:00</begin>
          <end>2026-02-15T10:29:58+08:00</end>
        </TimeSpan>
        <Style>
          <IconStyle>
            <color>FF00FFFF</color>
            <scale>0.9</scale>
            <Icon>
              <href>http://maps.google.com/mapfiles/kml/shapes/placemark_circle.png</href>
            </Icon>
          </IconStyle>
        </Style>
        <Point>
          <altitudeMode>clampToGround</altitudeMode>
          <coordinates>114.14818030782043933868408203125,22.27595969103276729583740234375, 753.79998779296875</coordinates>
        </Point>
      </Placemark>
      <Placemark>
        <TimeSpan>
          <begin>2026-02-15T10:29:58+08:00</begin>
          <end>2026-02-15T10:30:05+08:00</end>
        </TimeSpan>
        <Style>
          <IconStyle>
            <color>FF00FFFF</color>
            <scale>0.9</scale>
            <Icon>
              <href>http://maps.google.com/mapfiles/kml/shapes/placemark_circle.png</href>
            </Icon>
          </IconStyle>
        </Style>
        <Point>
          <altitudeMode>clampToGround</altitudeMode>
          <coordinates>114.14821953512728214263916015625,22.27587671019136905670166015625, 753.20001220703125</coordinates>
        </Point>
      </Placemark>
      <Placemark>
        <TimeSpan>
          <begin>2026-02-15T10:30:05+08:00</begin>
          <end>2026-02-15T10:30:07+08:00</end>
        </TimeSpan>
        <Style>
          <IconStyle>
            <color>FF00FFFF</color>
            <scale>0.9</scale>
            <Icon>
              <href>http://maps.google.com/mapfiles/kml/shapes/placemark_circle.png</href>
            </Icon>
          </IconStyle>
        </Style>
        <Point>
          <altitudeMode>clampToGround</altitudeMode>
          <coordinates>114.14821651764214038848876953125,22.27584536187350749969482421875, 753.20001220703125</coordinates>
        </Point>
      </Placemark>
      <Placemark>
        <TimeSpan>
          <begin>2026-02-15T10:30:07+08:00</begin>
          <end>2026-02-15T10:30:11+08:00</end>
        </TimeSpan>
        <Style>
          <IconStyle>
            <color>FF00FFFF</color>
            <scale>0.9</scale>
            <Icon>
              <href>http://maps.google.com/mapfiles/kml/shapes/placemark_circle.png</href>
            </Icon>
          </IconStyle>
        </Style>
        <Point>
          <altitudeMode>clampToGround</altitudeMode>
          <coordinates>114.14823445491492748260498046875,22.27579959668219089508056640625, 752.79998779296875</coordinates>
        </Point>
      </Placemark>
      <Placemark>
        <TimeSpan>
          <begin>2026-02-15T10:30:11+08:00</begin>
          <end>2026-02-15T10:30:12+08:00</end>
        </TimeSpan>
        <Style>
          <IconStyle>
            <color>FF00FFFF</color>
            <scale>0.9</scale>
            <Icon>
              <href>http://maps.google.com/mapfiles/kml/shapes/placemark_circle.png</href>
            </Icon>
          </IconStyle>
        </Style>
        <Point>
          <altitudeMode>clampToGround</altitudeMode>
          <coordinates>114.148241579532623291015625,22.27578886784613132476806640625, 752.5999755859375</coordinates>
        </Point>
      </Placemark>
      <Placemark>
        <TimeSpan>
          <begin>2026-02-15T10:30:12+08:00</begin>
          <end>2026-02-15T10:30:14+08:00</end>
        </TimeSpan>
        <Style>
          <IconStyle>
            <color>FF00FFFF</color>
            <scale>0.9</scale>
            <Icon>
              <href>http://maps.google.com/mapfiles/kml/shapes/placemark_circle.png</href>
            </Icon>
          </IconStyle>
        </Style>
        <Point>
          <altitudeMode>clampToGround</altitudeMode>
          <coordinates>114.148249961435794830322265625,22.27577780373394489288330078125, 752.5999755859375</coordinates>
        </Point>
      </Placemark>
      <Placemark>
        <TimeSpan>
          <begin>2026-02-15T10:30:14+08:00</begin>
          <end>2026-02-15T10:30:18+08:00</end>
        </TimeSpan>
        <Style>
          <IconStyle>
            <color>FF00FFFF</color>
            <scale>0.9</scale>
            <Icon>
              <href>http://maps.google.com/mapfiles/kml/shapes/placemark_circle.png</href>
            </Icon>
          </IconStyle>
        </Style>
        <Point>
          <altitudeMode>clampToGround</altitudeMode>
          <coordinates>114.14828474633395671844482421875,22.27577344514429569244384765625, 752.4000244140625</coordinates>
        </Point>
      </Placemark>
      <Placemark>
        <TimeSpan>
          <begin>2026-02-15T10:30:18+08:00</begin>
          <end>2026-02-15T10:30:20+08:00</end>
        </TimeSpan>
        <Style>
          <IconStyle>
            <color>FF00FFFF</color>
            <scale>0.9</scale>
            <Icon>
              <href>http://maps.google.com/mapfiles/kml/shapes/placemark_circle.png</href>
            </Icon>
          </IconStyle>
        </Style>
        <Point>
          <altitudeMode>clampToGround</altitudeMode>
          <coordinates>114.14831324480473995208740234375,22.275754921138286590576171875, 752</coordinates>
        </Point>
      </Placemark>
      <Placemark>
        <TimeSpan>
          <begin>2026-02-15T10:30:20+08:00</begin>
          <end>2026-02-15T10:30:25+08:00</end>
        </TimeSpan>
        <Style>
          <IconStyle>
            <color>FF00FFFF</color>
            <scale>0.9</scale>
            <Icon>
              <href>http://maps.google.com/mapfiles/kml/shapes/placemark_circle.png</href>
            </Icon>
          </IconStyle>
        </Style>
        <Point>
          <altitudeMode>clampToGround</altitudeMode>
          <coordinates>114.14837812073528766632080078125,22.27571259252727031707763671875, 751.5999755859375</coordinates>
        </Point>
      </Placemark>
      <Placemark>
        <TimeSpan>
          <begin>2026-02-15T10:30:25+08:00</begin>
          <end>2026-02-15T10:30:32+08:00</end>
        </TimeSpan>
        <Style>
          <IconStyle>
            <color>FF00FFFF</color>
            <scale>0.9</scale>
            <Icon>
              <href>http://maps.google.com/mapfiles/kml/shapes/placemark_circle.png</href>
            </Icon>
          </IconStyle>
        </Style>
        <Point>
          <altitudeMode>clampToGround</altitudeMode>
          <coordinates>114.1485166735947132110595703125,22.27569180540740489959716796875, 751.4000244140625</coordinates>
        </Point>
      </Placemark>
      <Placemark>
        <TimeSpan>
          <begin>2026-02-15T10:30:32+08:00</begin>
          <end>2026-02-15T10:30:34+08:00</end>
        </TimeSpan>
        <Style>
          <IconStyle>
            <color>FF00FFFF</color>
            <scale>0.9</scale>
            <Icon>
              <href>http://maps.google.com/mapfiles/kml/shapes/placemark_circle.png</href>
            </Icon>
          </IconStyle>
        </Style>
        <Point>
          <altitudeMode>clampToGround</altitudeMode>
          <coordinates>114.14855682291090488433837890625,22.27568509988486766815185546875, 751.4000244140625</coordinates>
        </Point>
      </Placemark>
      <Placemark>
        <TimeSpan>
          <begin>2026-02-15T10:30:34+08:00</begin>
          <end>2026-02-15T10:30:35+08:00</end>
        </TimeSpan>
        <Style>
          <IconStyle>
            <color>FF00FFFF</color>
            <scale>0.9</scale>
            <Icon>
              <href>http://maps.google.com/mapfiles/kml/shapes/placemark_circle.png</href>
            </Icon>
          </IconStyle>
        </Style>
        <Point>
          <altitudeMode>clampToGround</altitudeMode>
          <coordinates>114.14857643656432628631591796875,22.275679819285869598388671875, 751.20001220703125</coordinates>
        </Point>
      </Placemark>
      <Placemark>
        <TimeSpan>
          <begin>2026-02-15T10:30:35+08:00</begin>
          <end>2026-02-15T10:30:36+08:00</end>
        </TimeSpan>
        <Style>
          <IconStyle>
            <color>FF00FFFF</color>
            <scale>0.9</scale>
            <Icon>
              <href>http://maps.google.com/mapfiles/kml/shapes/placemark_circle.png</href>
            </Icon>
          </IconStyle>
        </Style>
        <Point>
          <altitudeMode>clampToGround</altitudeMode>
          <coordinates>114.1485947929322719573974609375,22.275683842599391937255859375, 751</coordinates>
        </Point>
      </Placemark>
      <Placemark>
        <TimeSpan>
          <begin>2026-02-15T10:30:36+08:00</begin>
          <end>2026-02-15T10:30:38+08:00</end>
        </TimeSpan>
        <Style>
          <IconStyle>
            <color>FF00FFFF</color>
            <scale>0.9</scale>
            <Icon>
              <href>http://maps.google.com/mapfiles/kml/shapes/placemark_circle.png</href>
            </Icon>
          </IconStyle>
        </Style>
        <Point>
          <altitudeMode>clampToGround</altitudeMode>
          <coordinates>114.14864198304712772369384765625,22.275689207017421722412109375, 750.79998779296875</coordinates>
        </Point>
      </Placemark>
      <Placemark>
        <TimeSpan>
          <begin>2026-02-15T10:30:38+08:00</begin>
          <end>2026-02-15T10:30:39+08:00</end>
        </TimeSpan>
        <Style>
          <IconStyle>
            <color>FF00FFFF</color>
            <scale>0.9</scale>
            <Icon>
              <href>http://maps.google.com/mapfiles/kml/shapes/placemark_circle.png</href>
            </Icon>
          </IconStyle>
        </Style>
        <Point>
          <altitudeMode>clampToGround</altitudeMode>
          <coordinates>114.1486595012247562408447265625,22.2756940685212612152099609375, 750.5999755859375</coordinates>
        </Point>
      </Placemark>
      <Placemark>
        <TimeSpan>
          <begin>2026-02-15T10:30:39+08:00</begin>
          <end>2026-02-15T10:30:41+08:00</end>
        </TimeSpan>
        <Style>
          <IconStyle>
            <color>FF00FFFF</color>
            <scale>0.9</scale>
            <Icon>
              <href>http://maps.google.com/mapfiles/kml/shapes/placemark_circle.png</href>
            </Icon>
          </IconStyle>
        </Style>
        <Point>
          <altitudeMode>clampToGround</altitudeMode>
          <coordinates>114.14868154563009738922119140625,22.27570504881441593170166015625, 750.5999755859375</coordinates>
        </Point>
      </Placemark>
      <Placemark>
        <TimeSpan>
          <begin>2026-02-15T10:30:41+08:00</begin>
          <end>2026-02-15T10:30:45+08:00</end>
        </TimeSpan>
        <Style>
          <IconStyle>
            <color>FF00FFFF</color>
            <scale>0.9</scale>
            <Icon>
              <href>http://maps.google.com/mapfiles/kml/shapes/placemark_circle.png</href>
            </Icon>
          </IconStyle>
        </Style>
        <Point>
          <altitudeMode>clampToGround</altitudeMode>
          <coordinates>114.14870635606348514556884765625,22.27574922144412994384765625, 750.4000244140625</coordinates>
        </Point>
      </Placemark>
      <Placemark>
        <TimeSpan>
          <begin>2026-02-15T10:30:45+08:00</begin>
          <end>2026-02-15T10:30:49+08:00</end>
        </TimeSpan>
        <Style>
          <IconStyle>
            <color>FF00FFFF</color>
            <scale>0.9</scale>
            <Icon>
              <href>http://maps.google.com/mapfiles/kml/shapes/placemark_circle.png</href>
            </Icon>
          </IconStyle>
        </Style>
        <Point>
          <altitudeMode>clampToGround</altitudeMode>
          <coordinates>114.14874306879937648773193359375,22.27578098885715007781982421875, 749.79998779296875</coordinates>
        </Point>
      </Placemark>
      <Placemark>
        <TimeSpan>
          <begin>2026-02-15T10:30:49+08:00</begin>
          <end>2026-02-15T10:30:52+08:00</end>
        </TimeSpan>
        <Style>
          <IconStyle>
            <color>FF00FFFF</color>
            <scale>0.9</scale>
            <Icon>
              <href>http://maps.google.com/mapfiles/kml/shapes/placemark_circle.png</href>
            </Icon>
          </IconStyle>
        </Style>
        <Point>
          <altitudeMode>clampToGround</altitudeMode>
          <coordinates>114.14877600967884063720703125,22.27580848149955272674560546875, 749.5999755859375</coordinates>
        </Point>
      </Placemark>
      <Placemark>
        <TimeSpan>
          <begin>2026-02-15T10:30:52+08:00</begin>
          <end>2026-02-15T10:30:53+08:00</end>
        </TimeSpan>
        <Style>
          <IconStyle>
            <color>FF00FFFF</color>
            <scale>0.9</scale>
            <Icon>
              <href>http://maps.google.com/mapfiles/kml/shapes/placemark_circle.png</href>
            </Icon>
          </IconStyle>
        </Style>
        <Point>
          <altitudeMode>clampToGround</altitudeMode>
          <coordinates>114.14878497831523418426513671875,22.27581786923110485076904296875, 749.5999755859375</coordinates>
        </Point>
      </Placemark>
      <Placemark>
        <TimeSpan>
          <begin>2026-02-15T10:30:53+08:00</begin>
          <end>2026-02-15T10:30:56+08:00</end>
        </TimeSpan>
        <Style>
          <IconStyle>
            <color>FF00FFFF</color>
            <scale>0.9</scale>
            <Icon>
              <href>http://maps.google.com/mapfiles/kml/shapes/placemark_circle.png</href>
            </Icon>
          </IconStyle>
        </Style>
        <Point>
          <altitudeMode>clampToGround</altitudeMode>
          <coordinates>114.148823283612728118896484375,22.27583580650389194488525390625, 749.20001220703125</coordinates>
        </Point>
      </Placemark>
      <Placemark>
        <TimeSpan>
          <begin>2026-02-15T10:30:56+08:00</begin>
          <end>2026-02-15T10:30:57+08:00</end>
        </TimeSpan>
        <Style>
          <IconStyle>
            <color>FF00FFFF</color>
            <scale>0.9</scale>
            <Icon>
              <href>http://maps.google.com/mapfiles/kml/shapes/placemark_circle.png</href>
            </Icon>
          </IconStyle>
        </Style>
        <Point>
          <altitudeMode>clampToGround</altitudeMode>
          <coordinates>114.14883359335362911224365234375,22.27583882398903369903564453125, 749.20001220703125</coordinates>
        </Point>
      </Placemark>
      <Placemark>
        <TimeSpan>
          <begin>2026-02-15T10:30:57+08:00</begin>
          <end>2026-02-15T10:30:58+08:00</end>
        </TimeSpan>
        <Style>
          <IconStyle>
            <color>FF00FFFF</color>
            <scale>0.9</scale>
            <Icon>
              <href>http://maps.google.com/mapfiles/kml/shapes/placemark_circle.png</href>
            </Icon>
          </IconStyle>
        </Style>
        <Point>
          <altitudeMode>clampToGround</altitudeMode>
          <coordinates>114.1488371975719928741455078125,22.2758529894053936004638671875, 749</coordinates>
        </Point>
      </Placemark>
      <Placemark>
        <TimeSpan>
          <begin>2026-02-15T10:30:58+08:00</begin>
          <end>2026-02-15T10:31:02+08:00</end>
        </TimeSpan>
        <Style>
          <IconStyle>
            <color>FF00FFFF</color>
            <scale>0.9</scale>
            <Icon>
              <href>http://maps.google.com/mapfiles/kml/shapes/placemark_circle.png</href>
            </Icon>
          </IconStyle>
        </Style>
        <Point>
          <altitudeMode>clampToGround</altitudeMode>
          <coordinates>114.14888924919068813323974609375,22.275829352438449859619140625, 748.79998779296875</coordinates>
        </Point>
      </Placemark>
      <Placemark>
        <TimeSpan>
          <begin>2026-02-15T10:31:02+08:00</begin>
          <end>2026-02-15T10:31:04+08:00</end>
        </TimeSpan>
        <Style>
          <IconStyle>
            <color>FF00FFFF</color>
            <scale>0.9</scale>
            <Icon>
              <href>http://maps.google.com/mapfiles/kml/shapes/placemark_circle.png</href>
            </Icon>
          </IconStyle>
        </Style>
        <Point>
          <altitudeMode>clampToGround</altitudeMode>
          <coordinates>114.14891573600471019744873046875,22.27582055144011974334716796875, 748.5999755859375</coordinates>
        </Point>
      </Placemark>
      <Placemark>
        <TimeSpan>
          <begin>2026-02-15T10:31:04+08:00</begin>
          <end>2026-02-15T10:31:06+08:00</end>
        </TimeSpan>
        <Style>
          <IconStyle>
            <color>FF00FFFF</color>
            <scale>0.9</scale>
            <Icon>
              <href>http://maps.google.com/mapfiles/kml/shapes/placemark_circle.png</href>
            </Icon>
          </IconStyle>
        </Style>
        <Point>
          <altitudeMode>clampToGround</altitudeMode>
          <coordinates>114.1489344276487827301025390625,22.27581501938402652740478515625, 748.4000244140625</coordinates>
        </Point>
      </Placemark>
      <Placemark>
        <TimeSpan>
          <begin>2026-02-15T10:31:06+08:00</begin>
          <end>2026-02-15T10:31:09+08:00</end>
        </TimeSpan>
        <Style>
          <IconStyle>
            <color>FF00FFFF</color>
            <scale>0.9</scale>
            <Icon>
              <href>http://maps.google.com/mapfiles/kml/shapes/placemark_circle.png</href>
            </Icon>
          </IconStyle>
        </Style>
        <Point>
          <altitudeMode>clampToGround</altitudeMode>
          <coordinates>114.14897256530821323394775390625,22.2758008539676666259765625, 748.20001220703125</coordinates>
        </Point>
      </Placemark>
      <Placemark>
        <TimeSpan>
          <begin>2026-02-15T10:31:09+08:00</begin>
          <end>2026-02-15T10:31:10+08:00</end>
        </TimeSpan>
        <Style>
          <IconStyle>
            <color>FF00FFFF</color>
            <scale>0.9</scale>
            <Icon>
              <href>http://maps.google.com/mapfiles/kml/shapes/placemark_circle.png</href>
            </Icon>
          </IconStyle>
        </Style>
        <Point>
          <altitudeMode>clampToGround</altitudeMode>
          <coordinates>114.148986227810382843017578125,22.27579104714095592498779296875, 748</coordinates>
        </Point>
      </Placemark>
      <Placemark>
        <TimeSpan>
          <begin>2026-02-15T10:31:10+08:00</begin>
          <end>2026-02-15T10:31:12+08:00</end>
        </TimeSpan>
        <Style>
          <IconStyle>
            <color>FF00FFFF</color>
            <scale>0.9</scale>
            <Icon>
              <href>http://maps.google.com/mapfiles/kml/shapes/placemark_circle.png</href>
            </Icon>
          </IconStyle>
        </Style>
        <Point>
          <altitudeMode>clampToGround</altitudeMode>
          <coordinates>114.14900575764477252960205078125,22.2757705114781856536865234375, 747.79998779296875</coordinates>
        </Point>
      </Placemark>
      <Placemark>
        <TimeSpan>
          <begin>2026-02-15T10:31:12+08:00</begin>
          <end>2026-02-15T10:31:13+08:00</end>
        </TimeSpan>
        <Style>
          <IconStyle>
            <color>FF00FFFF</color>
            <scale>0.9</scale>
            <Icon>
              <href>http://maps.google.com/mapfiles/kml/shapes/placemark_circle.png</href>
            </Icon>
          </IconStyle>
        </Style>
        <Point>
          <altitudeMode>clampToGround</altitudeMode>
          <coordinates>114.14900877512991428375244140625,22.27576397359371185302734375, 747.79998779296875</coordinates>
        </Point>
      </Placemark>
      <Placemark>
        <TimeSpan>
          <begin>2026-02-15T10:31:13+08:00</begin>
          <end>2026-02-15T10:31:15+08:00</end>
        </TimeSpan>
        <Style>
          <IconStyle>
            <color>FF00FFFF</color>
            <scale>0.9</scale>
            <Icon>
              <href>http://maps.google.com/mapfiles/kml/shapes/placemark_circle.png</href>
            </Icon>
          </IconStyle>
        </Style>
        <Point>
          <altitudeMode>clampToGround</altitudeMode>
          <coordinates>114.14901715703308582305908203125,22.2757418453693389892578125, 747.5999755859375</coordinates>
        </Point>
      </Placemark>
      <Placemark>
        <TimeSpan>
          <begin>2026-02-15T10:31:15+08:00</begin>
          <end>2026-02-15T10:31:19+08:00</end>
        </TimeSpan>
        <Style>
          <IconStyle>
            <color>FF00FFFF</color>
            <scale>0.9</scale>
            <Icon>
              <href>http://maps.google.com/mapfiles/kml/shapes/placemark_circle.png</href>
            </Icon>
          </IconStyle>
        </Style>
        <Point>
          <altitudeMode>clampToGround</altitudeMode>
          <coordinates>114.1490363515913486480712890625,22.275705300271511077880859375, 747.20001220703125</coordinates>
        </Point>
      </Placemark>
      <Placemark>
        <TimeSpan>
          <begin>2026-02-15T10:31:19+08:00</begin>
          <end>2026-02-15T10:31:22+08:00</end>
        </TimeSpan>
        <Style>
          <IconStyle>
            <color>FF00FFFF</color>
            <scale>0.9</scale>
            <Icon>
              <href>http://maps.google.com/mapfiles/kml/shapes/placemark_circle.png</href>
            </Icon>
          </IconStyle>
        </Style>
        <Point>
          <altitudeMode>clampToGround</altitudeMode>
          <coordinates>114.149074070155620574951171875,22.27568945847451686859130859375, 747</coordinates>
        </Point>
      </Placemark>
      <Placemark>
        <TimeSpan>
          <begin>2026-02-15T10:31:22+08:00</begin>
          <end>2026-02-15T10:31:24+08:00</end>
        </TimeSpan>
        <Style>
          <IconStyle>
            <color>FF00FFFF</color>
            <scale>0.9</scale>
            <Icon>
              <href>http://maps.google.com/mapfiles/kml/shapes/placemark_circle.png</href>
            </Icon>
          </IconStyle>
        </Style>
        <Point>
          <altitudeMode>clampToGround</altitudeMode>
          <coordinates>114.149093516170978546142578125,22.2756836749613285064697265625, 747</coordinates>
        </Point>
      </Placemark>
      <Placemark>
        <TimeSpan>
          <begin>2026-02-15T10:31:24+08:00</begin>
          <end>2026-02-15T10:31:26+08:00</end>
        </TimeSpan>
        <Style>
          <IconStyle>
            <color>FF00FFFF</color>
            <scale>0.9</scale>
            <Icon>
              <href>http://maps.google.com/mapfiles/kml/shapes/placemark_circle.png</href>
            </Icon>
          </IconStyle>
        </Style>
        <Point>
          <altitudeMode>clampToGround</altitudeMode>
          <coordinates>114.1491174884140491485595703125,22.27567520923912525177001953125, 746.79998779296875</coordinates>
        </Point>
      </Placemark>
      <Placemark>
        <TimeSpan>
          <begin>2026-02-15T10:31:26+08:00</begin>
          <end>2026-02-15T10:31:28+08:00</end>
        </TimeSpan>
        <Style>
          <IconStyle>
            <color>FF00FFFF</color>
            <scale>0.9</scale>
            <Icon>
              <href>http://maps.google.com/mapfiles/kml/shapes/placemark_circle.png</href>
            </Icon>
          </IconStyle>
        </Style>
        <Point>
          <altitudeMode>clampToGround</altitudeMode>
          <coordinates>114.14914707653224468231201171875,22.27565777488052845001220703125, 746.79998779296875</coordinates>
        </Point>
      </Placemark>
      <Placemark>
        <TimeSpan>
          <begin>2026-02-15T10:31:28+08:00</begin>
          <end>2026-02-15T10:31:29+08:00</end>
        </TimeSpan>
        <Style>
          <IconStyle>
            <color>FF00FFFF</color>
            <scale>0.9</scale>
            <Icon>
              <href>http://maps.google.com/mapfiles/kml/shapes/placemark_circle.png</href>
            </Icon>
          </IconStyle>
        </Style>
        <Point>
          <altitudeMode>clampToGround</altitudeMode>
          <coordinates>114.14916333742439746856689453125,22.27564821951091289520263671875, 745.79998779296875</coordinates>
        </Point>
      </Placemark>
      <Placemark>
        <TimeSpan>
          <begin>2026-02-15T10:31:29+08:00</begin>
          <end>2026-02-15T10:31:30+08:00</end>
        </TimeSpan>
        <Style>
          <IconStyle>
            <color>FF00FFFF</color>
            <scale>0.9</scale>
            <Icon>
              <href>http://maps.google.com/mapfiles/kml/shapes/placemark_circle.png</href>
            </Icon>
          </IconStyle>
        </Style>
        <Point>
          <altitudeMode>clampToGround</altitudeMode>
          <coordinates>114.14917691610753536224365234375,22.27564503438770771026611328125, 745.79998779296875</coordinates>
        </Point>
      </Placemark>
      <Placemark>
        <TimeSpan>
          <begin>2026-02-15T10:31:30+08:00</begin>
          <end>2026-02-15T10:31:33+08:00</end>
        </TimeSpan>
        <Style>
          <IconStyle>
            <color>FF00FFFF</color>
            <scale>0.9</scale>
            <Icon>
              <href>http://maps.google.com/mapfiles/kml/shapes/placemark_circle.png</href>
            </Icon>
          </IconStyle>
        </Style>
        <Point>
          <altitudeMode>clampToGround</altitudeMode>
          <coordinates>114.1492113657295703887939453125,22.27563799358904361724853515625, 746</coordinates>
        </Point>
      </Placemark>
      <Placemark>
        <TimeSpan>
          <begin>2026-02-15T10:31:33+08:00</begin>
          <end>2026-02-15T10:31:35+08:00</end>
        </TimeSpan>
        <Style>
          <IconStyle>
            <color>FF00FFFF</color>
            <scale>0.9</scale>
            <Icon>
              <href>http://maps.google.com/mapfiles/kml/shapes/placemark_circle.png</href>
            </Icon>
          </IconStyle>
        </Style>
        <Point>
          <altitudeMode>clampToGround</altitudeMode>
          <coordinates>114.14923894219100475311279296875,22.275624834001064300537109375, 746.4000244140625</coordinates>
        </Point>
      </Placemark>
      <Placemark>
        <TimeSpan>
          <begin>2026-02-15T10:31:35+08:00</begin>
          <end>2026-02-15T10:31:41+08:00</end>
        </TimeSpan>
        <Style>
          <IconStyle>
            <color>FF00FFFF</color>
            <scale>0.9</scale>
            <Icon>
              <href>http://maps.google.com/mapfiles/kml/shapes/placemark_circle.png</href>
            </Icon>
          </IconStyle>
        </Style>
        <Point>
          <altitudeMode>clampToGround</altitudeMode>
          <coordinates>114.1493077576160430908203125,22.27555501274764537811279296875, 745.79998779296875</coordinates>
        </Point>
      </Placemark>
      <Placemark>
        <TimeSpan>
          <begin>2026-02-15T10:31:41+08:00</begin>
          <end>2026-02-15T10:31:42+08:00</end>
        </TimeSpan>
        <Style>
          <IconStyle>
            <color>FF00FFFF</color>
            <scale>0.9</scale>
            <Icon>
              <href>http://maps.google.com/mapfiles/kml/shapes/placemark_circle.png</href>
            </Icon>
          </IconStyle>
        </Style>
        <Point>
          <altitudeMode>clampToGround</altitudeMode>
          <coordinates>114.14931940846145153045654296875,22.275536991655826568603515625, 745.79998779296875</coordinates>
        </Point>
      </Placemark>
      <Placemark>
        <TimeSpan>
          <begin>2026-02-15T10:31:42+08:00</begin>
          <end>2026-02-15T10:31:47+08:00</end>
        </TimeSpan>
        <Style>
          <IconStyle>
            <color>FF00FFFF</color>
            <scale>0.9</scale>
            <Icon>
              <href>http://maps.google.com/mapfiles/kml/shapes/placemark_circle.png</href>
            </Icon>
          </IconStyle>
        </Style>
        <Point>
          <altitudeMode>clampToGround</altitudeMode>
          <coordinates>114.14935746230185031890869140625,22.27543984539806842803955078125, 745.4000244140625</coordinates>
        </Point>
      </Placemark>
      <Placemark>
        <TimeSpan>
          <begin>2026-02-15T10:31:47+08:00</begin>
          <end>2026-02-15T10:31:51+08:00</end>
        </TimeSpan>
        <Style>
          <IconStyle>
            <color>FF00FFFF</color>
            <scale>0.9</scale>
            <Icon>
              <href>http://maps.google.com/mapfiles/kml/shapes/placemark_circle.png</href>
            </Icon>
          </IconStyle>
        </Style>
        <Point>
          <altitudeMode>clampToGround</altitudeMode>
          <coordinates>114.14937757886946201324462890625,22.2753936611115932464599609375, 745.20001220703125</coordinates>
        </Point>
      </Placemark>
      <Placemark>
        <TimeSpan>
          <begin>2026-02-15T10:31:51+08:00</begin>
          <end>2026-02-15T10:31:52+08:00</end>
        </TimeSpan>
        <Style>
          <IconStyle>
            <color>FF00FFFF</color>
            <scale>0.9</scale>
            <Icon>
              <href>http://maps.google.com/mapfiles/kml/shapes/placemark_circle.png</href>
            </Icon>
          </IconStyle>
        </Style>
        <Point>
          <altitudeMode>clampToGround</altitudeMode>
          <coordinates>114.14938084781169891357421875,22.27539248764514923095703125, 745</coordinates>
        </Point>
      </Placemark>
      <Placemark>
        <TimeSpan>
          <begin>2026-02-15T10:31:52+08:00</begin>
          <end>2026-02-15T10:32:00+08:00</end>
        </TimeSpan>
        <Style>
          <IconStyle>
            <color>FF00FFFF</color>
            <scale>0.9</scale>
            <Icon>
              <href>http://maps.google.com/mapfiles/kml/shapes/placemark_circle.png</href>
            </Icon>
          </IconStyle>
        </Style>
        <Point>
          <altitudeMode>clampToGround</altitudeMode>
          <coordinates>114.1493910737335681915283203125,22.27535518817603588104248046875, 744.79998779296875</coordinates>
        </Point>
      </Placemark>
      <Placemark>
        <TimeSpan>
          <begin>2026-02-15T10:32:00+08:00</begin>
          <end>2026-02-15T10:32:07+08:00</end>
        </TimeSpan>
        <Style>
          <IconStyle>
            <color>FF00FFFF</color>
            <scale>0.9</scale>
            <Icon>
              <href>http://maps.google.com/mapfiles/kml/shapes/placemark_circle.png</href>
            </Icon>
          </IconStyle>
        </Style>
        <Point>
          <altitudeMode>clampToGround</altitudeMode>
          <coordinates>114.14938914589583873748779296875,22.27533322758972644805908203125, 745.20001220703125</coordinates>
        </Point>
      </Placemark>
      <Placemark>
        <TimeSpan>
          <begin>2026-02-15T10:32:07+08:00</begin>
          <end>2026-02-15T10:32:10+08:00</end>
        </TimeSpan>
        <Style>
          <IconStyle>
            <color>FF00FFFF</color>
            <scale>0.9</scale>
            <Icon>
              <href>http://maps.google.com/mapfiles/kml/shapes/placemark_circle.png</href>
            </Icon>
          </IconStyle>
        </Style>
        <Point>
          <altitudeMode>clampToGround</altitudeMode>
          <coordinates>114.1493947617709636688232421875,22.27529835887253284454345703125, 745.20001220703125</coordinates>
        </Point>
      </Placemark>
      <Placemark>
        <TimeSpan>
          <begin>2026-02-15T10:32:10+08:00</begin>
          <end>2026-02-15T10:32:12+08:00</end>
        </TimeSpan>
        <Style>
          <IconStyle>
            <color>FF00FFFF</color>
            <scale>0.9</scale>
            <Icon>
              <href>http://maps.google.com/mapfiles/kml/shapes/placemark_circle.png</href>
            </Icon>
          </IconStyle>
        </Style>
        <Point>
          <altitudeMode>clampToGround</altitudeMode>
          <coordinates>114.14939920417964458465576171875,22.2752697765827178955078125, 745.20001220703125</coordinates>
        </Point>
      </Placemark>
      <Placemark>
        <TimeSpan>
          <begin>2026-02-15T10:32:12+08:00</begin>
          <end>2026-02-15T10:32:13+08:00</end>
        </TimeSpan>
        <Style>
          <IconStyle>
            <color>FF00FFFF</color>
            <scale>0.9</scale>
            <Icon>
              <href>http://maps.google.com/mapfiles/kml/shapes/placemark_circle.png</href>
            </Icon>
          </IconStyle>
        </Style>
        <Point>
          <altitudeMode>clampToGround</altitudeMode>
          <coordinates>114.14939870126545429229736328125,22.27526013739407062530517578125, 745.4000244140625</coordinates>
        </Point>
      </Placemark>
      <Placemark>
        <TimeSpan>
          <begin>2026-02-15T10:32:13+08:00</begin>
          <end>2026-02-15T10:32:20+08:00</end>
        </TimeSpan>
        <Style>
          <IconStyle>
            <color>FF00FFFF</color>
            <scale>0.9</scale>
            <Icon>
              <href>http://maps.google.com/mapfiles/kml/shapes/placemark_circle.png</href>
            </Icon>
          </IconStyle>
        </Style>
        <Point>
          <altitudeMode>clampToGround</altitudeMode>
          <coordinates>114.14939224720001220703125,22.27517950348556041717529296875, 745</coordinates>
        </Point>
      </Placemark>
      <Placemark>
        <TimeSpan>
          <begin>2026-02-15T10:32:20+08:00</begin>
          <end>2026-02-15T10:32:21+08:00</end>
        </TimeSpan>
        <Style>
          <IconStyle>
            <color>FF00FFFF</color>
            <scale>0.9</scale>
            <Icon>
              <href>http://maps.google.com/mapfiles/kml/shapes/placemark_circle.png</href>
            </Icon>
          </IconStyle>
        </Style>
        <Point>
          <altitudeMode>clampToGround</altitudeMode>
          <coordinates>114.14939467795193195343017578125,22.2751717083156108856201171875, 744.79998779296875</coordinates>
        </Point>
      </Placemark>
      <Placemark>
        <TimeSpan>
          <begin>2026-02-15T10:32:21+08:00</begin>
          <end>2026-02-15T10:32:22+08:00</end>
        </TimeSpan>
        <Style>
          <IconStyle>
            <color>FF00FFFF</color>
            <scale>0.9</scale>
            <Icon>
              <href>http://maps.google.com/mapfiles/kml/shapes/placemark_circle.png</href>
            </Icon>
          </IconStyle>
        </Style>
        <Point>
          <altitudeMode>clampToGround</altitudeMode>
          <coordinates>114.1493967734277248382568359375,22.2751651704311370849609375, 744.79998779296875</coordinates>
        </Point>
      </Placemark>
      <Placemark>
        <TimeSpan>
          <begin>2026-02-15T10:32:22+08:00</begin>
          <end>2026-02-15T10:32:25+08:00</end>
        </TimeSpan>
        <Style>
          <IconStyle>
            <color>FF00FFFF</color>
            <scale>0.9</scale>
            <Icon>
              <href>http://maps.google.com/mapfiles/kml/shapes/placemark_circle.png</href>
            </Icon>
          </IconStyle>
        </Style>
        <Point>
          <altitudeMode>clampToGround</altitudeMode>
          <coordinates>114.14938948117196559906005859375,22.27514497004449367523193359375, 744.5999755859375</coordinates>
        </Point>
      </Placemark>
      <Placemark>
        <TimeSpan>
          <begin>2026-02-15T10:32:25+08:00</begin>
          <end>2026-02-15T10:32:27+08:00</end>
        </TimeSpan>
        <Style>
          <IconStyle>
            <color>FF00FFFF</color>
            <scale>0.9</scale>
            <Icon>
              <href>http://maps.google.com/mapfiles/kml/shapes/placemark_circle.png</href>
            </Icon>
          </IconStyle>
        </Style>
        <Point>
          <altitudeMode>clampToGround</altitudeMode>
          <coordinates>114.14938579313457012176513671875,22.27511823177337646484375, 744.5999755859375</coordinates>
        </Point>
      </Placemark>
      <Placemark>
        <TimeSpan>
          <begin>2026-02-15T10:32:27+08:00</begin>
          <end>2026-02-15T10:32:36+08:00</end>
        </TimeSpan>
        <Style>
          <IconStyle>
            <color>FF00FFFF</color>
            <scale>0.9</scale>
            <Icon>
              <href>http://maps.google.com/mapfiles/kml/shapes/placemark_circle.png</href>
            </Icon>
          </IconStyle>
        </Style>
        <Point>
          <altitudeMode>clampToGround</altitudeMode>
          <coordinates>114.14935461245477199554443359375,22.27503097616136074066162109375, 744.79998779296875</coordinates>
        </Point>
      </Placemark>
      <Placemark>
        <TimeSpan>
          <begin>2026-02-15T10:32:36+08:00</begin>
          <end>2026-02-15T10:32:37+08:00</end>
        </TimeSpan>
        <Style>
          <IconStyle>
            <color>FF00FFFF</color>
            <scale>0.9</scale>
            <Icon>
              <href>http://maps.google.com/mapfiles/kml/shapes/placemark_circle.png</href>
            </Icon>
          </IconStyle>
        </Style>
        <Point>
          <altitudeMode>clampToGround</altitudeMode>
          <coordinates>114.149348326027393341064453125,22.27501857094466686248779296875, 744.79998779296875</coordinates>
        </Point>
      </Placemark>
      <Placemark>
        <TimeSpan>
          <begin>2026-02-15T10:32:37+08:00</begin>
          <end>2026-02-15T10:32:40+08:00</end>
        </TimeSpan>
        <Style>
          <IconStyle>
            <color>FF00FFFF</color>
            <scale>0.9</scale>
            <Icon>
              <href>http://maps.google.com/mapfiles/kml/shapes/placemark_circle.png</href>
            </Icon>
          </IconStyle>
        </Style>
        <Point>
          <altitudeMode>clampToGround</altitudeMode>
          <coordinates>114.149348326027393341064453125,22.27498102001845836639404296875, 744.79998779296875</coordinates>
        </Point>
      </Placemark>
      <Placemark>
        <TimeSpan>
          <begin>2026-02-15T10:32:40+08:00</begin>
          <end>2026-02-15T10:32:43+08:00</end>
        </TimeSpan>
        <Style>
          <IconStyle>
            <color>FF00FFFF</color>
            <scale>0.9</scale>
            <Icon>
              <href>http://maps.google.com/mapfiles/kml/shapes/placemark_circle.png</href>
            </Icon>
          </IconStyle>
        </Style>
        <Point>
          <altitudeMode>clampToGround</altitudeMode>
          <coordinates>114.14932544343173503875732421875,22.27495302446186542510986328125, 745</coordinates>
        </Point>
      </Placemark>
      <Placemark>
        <TimeSpan>
          <begin>2026-02-15T10:32:43+08:00</begin>
          <end>2026-02-15T10:32:45+08:00</end>
        </TimeSpan>
        <Style>
          <IconStyle>
            <color>FF00FFFF</color>
            <scale>0.9</scale>
            <Icon>
              <href>http://maps.google.com/mapfiles/kml/shapes/placemark_circle.png</href>
            </Icon>
          </IconStyle>
        </Style>
        <Point>
          <altitudeMode>clampToGround</altitudeMode>
          <coordinates>114.149309098720550537109375,22.274936176836490631103515625, 744.79998779296875</coordinates>
        </Point>
      </Placemark>
      <Placemark>
        <TimeSpan>
          <begin>2026-02-15T10:32:45+08:00</begin>
          <end>2026-02-15T10:32:50+08:00</end>
        </TimeSpan>
        <Style>
          <IconStyle>
            <color>FF00FFFF</color>
            <scale>0.9</scale>
            <Icon>
              <href>http://maps.google.com/mapfiles/kml/shapes/placemark_circle.png</href>
            </Icon>
          </IconStyle>
        </Style>
        <Point>
          <altitudeMode>clampToGround</altitudeMode>
          <coordinates>114.1492750681936740875244140625,22.2749061696231365203857421875, 744.79998779296875</coordinates>
        </Point>
      </Placemark>
      <Placemark>
        <TimeSpan>
          <begin>2026-02-15T10:32:50+08:00</begin>
          <end>2026-02-15T10:32:54+08:00</end>
        </TimeSpan>
        <Style>
          <IconStyle>
            <color>FF00FFFF</color>
            <scale>0.9</scale>
            <Icon>
              <href>http://maps.google.com/mapfiles/kml/shapes/placemark_circle.png</href>
            </Icon>
          </IconStyle>
        </Style>
        <Point>
          <altitudeMode>clampToGround</altitudeMode>
          <coordinates>114.1492358408868312835693359375,22.274887561798095703125, 744.79998779296875</coordinates>
        </Point>
      </Placemark>
      <Placemark>
        <TimeSpan>
          <begin>2026-02-15T10:32:54+08:00</begin>
          <end>2026-02-15T10:32:58+08:00</end>
        </TimeSpan>
        <Style>
          <IconStyle>
            <color>FF00FFFF</color>
            <scale>0.9</scale>
            <Icon>
              <href>http://maps.google.com/mapfiles/kml/shapes/placemark_circle.png</href>
            </Icon>
          </IconStyle>
        </Style>
        <Point>
          <altitudeMode>clampToGround</altitudeMode>
          <coordinates>114.149177335202693939208984375,22.274840287864208221435546875, 744.79998779296875</coordinates>
        </Point>
      </Placemark>
      <Placemark>
        <TimeSpan>
          <begin>2026-02-15T10:32:58+08:00</begin>
          <end>2026-02-15T10:33:01+08:00</end>
        </TimeSpan>
        <Style>
          <IconStyle>
            <color>FF00FFFF</color>
            <scale>0.9</scale>
            <Icon>
              <href>http://maps.google.com/mapfiles/kml/shapes/placemark_circle.png</href>
            </Icon>
          </IconStyle>
        </Style>
        <Point>
          <altitudeMode>clampToGround</altitudeMode>
          <coordinates>114.1491429693996906280517578125,22.2748049162328243255615234375, 744.79998779296875</coordinates>
        </Point>
      </Placemark>
      <Placemark>
        <TimeSpan>
          <begin>2026-02-15T10:33:01+08:00</begin>
          <end>2026-02-15T10:33:05+08:00</end>
        </TimeSpan>
        <Style>
          <IconStyle>
            <color>FF00FFFF</color>
            <scale>0.9</scale>
            <Icon>
              <href>http://maps.google.com/mapfiles/kml/shapes/placemark_circle.png</href>
            </Icon>
          </IconStyle>
        </Style>
        <Point>
          <altitudeMode>clampToGround</altitudeMode>
          <coordinates>114.1490920074284076690673828125,22.27479041554033756256103515625, 744.79998779296875</coordinates>
        </Point>
      </Placemark>
      <Placemark>
        <TimeSpan>
          <begin>2026-02-15T10:33:05+08:00</begin>
          <end>2026-02-15T10:33:12+08:00</end>
        </TimeSpan>
        <Style>
          <IconStyle>
            <color>FF00FFFF</color>
            <scale>0.9</scale>
            <Icon>
              <href>http://maps.google.com/mapfiles/kml/shapes/placemark_circle.png</href>
            </Icon>
          </IconStyle>
        </Style>
        <Point>
          <altitudeMode>clampToGround</altitudeMode>
          <coordinates>114.1490266285836696624755859375,22.27470709942281246185302734375, 744.5999755859375</coordinates>
        </Point>
      </Placemark>
      <Placemark>
        <TimeSpan>
          <begin>2026-02-15T10:33:12+08:00</begin>
          <end>2026-02-15T10:33:20+08:00</end>
        </TimeSpan>
        <Style>
          <IconStyle>
            <color>FF00FFFF</color>
            <scale>0.9</scale>
            <Icon>
              <href>http://maps.google.com/mapfiles/kml/shapes/placemark_circle.png</href>
            </Icon>
          </IconStyle>
        </Style>
        <Point>
          <altitudeMode>clampToGround</altitudeMode>
          <coordinates>114.149023778736591339111328125,22.27458757348358631134033203125, 745</coordinates>
        </Point>
      </Placemark>
      <Placemark>
        <TimeSpan>
          <begin>2026-02-15T10:33:20+08:00</begin>
          <end>2026-02-15T10:33:27+08:00</end>
        </TimeSpan>
        <Style>
          <IconStyle>
            <color>FF00FFFF</color>
            <scale>0.9</scale>
            <Icon>
              <href>http://maps.google.com/mapfiles/kml/shapes/placemark_circle.png</href>
            </Icon>
          </IconStyle>
        </Style>
        <Point>
          <altitudeMode>clampToGround</altitudeMode>
          <coordinates>114.14904179982841014862060546875,22.27449101395905017852783203125, 745.20001220703125</coordinates>
        </Point>
      </Placemark>
      <Placemark>
        <TimeSpan>
          <begin>2026-02-15T10:33:27+08:00</begin>
          <end>2026-02-15T10:33:34+08:00</end>
        </TimeSpan>
        <Style>
          <IconStyle>
            <color>FF00FFFF</color>
            <scale>0.9</scale>
            <Icon>
              <href>http://maps.google.com/mapfiles/kml/shapes/placemark_circle.png</href>
            </Icon>
          </IconStyle>
        </Style>
        <Point>
          <altitudeMode>clampToGround</altitudeMode>
          <coordinates>114.149051271378993988037109375,22.274411134421825408935546875, 745.20001220703125</coordinates>
        </Point>
      </Placemark>
      <Placemark>
        <TimeSpan>
          <begin>2026-02-15T10:33:34+08:00</begin>
          <end>2026-02-15T10:33:36+08:00</end>
        </TimeSpan>
        <Style>
          <IconStyle>
            <color>FF00FFFF</color>
            <scale>0.9</scale>
            <Icon>
              <href>http://maps.google.com/mapfiles/kml/shapes/placemark_circle.png</href>
            </Icon>
          </IconStyle>
        </Style>
        <Point>
          <altitudeMode>clampToGround</altitudeMode>
          <coordinates>114.14905705489218235015869140625,22.27438204921782016754150390625, 745.4000244140625</coordinates>
        </Point>
      </Placemark>
      <Placemark>
        <TimeSpan>
          <begin>2026-02-15T10:33:36+08:00</begin>
          <end>2026-02-15T10:33:39+08:00</end>
        </TimeSpan>
        <Style>
          <IconStyle>
            <color>FF00FFFF</color>
            <scale>0.9</scale>
            <Icon>
              <href>http://maps.google.com/mapfiles/kml/shapes/placemark_circle.png</href>
            </Icon>
          </IconStyle>
        </Style>
        <Point>
          <altitudeMode>clampToGround</altitudeMode>
          <coordinates>114.14905303157866001129150390625,22.274340726435184478759765625, 745.4000244140625</coordinates>
        </Point>
      </Placemark>
      <Placemark>
        <TimeSpan>
          <begin>2026-02-15T10:33:39+08:00</begin>
          <end>2026-02-15T10:33:46+08:00</end>
        </TimeSpan>
        <Style>
          <IconStyle>
            <color>FF00FFFF</color>
            <scale>0.9</scale>
            <Icon>
              <href>http://maps.google.com/mapfiles/kml/shapes/placemark_circle.png</href>
            </Icon>
          </IconStyle>
        </Style>
        <Point>
          <altitudeMode>clampToGround</altitudeMode>
          <coordinates>114.149011708796024322509765625,22.27426973171532154083251953125, 745.4000244140625</coordinates>
        </Point>
      </Placemark>
      <Placemark>
        <TimeSpan>
          <begin>2026-02-15T10:33:46+08:00</begin>
          <end>2026-02-15T10:33:52+08:00</end>
        </TimeSpan>
        <Style>
          <IconStyle>
            <color>FF00FFFF</color>
            <scale>0.9</scale>
            <Icon>
              <href>http://maps.google.com/mapfiles/kml/shapes/placemark_circle.png</href>
            </Icon>
          </IconStyle>
        </Style>
        <Point>
          <altitudeMode>clampToGround</altitudeMode>
          <coordinates>114.1489931009709835052490234375,22.27419680915772914886474609375, 745.4000244140625</coordinates>
        </Point>
      </Placemark>
      <Placemark>
        <TimeSpan>
          <begin>2026-02-15T10:33:52+08:00</begin>
          <end>2026-02-15T10:33:53+08:00</end>
        </TimeSpan>
        <Style>
          <IconStyle>
            <color>FF00FFFF</color>
            <scale>0.9</scale>
            <Icon>
              <href>http://maps.google.com/mapfiles/kml/shapes/placemark_circle.png</href>
            </Icon>
          </IconStyle>
        </Style>
        <Point>
          <altitudeMode>clampToGround</altitudeMode>
          <coordinates>114.1489907540380954742431640625,22.27418323047459125518798828125, 745.4000244140625</coordinates>
        </Point>
      </Placemark>
      <Placemark>
        <TimeSpan>
          <begin>2026-02-15T10:33:53+08:00</begin>
          <end>2026-02-15T10:33:55+08:00</end>
        </TimeSpan>
        <Style>
          <IconStyle>
            <color>FF00FFFF</color>
            <scale>0.9</scale>
            <Icon>
              <href>http://maps.google.com/mapfiles/kml/shapes/placemark_circle.png</href>
            </Icon>
          </IconStyle>
        </Style>
        <Point>
          <altitudeMode>clampToGround</altitudeMode>
          <coordinates>114.1489830426871776580810546875,22.27417233400046825408935546875, 745.4000244140625</coordinates>
        </Point>
      </Placemark>
      <Placemark>
        <TimeSpan>
          <begin>2026-02-15T10:33:55+08:00</begin>
          <end>2026-02-15T10:33:58+08:00</end>
        </TimeSpan>
        <Style>
          <IconStyle>
            <color>FF00FFFF</color>
            <scale>0.9</scale>
            <Icon>
              <href>http://maps.google.com/mapfiles/kml/shapes/placemark_circle.png</href>
            </Icon>
          </IconStyle>
        </Style>
        <Point>
          <altitudeMode>clampToGround</altitudeMode>
          <coordinates>114.148978851735591888427734375,22.27417610585689544677734375, 745.4000244140625</coordinates>
        </Point>
      </Placemark>
      <Placemark>
        <TimeSpan>
          <begin>2026-02-15T10:33:58+08:00</begin>
          <end>2026-02-15T10:33:59+08:00</end>
        </TimeSpan>
        <Style>
          <IconStyle>
            <color>FF00FFFF</color>
            <scale>0.9</scale>
            <Icon>
              <href>http://maps.google.com/mapfiles/kml/shapes/placemark_circle.png</href>
            </Icon>
          </IconStyle>
        </Style>
        <Point>
          <altitudeMode>clampToGround</altitudeMode>
          <coordinates>114.14898480288684368133544921875,22.2741709090769290924072265625, 745.4000244140625</coordinates>
        </Point>
      </Placemark>
      <Placemark>
        <TimeSpan>
          <begin>2026-02-15T10:33:59+08:00</begin>
          <end>2026-02-15T10:34:04+08:00</end>
        </TimeSpan>
        <Style>
          <IconStyle>
            <color>FF00FFFF</color>
            <scale>0.9</scale>
            <Icon>
              <href>http://maps.google.com/mapfiles/kml/shapes/placemark_circle.png</href>
            </Icon>
          </IconStyle>
        </Style>
        <Point>
          <altitudeMode>clampToGround</altitudeMode>
          <coordinates>114.14897960610687732696533203125,22.2741105593740940093994140625, 745.4000244140625</coordinates>
        </Point>
      </Placemark>
      <Placemark>
        <TimeSpan>
          <begin>2026-02-15T10:34:04+08:00</begin>
          <end>2026-02-15T10:34:06+08:00</end>
        </TimeSpan>
        <Style>
          <IconStyle>
            <color>FF00FFFF</color>
            <scale>0.9</scale>
            <Icon>
              <href>http://maps.google.com/mapfiles/kml/shapes/placemark_circle.png</href>
            </Icon>
          </IconStyle>
        </Style>
        <Point>
          <altitudeMode>clampToGround</altitudeMode>
          <coordinates>114.14896787144243717193603515625,22.27408197708427906036376953125, 745.4000244140625</coordinates>
        </Point>
      </Placemark>
      <Placemark>
        <TimeSpan>
          <begin>2026-02-15T10:34:06+08:00</begin>
          <end>2026-02-15T10:34:10+08:00</end>
        </TimeSpan>
        <Style>
          <IconStyle>
            <color>FF00FFFF</color>
            <scale>0.9</scale>
            <Icon>
              <href>http://maps.google.com/mapfiles/kml/shapes/placemark_circle.png</href>
            </Icon>
          </IconStyle>
        </Style>
        <Point>
          <altitudeMode>clampToGround</altitudeMode>
          <coordinates>114.1489421389997005462646484375,22.27403788827359676361083984375, 745.5999755859375</coordinates>
        </Point>
      </Placemark>
      <Placemark>
        <TimeSpan>
          <begin>2026-02-15T10:34:10+08:00</begin>
          <end>2026-02-15T10:34:11+08:00</end>
        </TimeSpan>
        <Style>
          <IconStyle>
            <color>FF00FFFF</color>
            <scale>0.9</scale>
            <Icon>
              <href>http://maps.google.com/mapfiles/kml/shapes/placemark_circle.png</href>
            </Icon>
          </IconStyle>
        </Style>
        <Point>
          <altitudeMode>clampToGround</altitudeMode>
          <coordinates>114.14893803186714649200439453125,22.2740324400365352630615234375, 745.5999755859375</coordinates>
        </Point>
      </Placemark>
      <Placemark>
        <TimeSpan>
          <begin>2026-02-15T10:34:11+08:00</begin>
          <end>2026-02-15T10:34:13+08:00</end>
        </TimeSpan>
        <Style>
          <IconStyle>
            <color>FF00FFFF</color>
            <scale>0.9</scale>
            <Icon>
              <href>http://maps.google.com/mapfiles/kml/shapes/placemark_circle.png</href>
            </Icon>
          </IconStyle>
        </Style>
        <Point>
          <altitudeMode>clampToGround</altitudeMode>
          <coordinates>114.14893350563943386077880859375,22.27401676587760448455810546875, 745.4000244140625</coordinates>
        </Point>
      </Placemark>
      <Placemark>
        <TimeSpan>
          <begin>2026-02-15T10:34:13+08:00</begin>
          <end>2026-02-15T10:34:15+08:00</end>
        </TimeSpan>
        <Style>
          <IconStyle>
            <color>FF00FFFF</color>
            <scale>0.9</scale>
            <Icon>
              <href>http://maps.google.com/mapfiles/kml/shapes/placemark_circle.png</href>
            </Icon>
          </IconStyle>
        </Style>
        <Point>
          <altitudeMode>clampToGround</altitudeMode>
          <coordinates>114.14892378263175487518310546875,22.2739777900278568267822265625, 745.20001220703125</coordinates>
        </Point>
      </Placemark>
      <Placemark>
        <TimeSpan>
          <begin>2026-02-15T10:34:15+08:00</begin>
          <end>2026-02-15T10:34:22+08:00</end>
        </TimeSpan>
        <Style>
          <IconStyle>
            <color>FF00FFFF</color>
            <scale>0.9</scale>
            <Icon>
              <href>http://maps.google.com/mapfiles/kml/shapes/placemark_circle.png</href>
            </Icon>
          </IconStyle>
        </Style>
        <Point>
          <altitudeMode>clampToGround</altitudeMode>
          <coordinates>114.14892914704978466033935546875,22.273860611021518707275390625, 744.79998779296875</coordinates>
        </Point>
      </Placemark>
      <Placemark>
        <TimeSpan>
          <begin>2026-02-15T10:34:22+08:00</begin>
          <end>2026-02-15T10:34:23+08:00</end>
        </TimeSpan>
        <Style>
          <IconStyle>
            <color>FF00FFFF</color>
            <scale>0.9</scale>
            <Icon>
              <href>http://maps.google.com/mapfiles/kml/shapes/placemark_circle.png</href>
            </Icon>
          </IconStyle>
        </Style>
        <Point>
          <altitudeMode>clampToGround</altitudeMode>
          <coordinates>114.1489337570965290069580078125,22.27384611032903194427490234375, 744.79998779296875</coordinates>
        </Point>
      </Placemark>
      <Placemark>
        <TimeSpan>
          <begin>2026-02-15T10:34:23+08:00</begin>
          <end>2026-02-15T10:34:30+08:00</end>
        </TimeSpan>
        <Style>
          <IconStyle>
            <color>FF00FFFF</color>
            <scale>0.9</scale>
            <Icon>
              <href>http://maps.google.com/mapfiles/kml/shapes/placemark_circle.png</href>
            </Icon>
          </IconStyle>
        </Style>
        <Point>
          <altitudeMode>clampToGround</altitudeMode>
          <coordinates>114.14892730303108692169189453125,22.27374301292002201080322265625, 745.4000244140625</coordinates>
        </Point>
      </Placemark>
      <Placemark>
        <TimeSpan>
          <begin>2026-02-15T10:34:30+08:00</begin>
          <end>2026-02-15T10:34:38+08:00</end>
        </TimeSpan>
        <Style>
          <IconStyle>
            <color>FF00FFFF</color>
            <scale>0.9</scale>
            <Icon>
              <href>http://maps.google.com/mapfiles/kml/shapes/placemark_circle.png</href>
            </Icon>
          </IconStyle>
        </Style>
        <Point>
          <altitudeMode>clampToGround</altitudeMode>
          <coordinates>114.1489595733582973480224609375,22.273633964359760284423828125, 745.20001220703125</coordinates>
        </Point>
      </Placemark>
      <Placemark>
        <TimeSpan>
          <begin>2026-02-15T10:34:38+08:00</begin>
          <end>2026-02-15T10:34:39+08:00</end>
        </TimeSpan>
        <Style>
          <IconStyle>
            <color>FF00FFFF</color>
            <scale>0.9</scale>
            <Icon>
              <href>http://maps.google.com/mapfiles/kml/shapes/placemark_circle.png</href>
            </Icon>
          </IconStyle>
        </Style>
        <Point>
          <altitudeMode>clampToGround</altitudeMode>
          <coordinates>114.14895060472190380096435546875,22.273621223866939544677734375, 745.20001220703125</coordinates>
        </Point>
      </Placemark>
      <Placemark>
        <TimeSpan>
          <begin>2026-02-15T10:34:39+08:00</begin>
          <end>2026-02-15T10:34:40+08:00</end>
        </TimeSpan>
        <Style>
          <IconStyle>
            <color>FF00FFFF</color>
            <scale>0.9</scale>
            <Icon>
              <href>http://maps.google.com/mapfiles/kml/shapes/placemark_circle.png</href>
            </Icon>
          </IconStyle>
        </Style>
        <Point>
          <altitudeMode>clampToGround</altitudeMode>
          <coordinates>114.1489404626190662384033203125,22.27360839955508708953857421875, 745.20001220703125</coordinates>
        </Point>
      </Placemark>
      <Placemark>
        <TimeSpan>
          <begin>2026-02-15T10:34:40+08:00</begin>
          <end>2026-02-15T10:34:44+08:00</end>
        </TimeSpan>
        <Style>
          <IconStyle>
            <color>FF00FFFF</color>
            <scale>0.9</scale>
            <Icon>
              <href>http://maps.google.com/mapfiles/kml/shapes/placemark_circle.png</href>
            </Icon>
          </IconStyle>
        </Style>
        <Point>
          <altitudeMode>clampToGround</altitudeMode>
          <coordinates>114.14892998524010181427001953125,22.2735523246228694915771484375, 745.20001220703125</coordinates>
        </Point>
      </Placemark>
      <Placemark>
        <TimeSpan>
          <begin>2026-02-15T10:34:44+08:00</begin>
          <end>2026-02-15T10:34:49+08:00</end>
        </TimeSpan>
        <Style>
          <IconStyle>
            <color>FF00FFFF</color>
            <scale>0.9</scale>
            <Icon>
              <href>http://maps.google.com/mapfiles/kml/shapes/placemark_circle.png</href>
            </Icon>
          </IconStyle>
        </Style>
        <Point>
          <altitudeMode>clampToGround</altitudeMode>
          <coordinates>114.1489270515739917755126953125,22.27348250336945056915283203125, 745.5999755859375</coordinates>
        </Point>
      </Placemark>
      <Placemark>
        <TimeSpan>
          <begin>2026-02-15T10:34:49+08:00</begin>
          <end>2026-02-15T10:34:50+08:00</end>
        </TimeSpan>
        <Style>
          <IconStyle>
            <color>FF00FFFF</color>
            <scale>0.9</scale>
            <Icon>
              <href>http://maps.google.com/mapfiles/kml/shapes/placemark_circle.png</href>
            </Icon>
          </IconStyle>
        </Style>
        <Point>
          <altitudeMode>clampToGround</altitudeMode>
          <coordinates>114.14893417619168758392333984375,22.273472361266613006591796875, 746</coordinates>
        </Point>
      </Placemark>
      <Placemark>
        <TimeSpan>
          <begin>2026-02-15T10:34:50+08:00</begin>
          <end>2026-02-15T10:34:56+08:00</end>
        </TimeSpan>
        <Style>
          <IconStyle>
            <color>FF00FFFF</color>
            <scale>0.9</scale>
            <Icon>
              <href>http://maps.google.com/mapfiles/kml/shapes/placemark_circle.png</href>
            </Icon>
          </IconStyle>
        </Style>
        <Point>
          <altitudeMode>clampToGround</altitudeMode>
          <coordinates>114.1489485092461109161376953125,22.273412011563777923583984375, 745.79998779296875</coordinates>
        </Point>
      </Placemark>
      <Placemark>
        <TimeSpan>
          <begin>2026-02-15T10:34:56+08:00</begin>
          <end>2026-02-15T10:34:57+08:00</end>
        </TimeSpan>
        <Style>
          <IconStyle>
            <color>FF00FFFF</color>
            <scale>0.9</scale>
            <Icon>
              <href>http://maps.google.com/mapfiles/kml/shapes/placemark_circle.png</href>
            </Icon>
          </IconStyle>
        </Style>
        <Point>
          <altitudeMode>clampToGround</altitudeMode>
          <coordinates>114.1489563882350921630859375,22.27339583449065685272216796875, 745.5999755859375</coordinates>
        </Point>
      </Placemark>
      <Placemark>
        <TimeSpan>
          <begin>2026-02-15T10:34:57+08:00</begin>
          <end>2026-02-15T10:35:02+08:00</end>
        </TimeSpan>
        <Style>
          <IconStyle>
            <color>FF00FFFF</color>
            <scale>0.9</scale>
            <Icon>
              <href>http://maps.google.com/mapfiles/kml/shapes/placemark_circle.png</href>
            </Icon>
          </IconStyle>
        </Style>
        <Point>
          <altitudeMode>clampToGround</altitudeMode>
          <coordinates>114.14895437657833099365234375,22.27332743816077709197998046875, 745.4000244140625</coordinates>
        </Point>
      </Placemark>
      <Placemark>
        <TimeSpan>
          <begin>2026-02-15T10:35:02+08:00</begin>
          <end>2026-02-15T10:35:03+08:00</end>
        </TimeSpan>
        <Style>
          <IconStyle>
            <color>FF00FFFF</color>
            <scale>0.9</scale>
            <Icon>
              <href>http://maps.google.com/mapfiles/kml/shapes/placemark_circle.png</href>
            </Icon>
          </IconStyle>
        </Style>
        <Point>
          <altitudeMode>clampToGround</altitudeMode>
          <coordinates>114.1489565558731555938720703125,22.27331268601119518280029296875, 745.4000244140625</coordinates>
        </Point>
      </Placemark>
      <Placemark>
        <TimeSpan>
          <begin>2026-02-15T10:35:03+08:00</begin>
          <end>2026-02-15T10:35:05+08:00</end>
        </TimeSpan>
        <Style>
          <IconStyle>
            <color>FF00FFFF</color>
            <scale>0.9</scale>
            <Icon>
              <href>http://maps.google.com/mapfiles/kml/shapes/placemark_circle.png</href>
            </Icon>
          </IconStyle>
        </Style>
        <Point>
          <altitudeMode>clampToGround</altitudeMode>
          <coordinates>114.14894423447549343109130859375,22.27328158915042877197265625, 745.79998779296875</coordinates>
        </Point>
      </Placemark>
      <Placemark>
        <TimeSpan>
          <begin>2026-02-15T10:35:05+08:00</begin>
          <end>2026-02-15T10:35:07+08:00</end>
        </TimeSpan>
        <Style>
          <IconStyle>
            <color>FF00FFFF</color>
            <scale>0.9</scale>
            <Icon>
              <href>http://maps.google.com/mapfiles/kml/shapes/placemark_circle.png</href>
            </Icon>
          </IconStyle>
        </Style>
        <Point>
          <altitudeMode>clampToGround</altitudeMode>
          <coordinates>114.148933254182338714599609375,22.273255772888660430908203125, 746</coordinates>
        </Point>
      </Placemark>
      <Placemark>
        <TimeSpan>
          <begin>2026-02-15T10:35:07+08:00</begin>
          <end>2026-02-15T10:35:14+08:00</end>
        </TimeSpan>
        <Style>
          <IconStyle>
            <color>FF00FFFF</color>
            <scale>0.9</scale>
            <Icon>
              <href>http://maps.google.com/mapfiles/kml/shapes/placemark_circle.png</href>
            </Icon>
          </IconStyle>
        </Style>
        <Point>
          <altitudeMode>clampToGround</altitudeMode>
          <coordinates>114.14895311929285526275634765625,22.27314605377614498138427734375, 745.20001220703125</coordinates>
        </Point>
      </Placemark>
      <Placemark>
        <TimeSpan>
          <begin>2026-02-15T10:35:14+08:00</begin>
          <end>2026-02-15T10:35:15+08:00</end>
        </TimeSpan>
        <Style>
          <IconStyle>
            <color>FF00FFFF</color>
            <scale>0.9</scale>
            <Icon>
              <href>http://maps.google.com/mapfiles/kml/shapes/placemark_circle.png</href>
            </Icon>
          </IconStyle>
        </Style>
        <Point>
          <altitudeMode>clampToGround</altitudeMode>
          <coordinates>114.148949347436428070068359375,22.27313582785427570343017578125, 745.20001220703125</coordinates>
        </Point>
      </Placemark>
      <Placemark>
        <TimeSpan>
          <begin>2026-02-15T10:35:15+08:00</begin>
          <end>2026-02-15T10:35:19+08:00</end>
        </TimeSpan>
        <Style>
          <IconStyle>
            <color>FF00FFFF</color>
            <scale>0.9</scale>
            <Icon>
              <href>http://maps.google.com/mapfiles/kml/shapes/placemark_circle.png</href>
            </Icon>
          </IconStyle>
        </Style>
        <Point>
          <altitudeMode>clampToGround</altitudeMode>
          <coordinates>114.14895513094961643218994140625,22.2730748914182186126708984375, 745.20001220703125</coordinates>
        </Point>
      </Placemark>
      <Placemark>
        <TimeSpan>
          <begin>2026-02-15T10:35:19+08:00</begin>
          <end>2026-02-15T10:35:20+08:00</end>
        </TimeSpan>
        <Style>
          <IconStyle>
            <color>FF00FFFF</color>
            <scale>0.9</scale>
            <Icon>
              <href>http://maps.google.com/mapfiles/kml/shapes/placemark_circle.png</href>
            </Icon>
          </IconStyle>
        </Style>
        <Point>
          <altitudeMode>clampToGround</altitudeMode>
          <coordinates>114.14896016009151935577392578125,22.273055948317050933837890625, 745.20001220703125</coordinates>
        </Point>
      </Placemark>
      <Placemark>
        <TimeSpan>
          <begin>2026-02-15T10:35:20+08:00</begin>
          <end>2026-02-15T10:35:21+08:00</end>
        </TimeSpan>
        <Style>
          <IconStyle>
            <color>FF00FFFF</color>
            <scale>0.9</scale>
            <Icon>
              <href>http://maps.google.com/mapfiles/kml/shapes/placemark_circle.png</href>
            </Icon>
          </IconStyle>
        </Style>
        <Point>
          <altitudeMode>clampToGround</altitudeMode>
          <coordinates>114.14896066300570964813232421875,22.27304127998650074005126953125, 745</coordinates>
        </Point>
      </Placemark>
      <Placemark>
        <TimeSpan>
          <begin>2026-02-15T10:35:21+08:00</begin>
          <end>2026-02-15T10:35:23+08:00</end>
        </TimeSpan>
        <Style>
          <IconStyle>
            <color>FF00FFFF</color>
            <scale>0.9</scale>
            <Icon>
              <href>http://maps.google.com/mapfiles/kml/shapes/placemark_circle.png</href>
            </Icon>
          </IconStyle>
        </Style>
        <Point>
          <altitudeMode>clampToGround</altitudeMode>
          <coordinates>114.14897088892757892608642578125,22.27300456725060939788818359375, 745</coordinates>
        </Point>
      </Placemark>
      <Placemark>
        <TimeSpan>
          <begin>2026-02-15T10:35:23+08:00</begin>
          <end>2026-02-15T10:35:25+08:00</end>
        </TimeSpan>
        <Style>
          <IconStyle>
            <color>FF00FFFF</color>
            <scale>0.9</scale>
            <Icon>
              <href>http://maps.google.com/mapfiles/kml/shapes/placemark_circle.png</href>
            </Icon>
          </IconStyle>
        </Style>
        <Point>
          <altitudeMode>clampToGround</altitudeMode>
          <coordinates>114.14899016730487346649169921875,22.2729743085801601409912109375, 745</coordinates>
        </Point>
      </Placemark>
      <Placemark>
        <TimeSpan>
          <begin>2026-02-15T10:35:25+08:00</begin>
          <end>2026-02-15T10:35:27+08:00</end>
        </TimeSpan>
        <Style>
          <IconStyle>
            <color>FF00FFFF</color>
            <scale>0.9</scale>
            <Icon>
              <href>http://maps.google.com/mapfiles/kml/shapes/placemark_circle.png</href>
            </Icon>
          </IconStyle>
        </Style>
        <Point>
          <altitudeMode>clampToGround</altitudeMode>
          <coordinates>114.14899704046547412872314453125,22.272952683269977569580078125, 745.20001220703125</coordinates>
        </Point>
      </Placemark>
      <Placemark>
        <TimeSpan>
          <begin>2026-02-15T10:35:27+08:00</begin>
          <end>2026-02-15T10:35:29+08:00</end>
        </TimeSpan>
        <Style>
          <IconStyle>
            <color>FF00FFFF</color>
            <scale>0.9</scale>
            <Icon>
              <href>http://maps.google.com/mapfiles/kml/shapes/placemark_circle.png</href>
            </Icon>
          </IconStyle>
        </Style>
        <Point>
          <altitudeMode>clampToGround</altitudeMode>
          <coordinates>114.14900106377899646759033203125,22.2729282081127166748046875, 745.4000244140625</coordinates>
        </Point>
      </Placemark>
      <Placemark>
        <TimeSpan>
          <begin>2026-02-15T10:35:29+08:00</begin>
          <end>2026-02-15T10:35:32+08:00</end>
        </TimeSpan>
        <Style>
          <IconStyle>
            <color>FF00FFFF</color>
            <scale>0.9</scale>
            <Icon>
              <href>http://maps.google.com/mapfiles/kml/shapes/placemark_circle.png</href>
            </Icon>
          </IconStyle>
        </Style>
        <Point>
          <altitudeMode>clampToGround</altitudeMode>
          <coordinates>114.1490152291953563690185546875,22.27288738824427127838134765625, 745</coordinates>
        </Point>
      </Placemark>
      <Placemark>
        <TimeSpan>
          <begin>2026-02-15T10:35:32+08:00</begin>
          <end>2026-02-15T10:35:36+08:00</end>
        </TimeSpan>
        <Style>
          <IconStyle>
            <color>FF00FFFF</color>
            <scale>0.9</scale>
            <Icon>
              <href>http://maps.google.com/mapfiles/kml/shapes/placemark_circle.png</href>
            </Icon>
          </IconStyle>
        </Style>
        <Point>
          <altitudeMode>clampToGround</altitudeMode>
          <coordinates>114.1490329988300800323486328125,22.27283625863492488861083984375, 744.79998779296875</coordinates>
        </Point>
      </Placemark>
      <Placemark>
        <TimeSpan>
          <begin>2026-02-15T10:35:36+08:00</begin>
          <end>2026-02-15T10:35:38+08:00</end>
        </TimeSpan>
        <Style>
          <IconStyle>
            <color>FF00FFFF</color>
            <scale>0.9</scale>
            <Icon>
              <href>http://maps.google.com/mapfiles/kml/shapes/placemark_circle.png</href>
            </Icon>
          </IconStyle>
        </Style>
        <Point>
          <altitudeMode>clampToGround</altitudeMode>
          <coordinates>114.14904733188450336456298828125,22.2728153876960277557373046875, 745</coordinates>
        </Point>
      </Placemark>
      <Placemark>
        <TimeSpan>
          <begin>2026-02-15T10:35:38+08:00</begin>
          <end>2026-02-15T10:35:45+08:00</end>
        </TimeSpan>
        <Style>
          <IconStyle>
            <color>FF00FFFF</color>
            <scale>0.9</scale>
            <Icon>
              <href>http://maps.google.com/mapfiles/kml/shapes/placemark_circle.png</href>
            </Icon>
          </IconStyle>
        </Style>
        <Point>
          <altitudeMode>clampToGround</altitudeMode>
          <coordinates>114.1491329111158847808837890625,22.27274305187165737152099609375, 745</coordinates>
        </Point>
      </Placemark>
      <Placemark>
        <TimeSpan>
          <begin>2026-02-15T10:35:45+08:00</begin>
          <end>2026-02-15T10:35:52+08:00</end>
        </TimeSpan>
        <Style>
          <IconStyle>
            <color>FF00FFFF</color>
            <scale>0.9</scale>
            <Icon>
              <href>http://maps.google.com/mapfiles/kml/shapes/placemark_circle.png</href>
            </Icon>
          </IconStyle>
        </Style>
        <Point>
          <altitudeMode>clampToGround</altitudeMode>
          <coordinates>114.14918839931488037109375,22.27269527502357959747314453125, 745</coordinates>
        </Point>
      </Placemark>
      <Placemark>
        <TimeSpan>
          <begin>2026-02-15T10:35:52+08:00</begin>
          <end>2026-02-15T10:36:00+08:00</end>
        </TimeSpan>
        <Style>
          <IconStyle>
            <color>FF00FFFF</color>
            <scale>0.9</scale>
            <Icon>
              <href>http://maps.google.com/mapfiles/kml/shapes/placemark_circle.png</href>
            </Icon>
          </IconStyle>
        </Style>
        <Point>
          <altitudeMode>clampToGround</altitudeMode>
          <coordinates>114.14927515201270580291748046875,22.272657640278339385986328125, 745.20001220703125</coordinates>
        </Point>
      </Placemark>
      <Placemark>
        <TimeSpan>
          <begin>2026-02-15T10:36:00+08:00</begin>
          <end>2026-02-15T10:36:01+08:00</end>
        </TimeSpan>
        <Style>
          <IconStyle>
            <color>FF00FFFF</color>
            <scale>0.9</scale>
            <Icon>
              <href>http://maps.google.com/mapfiles/kml/shapes/placemark_circle.png</href>
            </Icon>
          </IconStyle>
        </Style>
        <Point>
          <altitudeMode>clampToGround</altitudeMode>
          <coordinates>114.14928219281136989593505859375,22.27265059947967529296875, 745.20001220703125</coordinates>
        </Point>
      </Placemark>
      <Placemark>
        <TimeSpan>
          <begin>2026-02-15T10:36:01+08:00</begin>
          <end>2026-02-15T10:36:03+08:00</end>
        </TimeSpan>
        <Style>
          <IconStyle>
            <color>FF00FFFF</color>
            <scale>0.9</scale>
            <Icon>
              <href>http://maps.google.com/mapfiles/kml/shapes/placemark_circle.png</href>
            </Icon>
          </IconStyle>
        </Style>
        <Point>
          <altitudeMode>clampToGround</altitudeMode>
          <coordinates>114.1492978669703006744384765625,22.27264188230037689208984375, 745.20001220703125</coordinates>
        </Point>
      </Placemark>
      <Placemark>
        <TimeSpan>
          <begin>2026-02-15T10:36:03+08:00</begin>
          <end>2026-02-15T10:36:05+08:00</end>
        </TimeSpan>
        <Style>
          <IconStyle>
            <color>FF00FFFF</color>
            <scale>0.9</scale>
            <Icon>
              <href>http://maps.google.com/mapfiles/kml/shapes/placemark_circle.png</href>
            </Icon>
          </IconStyle>
        </Style>
        <Point>
          <altitudeMode>clampToGround</altitudeMode>
          <coordinates>114.149314127862453460693359375,22.27262168191373348236083984375, 745.20001220703125</coordinates>
        </Point>
      </Placemark>
      <Placemark>
        <TimeSpan>
          <begin>2026-02-15T10:36:05+08:00</begin>
          <end>2026-02-15T10:36:13+08:00</end>
        </TimeSpan>
        <Style>
          <IconStyle>
            <color>FF00FFFF</color>
            <scale>0.9</scale>
            <Icon>
              <href>http://maps.google.com/mapfiles/kml/shapes/placemark_circle.png</href>
            </Icon>
          </IconStyle>
        </Style>
        <Point>
          <altitudeMode>clampToGround</altitudeMode>
          <coordinates>114.14936886169016361236572265625,22.2725277207791805267333984375, 745.20001220703125</coordinates>
        </Point>
      </Placemark>
      <Placemark>
        <TimeSpan>
          <begin>2026-02-15T10:36:13+08:00</begin>
          <end>2026-02-15T10:36:17+08:00</end>
        </TimeSpan>
        <Style>
          <IconStyle>
            <color>FF00FFFF</color>
            <scale>0.9</scale>
            <Icon>
              <href>http://maps.google.com/mapfiles/kml/shapes/placemark_circle.png</href>
            </Icon>
          </IconStyle>
        </Style>
        <Point>
          <altitudeMode>clampToGround</altitudeMode>
          <coordinates>114.14940297603607177734375,22.27248757146298885345458984375, 745.4000244140625</coordinates>
        </Point>
      </Placemark>
      <Placemark>
        <TimeSpan>
          <begin>2026-02-15T10:36:17+08:00</begin>
          <end>2026-02-15T10:36:19+08:00</end>
        </TimeSpan>
        <Style>
          <IconStyle>
            <color>FF00FFFF</color>
            <scale>0.9</scale>
            <Icon>
              <href>http://maps.google.com/mapfiles/kml/shapes/placemark_circle.png</href>
            </Icon>
          </IconStyle>
        </Style>
        <Point>
          <altitudeMode>clampToGround</altitudeMode>
          <coordinates>114.1494004614651203155517578125,22.27247893810272216796875, 745.4000244140625</coordinates>
        </Point>
      </Placemark>
      <Placemark>
        <TimeSpan>
          <begin>2026-02-15T10:36:19+08:00</begin>
          <end>2026-02-15T10:36:21+08:00</end>
        </TimeSpan>
        <Style>
          <IconStyle>
            <color>FF00FFFF</color>
            <scale>0.9</scale>
            <Icon>
              <href>http://maps.google.com/mapfiles/kml/shapes/placemark_circle.png</href>
            </Icon>
          </IconStyle>
        </Style>
        <Point>
          <altitudeMode>clampToGround</altitudeMode>
          <coordinates>114.14941663853824138641357421875,22.27245907299220561981201171875, 745.20001220703125</coordinates>
        </Point>
      </Placemark>
      <Placemark>
        <TimeSpan>
          <begin>2026-02-15T10:36:21+08:00</begin>
          <end>2026-02-15T10:36:22+08:00</end>
        </TimeSpan>
        <Style>
          <IconStyle>
            <color>FF00FFFF</color>
            <scale>0.9</scale>
            <Icon>
              <href>http://maps.google.com/mapfiles/kml/shapes/placemark_circle.png</href>
            </Icon>
          </IconStyle>
        </Style>
        <Point>
          <altitudeMode>clampToGround</altitudeMode>
          <coordinates>114.1494311392307281494140625,22.272437699139118194580078125, 745.20001220703125</coordinates>
        </Point>
      </Placemark>
      <Placemark>
        <TimeSpan>
          <begin>2026-02-15T10:36:22+08:00</begin>
          <end>2026-02-15T10:36:24+08:00</end>
        </TimeSpan>
        <Style>
          <IconStyle>
            <color>FF00FFFF</color>
            <scale>0.9</scale>
            <Icon>
              <href>http://maps.google.com/mapfiles/kml/shapes/placemark_circle.png</href>
            </Icon>
          </IconStyle>
        </Style>
        <Point>
          <altitudeMode>clampToGround</altitudeMode>
          <coordinates>114.14945594966411590576171875,22.27239369414746761322021484375, 745</coordinates>
        </Point>
      </Placemark>
      <Placemark>
        <TimeSpan>
          <begin>2026-02-15T10:36:24+08:00</begin>
          <end>2026-02-15T10:36:30+08:00</end>
        </TimeSpan>
        <Style>
          <IconStyle>
            <color>FF00FFFF</color>
            <scale>0.9</scale>
            <Icon>
              <href>http://maps.google.com/mapfiles/kml/shapes/placemark_circle.png</href>
            </Icon>
          </IconStyle>
        </Style>
        <Point>
          <altitudeMode>clampToGround</altitudeMode>
          <coordinates>114.14948520250618457794189453125,22.27229721844196319580078125, 744.79998779296875</coordinates>
        </Point>
      </Placemark>
      <Placemark>
        <TimeSpan>
          <begin>2026-02-15T10:36:30+08:00</begin>
          <end>2026-02-15T10:36:37+08:00</end>
        </TimeSpan>
        <Style>
          <IconStyle>
            <color>FF00FFFF</color>
            <scale>0.9</scale>
            <Icon>
              <href>http://maps.google.com/mapfiles/kml/shapes/placemark_circle.png</href>
            </Icon>
          </IconStyle>
        </Style>
        <Point>
          <altitudeMode>clampToGround</altitudeMode>
          <coordinates>114.14952325634658336639404296875,22.2721947915852069854736328125, 745</coordinates>
        </Point>
      </Placemark>
      <Placemark>
        <TimeSpan>
          <begin>2026-02-15T10:36:37+08:00</begin>
          <end>2026-02-15T10:36:43+08:00</end>
        </TimeSpan>
        <Style>
          <IconStyle>
            <color>FF00FFFF</color>
            <scale>0.9</scale>
            <Icon>
              <href>http://maps.google.com/mapfiles/kml/shapes/placemark_circle.png</href>
            </Icon>
          </IconStyle>
        </Style>
        <Point>
          <altitudeMode>clampToGround</altitudeMode>
          <coordinates>114.149539433419704437255859375,22.27210653014481067657470703125, 744.5999755859375</coordinates>
        </Point>
      </Placemark>
      <Placemark>
        <TimeSpan>
          <begin>2026-02-15T10:36:43+08:00</begin>
          <end>2026-02-15T10:36:45+08:00</end>
        </TimeSpan>
        <Style>
          <IconStyle>
            <color>FF00FFFF</color>
            <scale>0.9</scale>
            <Icon>
              <href>http://maps.google.com/mapfiles/kml/shapes/placemark_circle.png</href>
            </Icon>
          </IconStyle>
        </Style>
        <Point>
          <altitudeMode>clampToGround</altitudeMode>
          <coordinates>114.149534404277801513671875,22.27209429256618022918701171875, 744.5999755859375</coordinates>
        </Point>
      </Placemark>
      <Placemark>
        <TimeSpan>
          <begin>2026-02-15T10:36:45+08:00</begin>
          <end>2026-02-15T10:36:47+08:00</end>
        </TimeSpan>
        <Style>
          <IconStyle>
            <color>FF00FFFF</color>
            <scale>0.9</scale>
            <Icon>
              <href>http://maps.google.com/mapfiles/kml/shapes/placemark_circle.png</href>
            </Icon>
          </IconStyle>
        </Style>
        <Point>
          <altitudeMode>clampToGround</altitudeMode>
          <coordinates>114.1495147906243801116943359375,22.272078953683376312255859375, 744.5999755859375</coordinates>
        </Point>
      </Placemark>
      <Placemark>
        <TimeSpan>
          <begin>2026-02-15T10:36:47+08:00</begin>
          <end>2026-02-15T10:36:49+08:00</end>
        </TimeSpan>
        <Style>
          <IconStyle>
            <color>FF00FFFF</color>
            <scale>0.9</scale>
            <Icon>
              <href>http://maps.google.com/mapfiles/kml/shapes/placemark_circle.png</href>
            </Icon>
          </IconStyle>
        </Style>
        <Point>
          <altitudeMode>clampToGround</altitudeMode>
          <coordinates>114.14949676953256130218505859375,22.27206051349639892578125, 744.5999755859375</coordinates>
        </Point>
      </Placemark>
      <Placemark>
        <TimeSpan>
          <begin>2026-02-15T10:36:49+08:00</begin>
          <end>2026-02-15T10:36:51+08:00</end>
        </TimeSpan>
        <Style>
          <IconStyle>
            <color>FF00FFFF</color>
            <scale>0.9</scale>
            <Icon>
              <href>http://maps.google.com/mapfiles/kml/shapes/placemark_circle.png</href>
            </Icon>
          </IconStyle>
        </Style>
        <Point>
          <altitudeMode>clampToGround</altitudeMode>
          <coordinates>114.1494933329522609710693359375,22.27204198949038982391357421875, 744.79998779296875</coordinates>
        </Point>
      </Placemark>
      <Placemark>
        <TimeSpan>
          <begin>2026-02-15T10:36:51+08:00</begin>
          <end>2026-02-15T10:36:54+08:00</end>
        </TimeSpan>
        <Style>
          <IconStyle>
            <color>FF00FFFF</color>
            <scale>0.9</scale>
            <Icon>
              <href>http://maps.google.com/mapfiles/kml/shapes/placemark_circle.png</href>
            </Icon>
          </IconStyle>
        </Style>
        <Point>
          <altitudeMode>clampToGround</altitudeMode>
          <coordinates>114.14947112090885639190673828125,22.27201198227703571319580078125, 744.5999755859375</coordinates>
        </Point>
      </Placemark>
      <Placemark>
        <TimeSpan>
          <begin>2026-02-15T10:36:54+08:00</begin>
          <end>2026-02-15T10:36:55+08:00</end>
        </TimeSpan>
        <Style>
          <IconStyle>
            <color>FF00FFFF</color>
            <scale>0.9</scale>
            <Icon>
              <href>http://maps.google.com/mapfiles/kml/shapes/placemark_circle.png</href>
            </Icon>
          </IconStyle>
        </Style>
        <Point>
          <altitudeMode>clampToGround</altitudeMode>
          <coordinates>114.149477742612361907958984375,22.27200041525065898895263671875, 744.5999755859375</coordinates>
        </Point>
      </Placemark>
      <Placemark>
        <TimeSpan>
          <begin>2026-02-15T10:36:55+08:00</begin>
          <end>2026-02-15T10:36:57+08:00</end>
        </TimeSpan>
        <Style>
          <IconStyle>
            <color>FF00FFFF</color>
            <scale>0.9</scale>
            <Icon>
              <href>http://maps.google.com/mapfiles/kml/shapes/placemark_circle.png</href>
            </Icon>
          </IconStyle>
        </Style>
        <Point>
          <altitudeMode>clampToGround</altitudeMode>
          <coordinates>114.14949274621903896331787109375,22.27199220098555088043212890625, 744.4000244140625</coordinates>
        </Point>
      </Placemark>
      <Placemark>
        <TimeSpan>
          <begin>2026-02-15T10:36:57+08:00</begin>
          <end>2026-02-15T10:36:59+08:00</end>
        </TimeSpan>
        <Style>
          <IconStyle>
            <color>FF00FFFF</color>
            <scale>0.9</scale>
            <Icon>
              <href>http://maps.google.com/mapfiles/kml/shapes/placemark_circle.png</href>
            </Icon>
          </IconStyle>
        </Style>
        <Point>
          <altitudeMode>clampToGround</altitudeMode>
          <coordinates>114.1495064087212085723876953125,22.27196973748505115509033203125, 744.20001220703125</coordinates>
        </Point>
      </Placemark>
      <Placemark>
        <TimeSpan>
          <begin>2026-02-15T10:36:59+08:00</begin>
          <end>2026-02-15T10:37:01+08:00</end>
        </TimeSpan>
        <Style>
          <IconStyle>
            <color>FF00FFFF</color>
            <scale>0.9</scale>
            <Icon>
              <href>http://maps.google.com/mapfiles/kml/shapes/placemark_circle.png</href>
            </Icon>
          </IconStyle>
        </Style>
        <Point>
          <altitudeMode>clampToGround</altitudeMode>
          <coordinates>114.14951487444341182708740234375,22.2719438374042510986328125, 745</coordinates>
        </Point>
      </Placemark>
      <Placemark>
        <TimeSpan>
          <begin>2026-02-15T10:37:01+08:00</begin>
          <end>2026-02-15T10:37:07+08:00</end>
        </TimeSpan>
        <Style>
          <IconStyle>
            <color>FF00FFFF</color>
            <scale>0.9</scale>
            <Icon>
              <href>http://maps.google.com/mapfiles/kml/shapes/placemark_circle.png</href>
            </Icon>
          </IconStyle>
        </Style>
        <Point>
          <altitudeMode>clampToGround</altitudeMode>
          <coordinates>114.14947472512722015380859375,22.27187921293079853057861328125, 745.4000244140625</coordinates>
        </Point>
      </Placemark>
      <Placemark>
        <TimeSpan>
          <begin>2026-02-15T10:37:07+08:00</begin>
          <end>2026-02-15T10:37:08+08:00</end>
        </TimeSpan>
        <Style>
          <IconStyle>
            <color>FF00FFFF</color>
            <scale>0.9</scale>
            <Icon>
              <href>http://maps.google.com/mapfiles/kml/shapes/placemark_circle.png</href>
            </Icon>
          </IconStyle>
        </Style>
        <Point>
          <altitudeMode>clampToGround</altitudeMode>
          <coordinates>114.1494561173021793365478515625,22.27187451906502246856689453125, 745.4000244140625</coordinates>
        </Point>
      </Placemark>
      <Placemark>
        <TimeSpan>
          <begin>2026-02-15T10:37:08+08:00</begin>
          <end>2026-02-15T10:37:10+08:00</end>
        </TimeSpan>
        <Style>
          <IconStyle>
            <color>FF00FFFF</color>
            <scale>0.9</scale>
            <Icon>
              <href>http://maps.google.com/mapfiles/kml/shapes/placemark_circle.png</href>
            </Icon>
          </IconStyle>
        </Style>
        <Point>
          <altitudeMode>clampToGround</altitudeMode>
          <coordinates>114.14943046867847442626953125,22.2718655504286289215087890625, 745.4000244140625</coordinates>
        </Point>
      </Placemark>
      <Placemark>
        <TimeSpan>
          <begin>2026-02-15T10:37:10+08:00</begin>
          <end>2026-02-15T10:37:13+08:00</end>
        </TimeSpan>
        <Style>
          <IconStyle>
            <color>FF00FFFF</color>
            <scale>0.9</scale>
            <Icon>
              <href>http://maps.google.com/mapfiles/kml/shapes/placemark_circle.png</href>
            </Icon>
          </IconStyle>
        </Style>
        <Point>
          <altitudeMode>clampToGround</altitudeMode>
          <coordinates>114.14941144175827503204345703125,22.27184660732746124267578125, 745.20001220703125</coordinates>
        </Point>
      </Placemark>
      <Placemark>
        <TimeSpan>
          <begin>2026-02-15T10:37:13+08:00</begin>
          <end>2026-02-15T10:37:14+08:00</end>
        </TimeSpan>
        <Style>
          <IconStyle>
            <color>FF00FFFF</color>
            <scale>0.9</scale>
            <Icon>
              <href>http://maps.google.com/mapfiles/kml/shapes/placemark_circle.png</href>
            </Icon>
          </IconStyle>
        </Style>
        <Point>
          <altitudeMode>clampToGround</altitudeMode>
          <coordinates>114.14940523914992809295654296875,22.27183311246335506439208984375, 745</coordinates>
        </Point>
      </Placemark>
      <Placemark>
        <TimeSpan>
          <begin>2026-02-15T10:37:14+08:00</begin>
          <end>2026-02-15T10:37:20+08:00</end>
        </TimeSpan>
        <Style>
          <IconStyle>
            <color>FF00FFFF</color>
            <scale>0.9</scale>
            <Icon>
              <href>http://maps.google.com/mapfiles/kml/shapes/placemark_circle.png</href>
            </Icon>
          </IconStyle>
        </Style>
        <Point>
          <altitudeMode>clampToGround</altitudeMode>
          <coordinates>114.14938009344041347503662109375,22.27175013162195682525634765625, 745.20001220703125</coordinates>
        </Point>
      </Placemark>
      <Placemark>
        <TimeSpan>
          <begin>2026-02-15T10:37:20+08:00</begin>
          <end>2026-02-15T10:37:27+08:00</end>
        </TimeSpan>
        <Style>
          <IconStyle>
            <color>FF00FFFF</color>
            <scale>0.9</scale>
            <Icon>
              <href>http://maps.google.com/mapfiles/kml/shapes/placemark_circle.png</href>
            </Icon>
          </IconStyle>
        </Style>
        <Point>
          <altitudeMode>clampToGround</altitudeMode>
          <coordinates>114.14940507151186466217041015625,22.2716637142002582550048828125, 745.20001220703125</coordinates>
        </Point>
      </Placemark>
      <Placemark>
        <TimeSpan>
          <begin>2026-02-15T10:37:27+08:00</begin>
          <end>2026-02-15T10:37:34+08:00</end>
        </TimeSpan>
        <Style>
          <IconStyle>
            <color>FF00FFFF</color>
            <scale>0.9</scale>
            <Icon>
              <href>http://maps.google.com/mapfiles/kml/shapes/placemark_circle.png</href>
            </Icon>
          </IconStyle>
        </Style>
        <Point>
          <altitudeMode>clampToGround</altitudeMode>
          <coordinates>114.149476401507854461669921875,22.27157981134951114654541015625, 745.4000244140625</coordinates>
        </Point>
      </Placemark>
      <Placemark>
        <TimeSpan>
          <begin>2026-02-15T10:37:34+08:00</begin>
          <end>2026-02-15T10:37:35+08:00</end>
        </TimeSpan>
        <Style>
          <IconStyle>
            <color>FF00FFFF</color>
            <scale>0.9</scale>
            <Icon>
              <href>http://maps.google.com/mapfiles/kml/shapes/placemark_circle.png</href>
            </Icon>
          </IconStyle>
        </Style>
        <Point>
          <altitudeMode>clampToGround</altitudeMode>
          <coordinates>114.14948679506778717041015625,22.27156723849475383758544921875, 745.4000244140625</coordinates>
        </Point>
      </Placemark>
      <Placemark>
        <TimeSpan>
          <begin>2026-02-15T10:37:35+08:00</begin>
          <end>2026-02-15T10:37:38+08:00</end>
        </TimeSpan>
        <Style>
          <IconStyle>
            <color>FF00FFFF</color>
            <scale>0.9</scale>
            <Icon>
              <href>http://maps.google.com/mapfiles/kml/shapes/placemark_circle.png</href>
            </Icon>
          </IconStyle>
        </Style>
        <Point>
          <altitudeMode>clampToGround</altitudeMode>
          <coordinates>114.14949811063706874847412109375,22.27151677943766117095947265625, 745.20001220703125</coordinates>
        </Point>
      </Placemark>
      <Placemark>
        <TimeSpan>
          <begin>2026-02-15T10:37:38+08:00</begin>
          <end>2026-02-15T10:37:40+08:00</end>
        </TimeSpan>
        <Style>
          <IconStyle>
            <color>FF00FFFF</color>
            <scale>0.9</scale>
            <Icon>
              <href>http://maps.google.com/mapfiles/kml/shapes/placemark_circle.png</href>
            </Icon>
          </IconStyle>
        </Style>
        <Point>
          <altitudeMode>clampToGround</altitudeMode>
          <coordinates>114.14949710480868816375732421875,22.27149121463298797607421875, 745</coordinates>
        </Point>
      </Placemark>
      <Placemark>
        <TimeSpan>
          <begin>2026-02-15T10:37:40+08:00</begin>
          <end>2026-02-15T10:37:44+08:00</end>
        </TimeSpan>
        <Style>
          <IconStyle>
            <color>FF00FFFF</color>
            <scale>0.9</scale>
            <Icon>
              <href>http://maps.google.com/mapfiles/kml/shapes/placemark_circle.png</href>
            </Icon>
          </IconStyle>
        </Style>
        <Point>
          <altitudeMode>clampToGround</altitudeMode>
          <coordinates>114.14954370819032192230224609375,22.2714216448366641998291015625, 745</coordinates>
        </Point>
      </Placemark>
      <Placemark>
        <TimeSpan>
          <begin>2026-02-15T10:37:44+08:00</begin>
          <end>2026-02-15T10:37:50+08:00</end>
        </TimeSpan>
        <Style>
          <IconStyle>
            <color>FF00FFFF</color>
            <scale>0.9</scale>
            <Icon>
              <href>http://maps.google.com/mapfiles/kml/shapes/placemark_circle.png</href>
            </Icon>
          </IconStyle>
        </Style>
        <Point>
          <altitudeMode>clampToGround</altitudeMode>
          <coordinates>114.14955091662704944610595703125,22.271351404488086700439453125, 745.20001220703125</coordinates>
        </Point>
      </Placemark>
      <Placemark>
        <TimeSpan>
          <begin>2026-02-15T10:37:50+08:00</begin>
          <end>2026-02-15T10:37:51+08:00</end>
        </TimeSpan>
        <Style>
          <IconStyle>
            <color>FF00FFFF</color>
            <scale>0.9</scale>
            <Icon>
              <href>http://maps.google.com/mapfiles/kml/shapes/placemark_circle.png</href>
            </Icon>
          </IconStyle>
        </Style>
        <Point>
          <altitudeMode>clampToGround</altitudeMode>
          <coordinates>114.1495563648641109466552734375,22.27133698761463165283203125, 745.20001220703125</coordinates>
        </Point>
      </Placemark>
      <Placemark>
        <TimeSpan>
          <begin>2026-02-15T10:37:51+08:00</begin>
          <end>2026-02-15T10:37:53+08:00</end>
        </TimeSpan>
        <Style>
          <IconStyle>
            <color>FF00FFFF</color>
            <scale>0.9</scale>
            <Icon>
              <href>http://maps.google.com/mapfiles/kml/shapes/placemark_circle.png</href>
            </Icon>
          </IconStyle>
        </Style>
        <Point>
          <altitudeMode>clampToGround</altitudeMode>
          <coordinates>114.14956097491085529327392578125,22.27131695486605167388916015625, 745.20001220703125</coordinates>
        </Point>
      </Placemark>
      <Placemark>
        <TimeSpan>
          <begin>2026-02-15T10:37:53+08:00</begin>
          <end>2026-02-15T10:37:56+08:00</end>
        </TimeSpan>
        <Style>
          <IconStyle>
            <color>FF00FFFF</color>
            <scale>0.9</scale>
            <Icon>
              <href>http://maps.google.com/mapfiles/kml/shapes/placemark_circle.png</href>
            </Icon>
          </IconStyle>
        </Style>
        <Point>
          <altitudeMode>clampToGround</altitudeMode>
          <coordinates>114.14958092384040355682373046875,22.27130572311580181121826171875, 745.20001220703125</coordinates>
        </Point>
      </Placemark>
      <Placemark>
        <TimeSpan>
          <begin>2026-02-15T10:37:56+08:00</begin>
          <end>2026-02-15T10:37:59+08:00</end>
        </TimeSpan>
        <Style>
          <IconStyle>
            <color>FF00FFFF</color>
            <scale>0.9</scale>
            <Icon>
              <href>http://maps.google.com/mapfiles/kml/shapes/placemark_circle.png</href>
            </Icon>
          </IconStyle>
        </Style>
        <Point>
          <altitudeMode>clampToGround</altitudeMode>
          <coordinates>114.14957036264240741729736328125,22.27130220271646976470947265625, 745.4000244140625</coordinates>
        </Point>
      </Placemark>
      <Placemark>
        <TimeSpan>
          <begin>2026-02-15T10:37:59+08:00</begin>
          <end>2026-02-15T10:38:01+08:00</end>
        </TimeSpan>
        <Style>
          <IconStyle>
            <color>FF00FFFF</color>
            <scale>0.9</scale>
            <Icon>
              <href>http://maps.google.com/mapfiles/kml/shapes/placemark_circle.png</href>
            </Icon>
          </IconStyle>
        </Style>
        <Point>
          <altitudeMode>clampToGround</altitudeMode>
          <coordinates>114.1495732963085174560546875,22.27127672173082828521728515625, 745.4000244140625</coordinates>
        </Point>
      </Placemark>
      <Placemark>
        <TimeSpan>
          <begin>2026-02-15T10:38:01+08:00</begin>
          <end>2026-02-15T10:38:02+08:00</end>
        </TimeSpan>
        <Style>
          <IconStyle>
            <color>FF00FFFF</color>
            <scale>0.9</scale>
            <Icon>
              <href>http://maps.google.com/mapfiles/kml/shapes/placemark_circle.png</href>
            </Icon>
          </IconStyle>
        </Style>
        <Point>
          <altitudeMode>clampToGround</altitudeMode>
          <coordinates>114.1495908983051776885986328125,22.2712694294750690460205078125, 745.4000244140625</coordinates>
        </Point>
      </Placemark>
      <Placemark>
        <TimeSpan>
          <begin>2026-02-15T10:38:02+08:00</begin>
          <end>2026-02-15T10:38:05+08:00</end>
        </TimeSpan>
        <Style>
          <IconStyle>
            <color>FF00FFFF</color>
            <scale>0.9</scale>
            <Icon>
              <href>http://maps.google.com/mapfiles/kml/shapes/placemark_circle.png</href>
            </Icon>
          </IconStyle>
        </Style>
        <Point>
          <altitudeMode>clampToGround</altitudeMode>
          <coordinates>114.1496116854250431060791015625,22.27124587632715702056884765625, 745.4000244140625</coordinates>
        </Point>
      </Placemark>
      <Placemark>
        <TimeSpan>
          <begin>2026-02-15T10:38:05+08:00</begin>
          <end>2026-02-15T10:38:10+08:00</end>
        </TimeSpan>
        <Style>
          <IconStyle>
            <color>FF00FFFF</color>
            <scale>0.9</scale>
            <Icon>
              <href>http://maps.google.com/mapfiles/kml/shapes/placemark_circle.png</href>
            </Icon>
          </IconStyle>
        </Style>
        <Point>
          <altitudeMode>clampToGround</altitudeMode>
          <coordinates>114.1496180556714534759521484375,22.2711919806897640228271484375, 745.20001220703125</coordinates>
        </Point>
      </Placemark>
      <Placemark>
        <TimeSpan>
          <begin>2026-02-15T10:38:10+08:00</begin>
          <end>2026-02-15T10:38:12+08:00</end>
        </TimeSpan>
        <Style>
          <IconStyle>
            <color>FF00FFFF</color>
            <scale>0.9</scale>
            <Icon>
              <href>http://maps.google.com/mapfiles/kml/shapes/placemark_circle.png</href>
            </Icon>
          </IconStyle>
        </Style>
        <Point>
          <altitudeMode>clampToGround</altitudeMode>
          <coordinates>114.1496200673282146453857421875,22.27116356603801250457763671875, 745.20001220703125</coordinates>
        </Point>
      </Placemark>
      <Placemark>
        <TimeSpan>
          <begin>2026-02-15T10:38:12+08:00</begin>
          <end>2026-02-15T10:38:13+08:00</end>
        </TimeSpan>
        <Style>
          <IconStyle>
            <color>FF00FFFF</color>
            <scale>0.9</scale>
            <Icon>
              <href>http://maps.google.com/mapfiles/kml/shapes/placemark_circle.png</href>
            </Icon>
          </IconStyle>
        </Style>
        <Point>
          <altitudeMode>clampToGround</altitudeMode>
          <coordinates>114.14962987415492534637451171875,22.2711561061441898345947265625, 745.20001220703125</coordinates>
        </Point>
      </Placemark>
      <Placemark>
        <TimeSpan>
          <begin>2026-02-15T10:38:13+08:00</begin>
          <end>2026-02-15T10:38:15+08:00</end>
        </TimeSpan>
        <Style>
          <IconStyle>
            <color>FF00FFFF</color>
            <scale>0.9</scale>
            <Icon>
              <href>http://maps.google.com/mapfiles/kml/shapes/placemark_circle.png</href>
            </Icon>
          </IconStyle>
        </Style>
        <Point>
          <altitudeMode>clampToGround</altitudeMode>
          <coordinates>114.14964362047612667083740234375,22.27112702094018459320068359375, 745.20001220703125</coordinates>
        </Point>
      </Placemark>
      <Placemark>
        <TimeSpan>
          <begin>2026-02-15T10:38:15+08:00</begin>
          <end>2026-02-15T10:38:16+08:00</end>
        </TimeSpan>
        <Style>
          <IconStyle>
            <color>FF00FFFF</color>
            <scale>0.9</scale>
            <Icon>
              <href>http://maps.google.com/mapfiles/kml/shapes/placemark_circle.png</href>
            </Icon>
          </IconStyle>
        </Style>
        <Point>
          <altitudeMode>clampToGround</altitudeMode>
          <coordinates>114.14965334348380565643310546875,22.27111947722733020782470703125, 745.20001220703125</coordinates>
        </Point>
      </Placemark>
      <Placemark>
        <TimeSpan>
          <begin>2026-02-15T10:38:16+08:00</begin>
          <end>2026-02-15T10:38:18+08:00</end>
        </TimeSpan>
        <Style>
          <IconStyle>
            <color>FF00FFFF</color>
            <scale>0.9</scale>
            <Icon>
              <href>http://maps.google.com/mapfiles/kml/shapes/placemark_circle.png</href>
            </Icon>
          </IconStyle>
        </Style>
        <Point>
          <altitudeMode>clampToGround</altitudeMode>
          <coordinates>114.14968393743038177490234375,22.2711048088967800140380859375, 745.4000244140625</coordinates>
        </Point>
      </Placemark>
      <Placemark>
        <TimeSpan>
          <begin>2026-02-15T10:38:18+08:00</begin>
          <end>2026-02-15T10:38:21+08:00</end>
        </TimeSpan>
        <Style>
          <IconStyle>
            <color>FF00FFFF</color>
            <scale>0.9</scale>
            <Icon>
              <href>http://maps.google.com/mapfiles/kml/shapes/placemark_circle.png</href>
            </Icon>
          </IconStyle>
        </Style>
        <Point>
          <altitudeMode>clampToGround</altitudeMode>
          <coordinates>114.149723835289478302001953125,22.2710907272994518280029296875, 745.4000244140625</coordinates>
        </Point>
      </Placemark>
      <Placemark>
        <TimeSpan>
          <begin>2026-02-15T10:38:21+08:00</begin>
          <end>2026-02-15T10:38:22+08:00</end>
        </TimeSpan>
        <Style>
          <IconStyle>
            <color>FF00FFFF</color>
            <scale>0.9</scale>
            <Icon>
              <href>http://maps.google.com/mapfiles/kml/shapes/placemark_circle.png</href>
            </Icon>
          </IconStyle>
        </Style>
        <Point>
          <altitudeMode>clampToGround</altitudeMode>
          <coordinates>114.14974018000066280364990234375,22.2710897214710712432861328125, 745.5999755859375</coordinates>
        </Point>
      </Placemark>
      <Placemark>
        <TimeSpan>
          <begin>2026-02-15T10:38:22+08:00</begin>
          <end>2026-02-15T10:38:27+08:00</end>
        </TimeSpan>
        <Style>
          <IconStyle>
            <color>FF00FFFF</color>
            <scale>0.9</scale>
            <Icon>
              <href>http://maps.google.com/mapfiles/kml/shapes/placemark_circle.png</href>
            </Icon>
          </IconStyle>
        </Style>
        <Point>
          <altitudeMode>clampToGround</altitudeMode>
          <coordinates>114.1498178802430629730224609375,22.271094582974910736083984375, 745.79998779296875</coordinates>
        </Point>
      </Placemark>
      <Placemark>
        <TimeSpan>
          <begin>2026-02-15T10:38:27+08:00</begin>
          <end>2026-02-15T10:38:29+08:00</end>
        </TimeSpan>
        <Style>
          <IconStyle>
            <color>FF00FFFF</color>
            <scale>0.9</scale>
            <Icon>
              <href>http://maps.google.com/mapfiles/kml/shapes/placemark_circle.png</href>
            </Icon>
          </IconStyle>
        </Style>
        <Point>
          <altitudeMode>clampToGround</altitudeMode>
          <coordinates>114.149843864142894744873046875,22.2710954211652278900146484375, 746</coordinates>
        </Point>
      </Placemark>
      <Placemark>
        <TimeSpan>
          <begin>2026-02-15T10:38:29+08:00</begin>
          <end>2026-02-15T10:38:31+08:00</end>
        </TimeSpan>
        <Style>
          <IconStyle>
            <color>FF00FFFF</color>
            <scale>0.9</scale>
            <Icon>
              <href>http://maps.google.com/mapfiles/kml/shapes/placemark_circle.png</href>
            </Icon>
          </IconStyle>
        </Style>
        <Point>
          <altitudeMode>clampToGround</altitudeMode>
          <coordinates>114.149877727031707763671875,22.27108846418559551239013671875, 746.4000244140625</coordinates>
        </Point>
      </Placemark>
      <Placemark>
        <TimeSpan>
          <begin>2026-02-15T10:38:31+08:00</begin>
          <end>2026-02-15T10:38:33+08:00</end>
        </TimeSpan>
        <Style>
          <IconStyle>
            <color>FF00FFFF</color>
            <scale>0.9</scale>
            <Icon>
              <href>http://maps.google.com/mapfiles/kml/shapes/placemark_circle.png</href>
            </Icon>
          </IconStyle>
        </Style>
        <Point>
          <altitudeMode>clampToGround</altitudeMode>
          <coordinates>114.14988803677260875701904296875,22.271077819168567657470703125, 746.4000244140625</coordinates>
        </Point>
      </Placemark>
      <Placemark>
        <TimeSpan>
          <begin>2026-02-15T10:38:33+08:00</begin>
          <end>2026-02-15T10:38:34+08:00</end>
        </TimeSpan>
        <Style>
          <IconStyle>
            <color>FF00FFFF</color>
            <scale>0.9</scale>
            <Icon>
              <href>http://maps.google.com/mapfiles/kml/shapes/placemark_circle.png</href>
            </Icon>
          </IconStyle>
        </Style>
        <Point>
          <altitudeMode>clampToGround</altitudeMode>
          <coordinates>114.14990195073187351226806640625,22.27107421495020389556884765625, 746.5999755859375</coordinates>
        </Point>
      </Placemark>
      <Placemark>
        <TimeSpan>
          <begin>2026-02-15T10:38:34+08:00</begin>
          <end>2026-02-15T10:38:36+08:00</end>
        </TimeSpan>
        <Style>
          <IconStyle>
            <color>FF00FFFF</color>
            <scale>0.9</scale>
            <Icon>
              <href>http://maps.google.com/mapfiles/kml/shapes/placemark_circle.png</href>
            </Icon>
          </IconStyle>
        </Style>
        <Point>
          <altitudeMode>clampToGround</altitudeMode>
          <coordinates>114.1499298624694347381591796875,22.2710655815899372100830078125, 746.5999755859375</coordinates>
        </Point>
      </Placemark>
      <Placemark>
        <TimeSpan>
          <begin>2026-02-15T10:38:36+08:00</begin>
          <end>2026-02-15T10:38:37+08:00</end>
        </TimeSpan>
        <Style>
          <IconStyle>
            <color>FF00FFFF</color>
            <scale>0.9</scale>
            <Icon>
              <href>http://maps.google.com/mapfiles/kml/shapes/placemark_circle.png</href>
            </Icon>
          </IconStyle>
        </Style>
        <Point>
          <altitudeMode>clampToGround</altitudeMode>
          <coordinates>114.14994235150516033172607421875,22.27106465958058834075927734375, 746.4000244140625</coordinates>
        </Point>
      </Placemark>
      <Placemark>
        <TimeSpan>
          <begin>2026-02-15T10:38:37+08:00</begin>
          <end>2026-02-15T10:38:39+08:00</end>
        </TimeSpan>
        <Style>
          <IconStyle>
            <color>FF00FFFF</color>
            <scale>0.9</scale>
            <Icon>
              <href>http://maps.google.com/mapfiles/kml/shapes/placemark_circle.png</href>
            </Icon>
          </IconStyle>
        </Style>
        <Point>
          <altitudeMode>clampToGround</altitudeMode>
          <coordinates>114.14996330626308917999267578125,22.2710632346570491790771484375, 746.20001220703125</coordinates>
        </Point>
      </Placemark>
      <Placemark>
        <TimeSpan>
          <begin>2026-02-15T10:38:39+08:00</begin>
          <end>2026-02-15T10:38:40+08:00</end>
        </TimeSpan>
        <Style>
          <IconStyle>
            <color>FF00FFFF</color>
            <scale>0.9</scale>
            <Icon>
              <href>http://maps.google.com/mapfiles/kml/shapes/placemark_circle.png</href>
            </Icon>
          </IconStyle>
        </Style>
        <Point>
          <altitudeMode>clampToGround</altitudeMode>
          <coordinates>114.149969927966594696044921875,22.27106046862900257110595703125, 746.20001220703125</coordinates>
        </Point>
      </Placemark>
      <Placemark>
        <TimeSpan>
          <begin>2026-02-15T10:38:40+08:00</begin>
          <end>2026-02-15T10:38:45+08:00</end>
        </TimeSpan>
        <Style>
          <IconStyle>
            <color>FF00FFFF</color>
            <scale>0.9</scale>
            <Icon>
              <href>http://maps.google.com/mapfiles/kml/shapes/placemark_circle.png</href>
            </Icon>
          </IconStyle>
        </Style>
        <Point>
          <altitudeMode>clampToGround</altitudeMode>
          <coordinates>114.149964563548564910888671875,22.27105937898159027099609375, 746.4000244140625</coordinates>
        </Point>
      </Placemark>
      <Placemark>
        <TimeSpan>
          <begin>2026-02-15T10:38:45+08:00</begin>
          <end>2026-02-15T10:38:48+08:00</end>
        </TimeSpan>
        <Style>
          <IconStyle>
            <color>FF00FFFF</color>
            <scale>0.9</scale>
            <Icon>
              <href>http://maps.google.com/mapfiles/kml/shapes/placemark_circle.png</href>
            </Icon>
          </IconStyle>
        </Style>
        <Point>
          <altitudeMode>clampToGround</altitudeMode>
          <coordinates>114.1499516554176807403564453125,22.2710602171719074249267578125, 746.5999755859375</coordinates>
        </Point>
      </Placemark>
      <Placemark>
        <TimeSpan>
          <begin>2026-02-15T10:38:48+08:00</begin>
          <end>2026-02-15T10:38:49+08:00</end>
        </TimeSpan>
        <Style>
          <IconStyle>
            <color>FF00FFFF</color>
            <scale>0.9</scale>
            <Icon>
              <href>http://maps.google.com/mapfiles/kml/shapes/placemark_circle.png</href>
            </Icon>
          </IconStyle>
        </Style>
        <Point>
          <altitudeMode>clampToGround</altitudeMode>
          <coordinates>114.14995081722736358642578125,22.271061725914478302001953125, 746.5999755859375</coordinates>
        </Point>
      </Placemark>
      <Placemark>
        <TimeSpan>
          <begin>2026-02-15T10:38:55+08:00</begin>
          <end>2026-02-15T10:39:04+08:00</end>
        </TimeSpan>
        <Style>
          <IconStyle>
            <color>FF00FFFF</color>
            <scale>0.9</scale>
            <Icon>
              <href>http://maps.google.com/mapfiles/kml/shapes/placemark_circle.png</href>
            </Icon>
          </IconStyle>
        </Style>
        <Point>
          <altitudeMode>clampToGround</altitudeMode>
          <coordinates>114.150177799165248870849609375,22.2710957564413547515869140625, 746</coordinates>
        </Point>
      </Placemark>
      <Placemark>
        <TimeSpan>
          <begin>2026-02-15T10:39:04+08:00</begin>
          <end>2026-02-15T10:39:05+08:00</end>
        </TimeSpan>
        <Style>
          <IconStyle>
            <color>FF00FFFF</color>
            <scale>0.9</scale>
            <Icon>
              <href>http://maps.google.com/mapfiles/kml/shapes/placemark_circle.png</href>
            </Icon>
          </IconStyle>
        </Style>
        <Point>
          <altitudeMode>clampToGround</altitudeMode>
          <coordinates>114.15016849525272846221923828125,22.271103300154209136962890625, 745.5999755859375</coordinates>
        </Point>
      </Placemark>
      <Placemark>
        <TimeSpan>
          <begin>2026-02-15T10:39:05+08:00</begin>
          <end>2026-02-15T10:39:07+08:00</end>
        </TimeSpan>
        <Style>
          <IconStyle>
            <color>FF00FFFF</color>
            <scale>0.9</scale>
            <Icon>
              <href>http://maps.google.com/mapfiles/kml/shapes/placemark_circle.png</href>
            </Icon>
          </IconStyle>
        </Style>
        <Point>
          <altitudeMode>clampToGround</altitudeMode>
          <coordinates>114.15014854632318019866943359375,22.27107681334018707275390625, 745.4000244140625</coordinates>
        </Point>
      </Placemark>
      <Placemark>
        <TimeSpan>
          <begin>2026-02-15T10:39:07+08:00</begin>
          <end>2026-02-15T10:39:10+08:00</end>
        </TimeSpan>
        <Style>
          <IconStyle>
            <color>FF00FFFF</color>
            <scale>0.9</scale>
            <Icon>
              <href>http://maps.google.com/mapfiles/kml/shapes/placemark_circle.png</href>
            </Icon>
          </IconStyle>
        </Style>
        <Point>
          <altitudeMode>clampToGround</altitudeMode>
          <coordinates>114.150129519402980804443359375,22.27105803787708282470703125, 745.4000244140625</coordinates>
        </Point>
      </Placemark>
      <Placemark>
        <TimeSpan>
          <begin>2026-02-15T10:39:10+08:00</begin>
          <end>2026-02-15T10:39:11+08:00</end>
        </TimeSpan>
        <Style>
          <IconStyle>
            <color>FF00FFFF</color>
            <scale>0.9</scale>
            <Icon>
              <href>http://maps.google.com/mapfiles/kml/shapes/placemark_circle.png</href>
            </Icon>
          </IconStyle>
        </Style>
        <Point>
          <altitudeMode>clampToGround</altitudeMode>
          <coordinates>114.1501273401081562042236328125,22.27106046862900257110595703125, 745.4000244140625</coordinates>
        </Point>
      </Placemark>
      <Placemark>
        <TimeSpan>
          <begin>2026-02-15T10:39:11+08:00</begin>
          <end>2026-02-15T10:39:14+08:00</end>
        </TimeSpan>
        <Style>
          <IconStyle>
            <color>FF00FFFF</color>
            <scale>0.9</scale>
            <Icon>
              <href>http://maps.google.com/mapfiles/kml/shapes/placemark_circle.png</href>
            </Icon>
          </IconStyle>
        </Style>
        <Point>
          <altitudeMode>clampToGround</altitudeMode>
          <coordinates>114.1501306928694248199462890625,22.271046973764896392822265625, 745.4000244140625</coordinates>
        </Point>
      </Placemark>
      <Placemark>
        <TimeSpan>
          <begin>2026-02-15T10:39:15+08:00</begin>
          <end>2026-02-15T10:39:20+08:00</end>
        </TimeSpan>
        <Style>
          <IconStyle>
            <color>FF00FFFF</color>
            <scale>0.9</scale>
            <Icon>
              <href>http://maps.google.com/mapfiles/kml/shapes/placemark_circle.png</href>
            </Icon>
          </IconStyle>
        </Style>
        <Point>
          <altitudeMode>clampToGround</altitudeMode>
          <coordinates>114.1501588560640811920166015625,22.27096323855221271514892578125, 745.5999755859375</coordinates>
        </Point>
      </Placemark>
      <Placemark>
        <TimeSpan>
          <begin>2026-02-15T10:39:20+08:00</begin>
          <end>2026-02-15T10:39:21+08:00</end>
        </TimeSpan>
        <Style>
          <IconStyle>
            <color>FF00FFFF</color>
            <scale>0.9</scale>
            <Icon>
              <href>http://maps.google.com/mapfiles/kml/shapes/placemark_circle.png</href>
            </Icon>
          </IconStyle>
        </Style>
        <Point>
          <altitudeMode>clampToGround</altitudeMode>
          <coordinates>114.15015324018895626068115234375,22.2709720395505428314208984375, 745.4000244140625</coordinates>
        </Point>
      </Placemark>
      <Placemark>
        <TimeSpan>
          <begin>2026-02-15T10:39:21+08:00</begin>
          <end>2026-02-15T10:39:22+08:00</end>
        </TimeSpan>
        <Style>
          <IconStyle>
            <color>FF00FFFF</color>
            <scale>0.9</scale>
            <Icon>
              <href>http://maps.google.com/mapfiles/kml/shapes/placemark_circle.png</href>
            </Icon>
          </IconStyle>
        </Style>
        <Point>
          <altitudeMode>clampToGround</altitudeMode>
          <coordinates>114.15015458129346370697021484375,22.27097094990313053131103515625, 745.4000244140625</coordinates>
        </Point>
      </Placemark>
      <Placemark>
        <TimeSpan>
          <begin>2026-02-15T10:39:22+08:00</begin>
          <end>2026-02-15T10:39:31+08:00</end>
        </TimeSpan>
        <Style>
          <IconStyle>
            <color>FF00FFFF</color>
            <scale>0.9</scale>
            <Icon>
              <href>http://maps.google.com/mapfiles/kml/shapes/placemark_circle.png</href>
            </Icon>
          </IconStyle>
        </Style>
        <Point>
          <altitudeMode>clampToGround</altitudeMode>
          <coordinates>114.1501484625041484832763671875,22.27100229822099208831787109375, 744.79998779296875</coordinates>
        </Point>
      </Placemark>
      <Placemark>
        <TimeSpan>
          <begin>2026-02-15T10:39:31+08:00</begin>
          <end>2026-02-15T10:39:34+08:00</end>
        </TimeSpan>
        <Style>
          <IconStyle>
            <color>FF00FFFF</color>
            <scale>0.9</scale>
            <Icon>
              <href>http://maps.google.com/mapfiles/kml/shapes/placemark_circle.png</href>
            </Icon>
          </IconStyle>
        </Style>
        <Point>
          <altitudeMode>clampToGround</altitudeMode>
          <coordinates>114.15014971978962421417236328125,22.27099961601197719573974609375, 743.5999755859375</coordinates>
        </Point>
      </Placemark>
    </Folder>
  </Folder>
</kml>
